code,name,price,prev_close,open,volume,high,low,amount,pct_change,turnover
600000,浦发银行,9.1,9.18,9.14,436231.0,9.13,1836.0,-0.08,-0.87,9.17
600004,白云机场,7.48,7.53,7.53,68763.0,7.51,85.0,-0.05,-0.66,7.54
600006,东风股份,5.32,5.39,5.41,130600.0,5.35,1634.0,-0.07,-1.3,5.41
600007,中国国贸,18.44,18.31,18.3,15538.0,18.46,81.0,0.13,0.71,18.5
600008,首创环保,2.81,2.84,2.83,521196.0,2.84,29627.0,-0.03,-1.06,2.84
600009,上海机场,23.12,23.41,23.4,87181.0,23.15,175.0,-0.29,-1.24,23.42
600010,包钢股份,2.24,2.21,2.21,3736680.0,2.26,429852.0,0.03,1.36,2.26
600011,华能国际,6.84,6.92,6.92,723000.0,6.87,4866.0,-0.08,-1.16,6.93
600012,皖通高速,16.15,16.48,16.44,57967.0,16.19,148.0,-0.33,-2.0,16.48
600015,华夏银行,6.61,6.66,6.64,550596.0,6.64,5504.0,-0.05,-0.75,6.65
600016,民生银行,3.42,3.47,3.46,2094848.0,3.45,60604.0,-0.05,-1.44,3.47
600017,日照港,2.66,2.67,2.67,176561.0,2.69,12646.0,-0.01,-0.37,2.68
600018,上港集团,5.07,5.1,5.08,287102.0,5.11,6610.0,-0.03,-0.59,5.13
600019,宝钢股份,5.75,5.67,5.66,1271156.0,5.78,11962.0,0.08,1.41,5.8
600020,中原高速,3.75,3.76,3.77,84228.0,3.77,12169.0,-0.01,-0.27,3.78
600021,上海电力,14.16,14.53,14.49,436743.0,14.18,1619.0,-0.37,-2.55,14.49
600022,山东钢铁,1.33,1.33,1.34,543617.0,1.35,91422.0,0.0,0.0,1.34
600023,浙能电力,4.91,4.96,4.96,273663.0,4.94,8451.0,-0.05,-1.01,4.96
600025,华能水电,9.61,9.71,9.68,160722.0,9.64,609.0,-0.1,-1.03,9.68
600026,中远海能,16.7,16.75,16.99,314409.0,16.72,86.0,-0.05,-0.3,17.03
600027,华电国际,4.54,4.6,4.58,506260.0,4.57,13106.0,-0.06,-1.3,4.59
600028,中国石化,5.0,4.99,4.98,1594947.0,5.03,50039.0,0.01,0.2,5.03
600029,南方航空,5.02,5.05,5.05,438056.0,5.05,11158.0,-0.03,-0.59,5.06
600030,中信证券,27.31,27.84,27.82,1287368.0,27.34,221.0,-0.53,-1.9,27.93
600031,三一重工,18.75,18.72,18.7,474216.0,18.78,1482.0,0.03,0.16,18.84
600032,浙江新能,7.14,7.43,7.4,391351.0,7.17,750.0,-0.29,-3.9,7.46
600033,福建高速,3.49,3.5,3.51,141537.0,3.52,8495.0,-0.01,-0.29,3.52
600035,楚天高速,3.4,3.42,3.42,82443.0,3.43,3081.0,-0.02,-0.58,3.43
600036,招商银行,38.46,38.77,38.65,486802.0,38.49,558.0,-0.31,-0.8,38.75
600037,歌华有线,7.0,7.07,7.09,123940.0,7.03,642.0,-0.07,-0.99,7.11
600038,中直股份,26.75,26.59,26.6,69739.0,26.77,37.0,0.16,0.6,27.2
600039,四川路桥,8.35,8.38,8.39,71215.0,8.38,401.0,-0.03,-0.36,8.4
600048,保利发展,5.27,5.33,5.31,1040045.0,5.3,19738.0,-0.06,-1.13,5.31
600050,中国联通,4.34,4.3,4.3,1280672.0,4.37,42602.0,0.04,0.93,4.36
600051,宁波联合,6.18,6.17,6.17,43781.0,6.21,385.0,0.01,0.16,6.22
600052,东望时代,4.01,3.94,4.06,155215.0,4.03,1710.0,0.07,1.78,4.06
600054,黄山旅游,11.17,11.2,11.17,49340.0,11.19,151.0,-0.03,-0.27,11.22
600055,万东医疗,11.38,11.49,11.55,59105.0,11.41,315.0,-0.11,-0.96,11.58
600056,中国医药,9.53,9.57,9.57,213929.0,9.56,365.0,-0.04,-0.42,9.73
600057,厦门象屿,6.15,6.25,6.26,103332.0,6.18,430.0,-0.1,-1.6,6.26
600058,五矿发展,10.8,10.66,10.79,120113.0,10.83,38.0,0.14,1.31,11.02
600059,古越龙山,8.2,8.42,8.5,293381.0,8.23,187.0,-0.22,-2.61,8.57
600060,海信视像,25.48,25.85,25.83,59252.0,25.54,10.0,-0.37,-1.43,25.83
600061,国投资本,6.36,6.46,6.45,270692.0,6.39,3345.0,-0.1,-1.55,6.48
600062,华润双鹤,16.0,16.42,16.39,139167.0,16.03,54.0,-0.42,-2.56,16.44
600063,皖维高新,5.98,5.98,5.98,391648.0,6.01,4983.0,0.0,0.0,6.01
600064,南京高科,7.53,7.58,7.59,97204.0,7.57,117.0,-0.05,-0.66,7.59
600066,宇通客车,28.69,29.21,29.08,226667.0,28.73,68.0,-0.52,-1.78,29.26
600067,冠城新材,2.8,2.81,2.83,159818.0,2.83,1327.0,-0.01,-0.36,2.84
600071,凤凰光学,15.76,15.73,15.73,16223.0,15.78,74.0,0.03,0.19,15.89
600072,中船科技,8.78,8.88,8.86,169049.0,8.81,1381.0,-0.1,-1.13,9.01
600073,光明肉业,5.22,5.31,5.28,169128.0,5.25,441.0,-0.09,-1.69,5.32
600075,新疆天业,4.42,4.47,4.46,151366.0,4.45,2313.0,-0.05,-1.12,4.47
600076,康欣新材,3.12,3.11,3.14,175758.0,3.14,1633.0,0.01,0.32,3.15
600078,澄星股份,10.92,10.93,10.84,181330.0,10.94,438.0,-0.01,-0.09,10.92
600081,东风科技,10.21,10.0,9.96,30446.0,10.23,110.0,0.21,2.1,10.22
600085,同仁堂,24.48,24.84,24.74,90213.0,24.5,137.0,-0.36,-1.45,24.86
600088,中视传媒,11.88,11.8,11.75,104063.0,11.91,16.0,0.08,0.68,12.28
600089,特变电工,20.87,21.01,20.98,690222.0,20.9,3035.0,-0.14,-0.67,21.0
600094,大名城,4.21,4.12,4.15,242864.0,4.24,895.0,0.09,2.18,4.28
600095,湘财股份,7.94,8.15,8.13,337103.0,7.96,629.0,-0.21,-2.58,8.18
600096,云天化,28.89,28.8,28.8,120163.0,28.91,77.0,0.09,0.31,29.2
600097,开创国际,8.6,8.49,8.49,47624.0,8.62,20.0,0.11,1.3,8.6
600098,广州发展,6.2,6.22,6.22,210889.0,6.22,473.0,-0.02,-0.32,6.25
600099,林海股份,8.96,8.81,8.85,29001.0,8.99,369.0,0.15,1.7,8.98
600100,同方股份,6.92,6.94,6.96,228508.0,6.95,1568.0,-0.02,-0.29,7.0
600101,明星电力,8.01,8.2,8.21,135602.0,8.04,334.0,-0.19,-2.32,8.21
600103,青山纸业,2.95,2.95,2.94,791822.0,2.97,5631.0,0.0,0.0,2.98
600104,上汽集团,10.1,10.17,10.15,282863.0,10.13,4557.0,-0.07,-0.69,10.19
600105,永鼎股份,41.33,40.76,41.55,1781102.0,41.36,296.0,0.57,1.4,41.97
600106,重庆路桥,4.4,4.44,4.44,108355.0,4.42,1932.0,-0.04,-0.9,4.47
600108,亚盛集团,3.13,3.17,3.17,568743.0,3.16,4160.0,-0.04,-1.26,3.18
600109,国金证券,8.64,8.78,8.79,203584.0,8.67,565.0,-0.14,-1.59,8.82
600110,诺德股份,10.36,10.16,10.17,1088618.0,10.38,2722.0,0.2,1.97,10.37
600111,北方稀土,42.66,41.02,41.02,1059421.0,42.68,3323.0,1.64,4.0,42.98
600113,浙江东日,31.58,31.47,31.45,36080.0,31.64,49.0,0.11,0.35,31.88
600114,东睦股份,30.02,29.29,29.29,165448.0,30.04,67.0,0.73,2.49,30.25
600115,中国东航,3.53,3.57,3.57,1252416.0,3.56,17505.0,-0.04,-1.12,3.58
600116,三峡水利,6.42,6.54,6.57,132595.0,6.45,1067.0,-0.12,-1.83,6.58
600117,西宁特钢,2.24,2.24,2.24,123556.0,2.26,3049.0,0.0,0.0,2.25
600118,中国卫星,66.84,66.1,66.59,263864.0,66.87,314.0,0.74,1.12,67.97
600120,浙江东方,5.02,5.07,5.06,282372.0,5.05,3161.0,-0.05,-0.99,5.07
600121,郑州煤电,3.92,3.95,3.96,496067.0,3.94,2300.0,-0.03,-0.76,3.97
600123,兰花科创,7.26,7.2,7.2,166181.0,7.28,2023.0,0.06,0.83,7.28
600125,铁龙物流,5.43,5.48,5.49,57534.0,5.46,1979.0,-0.05,-0.91,5.49
600126,杭钢股份,7.38,6.97,6.93,1915562.0,7.41,2202.0,0.41,5.88,7.5
600127,金健米业,5.87,6.11,6.06,329665.0,5.9,1937.0,-0.24,-3.93,6.1
600128,苏豪弘业,8.17,8.18,8.18,26415.0,8.19,76.0,-0.01,-0.12,8.25
600129,太极集团,17.02,16.61,16.4,606732.0,17.04,86.0,0.41,2.47,17.15
600130,波导股份,4.37,4.37,4.4,244715.0,4.39,551.0,0.0,0.0,4.43
600131,国网信通,15.57,15.66,15.68,64789.0,15.6,133.0,-0.09,-0.57,15.75
600132,重庆啤酒,42.84,43.17,43.27,24883.0,42.9,27.0,-0.33,-0.76,43.29
600133,东湖高新,8.43,8.51,8.5,173683.0,8.46,353.0,-0.08,-0.94,8.54
600135,乐凯胶片,7.39,7.4,7.43,54790.0,7.42,401.0,-0.01,-0.14,7.5
600137,浪莎股份,17.71,17.71,17.73,8983.0,17.73,77.0,0.0,0.0,17.9
600138,中青旅,7.05,7.11,7.1,85784.0,7.08,56.0,-0.06,-0.84,7.13
600141,兴发集团,30.81,30.9,30.88,218083.0,30.84,61.0,-0.09,-0.29,31.12
600143,金发科技,15.23,15.35,15.43,264755.0,15.26,402.0,-0.12,-0.78,15.45
600148,长春一东,15.28,15.17,15.25,11289.0,15.3,19.0,0.11,0.73,15.38
600149,廊坊发展,4.86,4.86,4.84,58146.0,4.89,295.0,0.0,0.0,4.9
600150,中国船舶,33.42,33.78,33.75,718783.0,33.45,920.0,-0.36,-1.07,34.19
600151,航天机电,10.79,11.05,11.08,366403.0,10.82,304.0,-0.26,-2.35,11.13
600152,维科技术,8.17,8.14,8.2,121822.0,8.19,437.0,0.03,0.37,8.3
600153,建发股份,8.73,8.87,8.87,102616.0,8.76,1392.0,-0.14,-1.58,8.93
600155,华创云信,5.88,5.95,5.94,202306.0,5.91,1846.0,-0.07,-1.18,5.97
600156,华升股份,8.42,9.09,8.86,308440.0,8.46,120.0,-0.67,-7.37,9.05
600157,永泰能源,1.58,1.58,1.58,2372548.0,1.6,358737.0,0.0,0.0,1.59
600158,中体产业,7.09,7.18,7.19,269660.0,7.12,1475.0,-0.09,-1.25,7.2
600159,大龙地产,2.48,2.52,2.53,155574.0,2.51,1185.0,-0.04,-1.59,2.53
600160,巨化股份,40.77,41.32,41.33,266584.0,40.8,279.0,-0.55,-1.33,41.6
600161,天坛生物,12.54,12.77,12.7,145789.0,12.57,9.0,-0.23,-1.8,12.82
600162,香江控股,4.7,4.57,4.57,3115654.0,4.73,883.0,0.13,2.84,4.7
600163,中闽能源,5.06,5.22,5.23,225374.0,5.09,2806.0,-0.16,-3.07,5.24
600166,福田汽车,2.92,2.98,2.97,1541506.0,2.95,14185.0,-0.06,-2.01,2.98
600167,联美控股,5.63,5.71,5.72,75828.0,5.66,480.0,-0.08,-1.4,5.73
600168,武汉控股,4.38,4.32,4.33,98912.0,4.41,1002.0,0.06,1.39,4.4
600170,上海建工,2.26,2.29,2.29,1001339.0,2.29,29266.0,-0.03,-1.31,2.29
600171,上海贝岭,23.23,23.11,23.24,96984.0,23.26,135.0,0.12,0.52,23.33
600172,黄河旋风,12.4,12.08,12.3,1247149.0,12.42,884.0,0.32,2.65,12.49
600173,卧龙新能,6.27,6.25,6.27,46411.0,6.3,601.0,0.02,0.32,6.28
600176,中国巨石,44.39,41.9,42.4,2784870.0,44.41,1669.0,2.49,5.94,44.62
600177,雅戈尔,7.92,7.86,7.8,307197.0,7.95,8479.0,0.06,0.76,7.98
600178,东安动力,9.52,9.58,9.54,51794.0,9.55,173.0,-0.06,-0.63,9.68
600179,安通控股,4.35,4.58,4.4,945317.0,4.38,2471.0,-0.23,-5.02,4.44
600182,S佳通,13.61,13.59,13.57,21835.0,13.63,31.0,0.02,0.15,13.72
600183,生益科技,143.21,141.74,144.0,673037.0,143.23,27.0,1.47,1.04,146.3
600184,光电股份,18.25,17.99,18.08,125972.0,18.27,277.0,0.26,1.45,18.29
600185,珠免集团,4.64,4.74,4.74,183882.0,4.67,917.0,-0.1,-2.11,4.76
600186,莲花控股,12.02,10.93,10.93,3020837.0,0.0,0.0,1.09,9.97,12.02
600188,兖矿能源,22.19,21.5,21.49,616334.0,22.22,343.0,0.69,3.21,22.21
600189,泉阳泉,7.61,7.53,7.55,83354.0,7.63,312.0,0.08,1.06,7.61
600191,华资实业,10.3,10.74,10.98,144565.0,10.34,3.0,-0.44,-4.1,10.98
600192,长城电工,7.17,7.38,7.38,114479.0,7.19,118.0,-0.21,-2.85,7.38
600195,中牧股份,6.58,6.64,6.61,38447.0,6.62,175.0,-0.06,-0.9,6.68
600196,复星医药,24.21,24.43,24.32,298402.0,24.23,257.0,-0.22,-0.9,24.68
600197,伊力特,10.46,10.54,10.5,67482.0,10.49,108.0,-0.08,-0.76,10.54
600198,大唐电信,7.84,7.13,7.17,537376.0,0.0,0.0,0.71,9.96,7.84
600199,金种子酒,7.68,7.89,7.91,260107.0,7.71,168.0,-0.21,-2.66,7.91
600201,生物股份,13.53,13.64,13.72,145004.0,13.56,6.0,-0.11,-0.81,13.72
600202,哈空调,4.95,4.93,4.91,48602.0,4.97,213.0,0.02,0.41,4.98
600203,福日电子,10.29,10.3,10.35,139657.0,10.32,418.0,-0.01,-0.1,10.4
600206,有研新材,50.78,50.21,51.44,869943.0,50.81,32.0,0.57,1.14,52.2
600207,安彩高科,4.45,4.44,4.48,154304.0,4.47,810.0,0.01,0.23,4.48
600208,衢州发展,3.06,3.07,3.07,1053269.0,3.09,4873.0,-0.01,-0.33,3.13
600210,紫江企业,6.04,6.1,6.12,113301.0,6.07,484.0,-0.06,-0.98,6.12
600211,西藏药业,39.38,40.05,39.9,70424.0,39.41,10.0,-0.67,-1.67,40.04
600212,绿能慧充,5.44,5.49,5.51,62289.0,5.46,459.0,-0.05,-0.91,5.53
600215,派斯林,6.72,6.74,6.77,114744.0,6.74,410.0,-0.02,-0.3,7.07
600216,浙江医药,13.33,13.41,13.24,440749.0,13.36,213.0,-0.08,-0.6,13.54
600217,中再资环,3.1,3.13,3.13,95143.0,3.12,1601.0,-0.03,-0.96,3.14
600218,全柴动力,7.58,7.58,7.58,30290.0,7.61,120.0,0.0,0.0,7.63
600219,南山铝业,4.73,4.73,4.7,1151202.0,4.76,10100.0,0.0,0.0,4.77
600221,海航控股,1.32,1.33,1.33,1620535.0,1.35,363826.0,-0.01,-0.75,1.34
600222,太龙药业,8.14,8.07,8.03,219805.0,8.17,1977.0,0.07,0.87,8.3
600223,福瑞达,5.67,5.69,5.68,72826.0,5.69,265.0,-0.02,-0.35,5.71
600226,亨通股份,6.31,6.09,6.3,1681075.0,6.33,2259.0,0.22,3.61,6.48
600227,赤天化,3.31,3.5,3.5,1531541.0,3.34,15598.0,-0.19,-5.43,3.52
600228,返利科技,8.36,8.2,8.18,271469.0,8.38,2279.0,0.16,1.95,8.38
600229,城市传媒,5.16,5.16,5.14,38837.0,5.18,112.0,0.0,0.0,5.2
600230,沧州大化,14.37,14.75,14.72,145132.0,14.4,252.0,-0.38,-2.58,14.72
600231,凌钢股份,1.67,1.69,1.7,155476.0,1.7,6005.0,-0.02,-1.18,1.7
600232,金鹰股份,6.33,6.35,6.35,45637.0,6.36,538.0,-0.02,-0.31,6.38
600233,圆通速递,18.9,18.46,18.53,178165.0,18.92,550.0,0.44,2.38,19.06
600234,科新发展,22.42,22.66,22.71,34561.0,22.45,8.0,-0.24,-1.06,22.83
600235,民丰特纸,5.63,5.65,5.65,37998.0,5.65,391.0,-0.02,-0.35,5.66
600236,桂冠电力,10.11,10.43,10.43,249245.0,10.14,255.0,-0.32,-3.07,10.45
600237,铜峰电子,8.84,8.66,8.74,268946.0,8.87,2106.0,0.18,2.08,8.88
600241,时代万恒,7.23,7.15,7.19,41749.0,7.25,352.0,0.08,1.12,7.28
600246,万通发展,12.57,12.53,12.53,835906.0,12.6,1460.0,0.04,0.32,12.7
600248,陕建股份,2.85,2.88,2.89,153382.0,2.88,3408.0,-0.03,-1.04,2.89
600249,两面针,5.27,5.28,5.3,59559.0,5.29,503.0,-0.01,-0.19,5.33
600250,南京商旅,8.49,8.54,8.53,53541.0,8.52,208.0,-0.05,-0.59,8.6
600251,冠农股份,9.76,9.72,9.7,69485.0,9.79,330.0,0.04,0.41,9.81
600252,中恒集团,2.3,2.38,2.35,856874.0,2.33,3856.0,-0.08,-3.36,2.37
600255,鑫科材料,3.31,3.26,3.26,510428.0,3.34,4173.0,0.05,1.53,3.32
600256,广汇能源,5.89,5.78,5.77,721030.0,5.92,8695.0,0.11,1.9,5.91
600257,大湖股份,5.63,5.62,5.62,214415.0,5.65,644.0,0.01,0.18,5.72
600258,首旅酒店,12.02,12.2,12.19,115371.0,12.05,53.0,-0.18,-1.48,12.19
600259,中稀有色,92.2,88.08,88.08,159631.0,92.22,46.0,4.12,4.68,94.35
600261,阳光照明,3.1,3.07,3.07,133629.0,3.12,4924.0,0.03,0.98,3.13
600262,北方股份,14.81,14.85,14.84,59447.0,14.84,93.0,-0.04,-0.27,14.85
600266,城建发展,4.35,4.4,4.4,646575.0,4.38,1568.0,-0.05,-1.14,4.44
600267,海正药业,14.18,13.96,14.0,851756.0,14.21,33.0,0.22,1.58,15.0
600268,国电南自,10.84,11.08,11.11,195889.0,10.86,517.0,-0.24,-2.17,11.15
600269,赣粤高速,3.76,3.78,3.79,135984.0,3.79,5807.0,-0.02,-0.53,3.79
600271,航天信息,6.89,6.93,6.95,114061.0,6.91,637.0,-0.04,-0.58,6.99
600272,开开实业,17.6,16.0,15.57,450434.0,0.0,0.0,1.6,10.0,17.6
600273,嘉化能源,6.76,6.78,6.76,100224.0,6.79,599.0,-0.02,-0.29,6.82
600276,恒瑞医药,52.62,53.76,53.68,873251.0,52.65,336.0,-1.14,-2.12,53.75
600278,东方创业,6.2,6.24,6.24,29022.0,6.23,134.0,-0.04,-0.64,6.28
600279,重庆港,4.21,4.25,4.24,64987.0,4.23,1006.0,-0.04,-0.94,4.27
600280,中央商场,2.97,3.04,3.05,269265.0,3.0,3100.0,-0.07,-2.3,3.05
600281,华阳新材,4.41,4.4,4.4,71685.0,4.44,568.0,0.01,0.23,4.47
600282,南钢股份,4.59,4.62,4.61,195215.0,4.62,6207.0,-0.03,-0.65,4.62
600283,钱江水利,7.92,7.95,7.97,16803.0,7.96,50.0,-0.03,-0.38,7.97
600284,浦东建设,5.21,5.34,5.34,198708.0,5.24,411.0,-0.13,-2.43,5.34
600285,羚锐制药,19.7,19.67,19.73,174057.0,19.73,95.0,0.03,0.15,19.95
600287,苏豪时尚,4.76,4.73,4.73,24310.0,4.78,442.0,0.03,0.63,4.77
600288,大恒科技,13.22,12.02,12.0,491868.0,0.0,0.0,1.2,9.98,13.22
600292,电投水电,12.33,12.55,12.55,89742.0,12.36,512.0,-0.22,-1.75,12.55
600293,三峡新材,2.8,2.79,2.79,246471.0,2.82,2817.0,0.01,0.36,2.81
600295,鄂尔多斯,12.34,12.47,12.4,51880.0,12.37,54.0,-0.13,-1.04,12.57
600298,安琪酵母,43.5,43.66,43.23,119132.0,43.56,1.0,-0.16,-0.37,43.74
600299,安迪苏,8.26,8.3,8.3,269425.0,8.29,1181.0,-0.04,-0.48,8.33
600300,维维股份,3.19,3.23,3.22,214914.0,3.22,3085.0,-0.04,-1.24,3.24
600301,华锡有色,50.45,48.77,48.47,128379.0,50.47,501.0,1.68,3.44,50.99
600303,曙光股份,2.87,2.95,2.93,267674.0,2.9,919.0,-0.08,-2.71,2.95
600305,恒顺醋业,6.79,6.9,6.92,77336.0,6.82,393.0,-0.11,-1.59,6.92
600307,酒钢宏兴,1.44,1.46,1.46,455632.0,1.47,19191.0,-0.02,-1.37,1.47
600308,华泰股份,3.21,3.21,3.22,87064.0,3.24,2746.0,0.0,0.0,3.24
600309,万华化学,73.04,73.11,73.02,194273.0,73.07,8.0,-0.07,-0.1,73.9
600310,广西能源,4.33,4.59,4.56,1007015.0,4.36,749.0,-0.26,-5.66,4.58
600312,平高电气,19.53,19.55,19.51,213105.0,19.56,95.0,-0.02,-0.1,19.67
600313,农发种业,5.6,5.7,5.67,179954.0,5.62,924.0,-0.1,-1.75,5.7
600315,上海家化,17.36,17.55,17.71,62896.0,17.39,130.0,-0.19,-1.08,17.71
600316,洪都航空,28.59,28.7,28.66,124579.0,28.62,25.0,-0.11,-0.38,29.45
600318,新力金融,6.47,6.53,6.51,78126.0,6.5,999.0,-0.06,-0.92,6.54
600319,亚星化学,6.15,6.11,6.11,38206.0,6.17,214.0,0.04,0.65,6.18
600320,振华重工,4.06,4.09,4.1,255981.0,4.09,6058.0,-0.03,-0.73,4.11
600322,津投城开,2.7,2.71,2.74,244432.0,2.72,2195.0,-0.01,-0.37,2.75
600323,瀚蓝环境,29.44,29.61,29.77,27908.0,29.54,6.0,-0.17,-0.57,29.77
600325,华发股份,2.4,2.5,2.5,1150736.0,2.43,4868.0,-0.1,-4.0,2.5
600326,西藏天路,7.3,7.49,7.46,423432.0,7.32,964.0,-0.19,-2.54,7.5
600327,大东方,4.0,4.18,4.12,392874.0,4.03,2048.0,-0.18,-4.31,4.15
600328,中盐化工,6.23,6.28,6.29,92100.0,6.27,930.0,-0.05,-0.8,6.33
600329,达仁堂,36.17,36.79,36.7,37738.0,36.2,103.0,-0.62,-1.69,36.98
600330,天通股份,24.98,24.21,24.21,1304679.0,25.0,839.0,0.77,3.18,25.6
600331,宏达股份,12.5,12.91,12.87,658829.0,12.53,311.0,-0.41,-3.18,12.91
600332,白云山,21.31,21.51,21.48,69466.0,21.33,55.0,-0.2,-0.93,21.58
600333,长春燃气,6.21,6.21,6.19,77529.0,6.24,1940.0,0.0,0.0,6.24
600335,国机汽车,5.04,5.04,5.06,88141.0,5.07,487.0,0.0,0.0,5.08
600336,澳柯玛,6.29,6.28,6.31,46860.0,6.31,260.0,0.01,0.16,6.32
600338,西藏珠峰,13.67,13.54,13.55,299947.0,13.7,298.0,0.13,0.96,13.86
600339,中油工程,3.21,3.22,3.21,337792.0,3.23,8581.0,-0.01,-0.31,3.22
600343,航天动力,19.86,19.66,19.72,159408.0,19.88,148.0,0.2,1.02,19.9
600345,长江通信,47.46,46.2,46.51,75242.0,47.49,95.0,1.26,2.73,48.05
600346,恒力石化,17.13,17.16,17.1,201727.0,17.15,244.0,-0.03,-0.17,17.37
600348,华阳股份,8.87,8.57,8.56,367171.0,8.89,697.0,0.3,3.5,8.9
600350,山东高速,10.84,11.01,11.01,135414.0,10.87,267.0,-0.17,-1.54,11.06
600351,亚宝药业,6.97,7.04,7.0,252345.0,6.99,1008.0,-0.07,-0.99,7.1
600352,浙江龙盛,12.63,13.17,13.17,768069.0,12.66,290.0,-0.54,-4.1,13.23
600353,旭光电子,31.03,28.21,28.9,693415.0,0.0,0.0,2.82,10.0,31.03
600354,敦煌种业,6.02,6.08,6.05,192475.0,6.04,1247.0,-0.06,-0.99,6.09
600356,恒丰纸业,8.81,8.8,8.75,48082.0,8.84,98.0,0.01,0.11,8.88
600358,国旅联合,5.27,5.28,5.31,32959.0,5.29,479.0,-0.01,-0.19,5.34
600359,新农开发,6.08,6.13,6.12,34430.0,6.1,166.0,-0.05,-0.82,6.12
600360,华微电子,10.45,10.33,10.48,371265.0,10.47,952.0,0.12,1.16,10.5
600361,创新新材,3.62,3.63,3.64,273404.0,3.64,3773.0,-0.01,-0.28,3.65
600362,江西铜业,44.61,44.36,44.06,401003.0,44.63,163.0,0.25,0.56,45.13
600363,联创光电,20.36,20.73,20.51,385454.0,20.39,39.0,-0.37,-1.78,20.95
600366,宁波韵升,12.64,12.04,12.15,601723.0,12.67,1151.0,0.6,4.98,12.72
600367,红星发展,33.63,33.01,33.16,237671.0,33.66,225.0,0.62,1.88,33.79
600368,五洲交通,3.93,3.95,3.96,163903.0,3.95,6981.0,-0.02,-0.51,3.97
600369,西南证券,4.08,4.12,4.12,277742.0,4.11,5865.0,-0.04,-0.97,4.13
600371,万向德农,7.11,7.21,7.21,44183.0,7.13,225.0,-0.1,-1.39,7.25
600372,中航机载,11.26,11.17,11.17,211281.0,11.29,678.0,0.09,0.81,11.37
600373,中文传媒,7.08,7.16,7.13,92718.0,7.1,618.0,-0.08,-1.12,7.18
600375,汉马科技,3.96,4.03,4.01,188217.0,3.99,2873.0,-0.07,-1.74,4.05
600376,首开股份,3.99,4.18,4.14,1287007.0,4.02,4815.0,-0.19,-4.55,4.18
600377,宁沪高速,11.95,12.01,12.02,63774.0,11.98,303.0,-0.06,-0.5,12.06
600378,昊华科技,48.7,48.84,49.0,533393.0,48.73,13.0,-0.14,-0.29,50.08
600379,宝光股份,14.5,14.42,14.7,205684.0,14.53,322.0,0.08,0.55,14.95
600380,健康元,10.19,10.35,10.32,156252.0,10.22,161.0,-0.16,-1.55,10.46
600382,广东明珠,6.34,6.32,6.31,135785.0,6.36,765.0,0.02,0.32,6.5
600383,金地集团,2.2,2.27,2.26,1111328.0,2.23,9684.0,-0.07,-3.08,2.27
600386,北巴传媒,3.37,3.4,3.39,82500.0,3.39,4364.0,-0.03,-0.88,3.42
600388,龙净环保,17.46,17.6,17.67,104631.0,17.49,28.0,-0.14,-0.8,17.74
600389,江山股份,18.55,18.82,18.91,109000.0,18.57,116.0,-0.27,-1.43,18.91
600390,五矿资本,4.84,4.89,4.88,247745.0,4.87,2175.0,-0.05,-1.02,4.89
600391,航发科技,31.24,30.97,30.86,59301.0,31.27,97.0,0.27,0.87,32.0
600392,盛和资源,23.9,22.85,22.8,957490.0,23.92,2381.0,1.05,4.6,23.96
600395,盘江股份,5.18,5.02,5.02,450937.0,5.21,966.0,0.16,3.19,5.22
600396,华电辽能,16.99,18.73,18.18,2835626.0,17.01,812.0,-1.74,-9.29,18.2
600397,江钨装备,18.06,17.5,17.5,1258860.0,18.08,778.0,0.56,3.2,18.7
600398,海澜之家,5.91,5.99,6.0,206624.0,5.94,331.0,-0.08,-1.34,6.02
600399,抚顺特钢,4.24,4.24,4.24,236329.0,4.27,2695.0,0.0,0.0,4.3
600400,红豆股份,3.14,3.13,3.13,569797.0,3.17,6481.0,0.01,0.32,3.2
600403,大有能源,6.32,6.53,6.5,1010750.0,6.34,1682.0,-0.21,-3.22,6.63
600405,动力源,4.52,4.55,4.5,138032.0,4.54,247.0,-0.03,-0.66,4.64
600406,国电南瑞,23.23,23.69,23.67,566997.0,23.26,269.0,-0.46,-1.94,23.67
600408,安泰集团,2.78,2.82,2.82,282495.0,2.81,2093.0,-0.04,-1.42,2.84
600409,三友化工,6.59,6.7,6.73,160170.0,6.63,1023.0,-0.11,-1.64,6.75
600410,华胜天成,15.41,15.54,15.59,750963.0,15.44,1171.0,-0.13,-0.84,15.7
600415,小商品城,11.66,11.59,11.56,853255.0,11.68,1672.0,0.07,0.6,11.74
600416,湘电股份,8.94,9.0,9.04,126724.0,8.96,94.0,-0.06,-0.67,9.11
600418,江淮汽车,23.67,24.61,24.6,630392.0,23.69,599.0,-0.94,-3.82,24.67
600419,天润乳业,8.87,9.0,8.96,74243.0,8.9,61.0,-0.13,-1.44,8.97
600420,国药现代,8.73,8.72,8.67,120535.0,8.76,103.0,0.01,0.11,8.87
600422,昆药集团,8.82,9.12,9.05,187420.0,8.85,142.0,-0.3,-3.29,9.19
600425,青松建化,3.55,3.57,3.56,99831.0,3.57,2586.0,-0.02,-0.56,3.58
600426,华鲁恒升,20.61,20.89,20.76,239362.0,20.64,268.0,-0.28,-1.34,20.93
600428,中远海特,11.81,11.85,11.91,348364.0,11.84,20.0,-0.04,-0.34,12.05
600429,三元股份,4.57,4.7,4.7,180542.0,4.6,406.0,-0.13,-2.77,4.7
600433,冠豪高新,3.35,3.31,3.32,326966.0,3.38,4790.0,0.04,1.21,3.41
600435,北方导航,10.8,10.61,10.62,436553.0,10.83,314.0,0.19,1.79,11.23
600436,片仔癀,132.59,133.66,133.9,43907.0,132.61,21.0,-1.07,-0.8,135.8
600438,通威股份,12.8,12.89,12.83,552371.0,12.83,782.0,-0.09,-0.7,13.0
600444,国机通用,13.72,13.63,13.63,13611.0,13.74,22.0,0.09,0.66,13.8
600446,金证股份,10.91,11.03,11.0,164818.0,10.93,163.0,-0.12,-1.09,11.14
600448,华纺股份,2.86,2.85,2.86,98787.0,2.89,1550.0,0.01,0.35,2.89
600449,宁夏建材,11.75,12.04,11.9,212752.0,11.78,218.0,-0.29,-2.41,11.98
600452,涪陵电力,9.24,9.43,9.45,261865.0,9.27,1133.0,-0.19,-2.01,9.45
600455,博通股份,23.94,23.93,23.93,10878.0,23.98,28.0,0.01,0.04,24.09
600456,宝钛股份,27.58,27.38,27.41,40969.0,27.6,19.0,0.2,0.73,27.78
600458,时代新材,11.62,11.36,11.39,171273.0,11.64,470.0,0.26,2.29,11.78
600459,贵研铂业,20.88,20.74,20.46,229679.0,20.91,331.0,0.14,0.68,21.3
600460,士兰微,32.75,32.28,32.71,656533.0,32.78,393.0,0.47,1.46,32.93
600461,洪城环境,8.88,8.93,8.96,57541.0,8.91,361.0,-0.05,-0.56,8.96
600463,空港股份,8.2,8.16,8.19,27368.0,8.22,189.0,0.04,0.49,8.28
600467,好当家,2.31,2.34,2.33,236614.0,2.34,6215.0,-0.03,-1.28,2.35
600468,百利电气,6.14,6.14,6.15,254494.0,6.16,1223.0,0.0,0.0,6.18
600469,风神股份,5.21,5.23,5.26,74808.0,5.24,714.0,-0.02,-0.38,5.27
600470,六国化工,5.45,5.49,5.54,143814.0,5.47,646.0,-0.04,-0.73,5.54
600475,华光环能,14.99,14.34,14.32,294464.0,15.02,41.0,0.65,4.53,15.6
600477,杭萧钢构,2.46,2.46,2.47,401059.0,2.49,5757.0,0.0,0.0,2.48
600478,科力远,4.9,4.89,4.93,208570.0,4.93,1379.0,0.01,0.2,4.99
600479,千金药业,10.0,9.99,9.93,75108.0,10.02,225.0,0.01,0.1,10.1
600480,凌云股份,8.56,8.63,8.67,87255.0,8.59,1319.0,-0.07,-0.81,8.68
600481,双良节能,4.33,4.35,4.35,423390.0,4.36,2731.0,-0.02,-0.46,4.39
600482,中国动力,31.49,31.44,31.61,134187.0,31.52,80.0,0.05,0.16,31.64
600483,福能股份,10.54,10.5,10.48,147677.0,10.56,282.0,0.04,0.38,10.63
600486,扬农化工,52.95,52.85,52.85,29531.0,52.99,379.0,0.1,0.19,53.59
600487,亨通光电,62.98,57.25,58.1,3182814.0,0.0,0.0,5.73,10.01,62.98
600488,津药药业,5.88,5.95,5.91,737598.0,5.91,651.0,-0.07,-1.18,6.04
600489,中金黄金,24.27,24.31,23.77,721188.0,24.29,59.0,-0.04,-0.16,24.44
600490,鹏欣资源,7.03,7.09,6.95,392086.0,7.06,880.0,-0.06,-0.85,7.08
600493,凤竹纺织,6.0,6.01,6.03,57834.0,6.03,114.0,-0.01,-0.17,6.08
600495,晋西车轴,4.12,4.18,4.16,203148.0,4.15,335.0,-0.06,-1.44,4.24
600496,精工钢构,3.22,3.25,3.25,262290.0,3.25,9009.0,-0.03,-0.92,3.26
600497,驰宏锌锗,10.09,9.99,9.95,1185066.0,10.11,1663.0,0.1,1.0,10.18
600498,烽火通信,40.9,39.07,39.41,1064780.0,40.93,84.0,1.83,4.68,41.28
600499,科达制造,14.05,13.99,13.95,202945.0,14.08,157.0,0.06,0.43,14.29
600500,中化国际,5.31,5.17,5.22,1270733.0,5.33,5522.0,0.14,2.71,5.5
600501,航天晨光,14.68,14.68,14.62,51466.0,14.71,90.0,0.0,0.0,14.78
600502,安徽建工,4.41,4.45,4.44,213745.0,4.44,2526.0,-0.04,-0.9,4.45
600503,华丽家族,2.15,2.18,2.17,273338.0,2.18,4468.0,-0.03,-1.38,2.19
600505,西昌电力,10.93,11.3,11.3,111761.0,10.96,76.0,-0.37,-3.27,11.3
600506,统一股份,14.72,14.75,14.75,30710.0,14.74,93.0,-0.03,-0.2,14.82
600507,方大特钢,4.19,4.23,4.22,138984.0,4.22,1867.0,-0.04,-0.95,4.24
600508,上海能源,8.62,8.57,8.57,65792.0,8.65,74.0,0.05,0.58,8.67
600509,天富能源,7.5,7.6,7.57,179782.0,7.53,842.0,-0.1,-1.32,7.6
600510,黑牡丹,6.67,6.76,6.75,80929.0,6.7,125.0,-0.09,-1.33,6.77
600511,国药股份,27.22,27.38,27.31,43194.0,27.3,36.0,-0.16,-0.58,27.65
600512,腾达建设,2.04,2.03,2.02,251415.0,2.07,5999.0,0.01,0.49,2.04
600513,联环药业,17.62,17.94,17.69,236298.0,17.65,304.0,-0.32,-1.78,18.19
600515,海南机场,2.85,2.88,2.87,606154.0,2.88,13189.0,-0.03,-1.04,2.88
600516,方大炭素,5.29,5.35,5.33,708642.0,5.32,2751.0,-0.06,-1.12,5.45
600517,国网英大,4.92,4.96,4.95,154792.0,4.95,1672.0,-0.04,-0.81,4.97
600518,康美药业,1.41,1.45,1.44,2435860.0,1.44,38552.0,-0.04,-2.76,1.46
600519,贵州茅台,1341.99,1355.29,1355.0,29853.0,1342.01,1.0,-13.3,-0.98,1359.0
600520,三佳科技,25.15,25.06,25.46,63429.0,25.19,36.0,0.09,0.36,26.19
600521,华海药业,17.53,18.0,18.01,412836.0,17.56,310.0,-0.47,-2.61,18.05
600522,中天科技,35.55,32.9,33.33,3858654.0,35.57,1084.0,2.65,8.05,35.75
600523,贵航股份,11.54,11.47,11.57,46387.0,11.57,107.0,0.07,0.61,11.75
600526,菲达环保,4.44,4.46,4.45,61318.0,4.47,567.0,-0.02,-0.45,4.47
600527,江南高纤,2.18,2.2,2.21,374614.0,2.2,13529.0,-0.02,-0.91,2.21
600528,XD中铁工,7.01,7.01,7.03,75630.0,7.04,682.0,0.0,0.0,7.05
600529,山东药玻,19.1,19.15,19.16,85215.0,19.13,100.0,-0.05,-0.26,19.32
600531,豫光金铅,13.05,13.17,13.11,469512.0,13.08,801.0,-0.12,-0.91,13.27
600533,栖霞建设,2.14,2.15,2.15,134939.0,2.16,5037.0,-0.01,-0.47,2.16
600535,天士力,15.33,15.43,15.42,125017.0,15.36,38.0,-0.1,-0.65,15.61
600536,中国软件,31.29,31.62,31.62,137289.0,31.33,13.0,-0.33,-1.04,32.3
600538,国发股份,5.0,5.13,5.12,105116.0,5.03,589.0,-0.13,-2.53,5.17
600539,狮头股份,14.23,14.3,14.3,100324.0,14.26,116.0,-0.07,-0.49,14.44
600540,新赛股份,3.86,3.99,3.98,233523.0,3.89,1317.0,-0.13,-3.26,4.0
600545,卓郎智能,4.42,4.31,4.33,540511.0,4.44,3752.0,0.11,2.55,4.43
600546,山煤国际,13.06,12.72,12.72,239651.0,13.09,225.0,0.34,2.67,13.18
600547,山东黄金,29.34,29.5,28.5,571006.0,29.37,332.0,-0.16,-0.54,29.5
600548,深高速,8.37,8.37,8.34,27869.0,8.4,451.0,0.0,0.0,8.42
600549,厦门钨业,56.44,54.71,54.72,534570.0,56.46,674.0,1.73,3.16,56.5
600550,保变电气,11.66,12.01,11.9,422529.0,11.69,2311.0,-0.35,-2.91,11.93
600551,时代出版,6.9,6.94,6.92,39234.0,6.94,391.0,-0.04,-0.58,6.96
600552,凯盛科技,18.59,17.77,17.81,539225.0,18.62,423.0,0.82,4.61,18.64
600556,天下秀,4.92,5.02,5.02,706308.0,4.95,2622.0,-0.1,-1.99,5.08
600557,康缘药业,12.94,12.88,12.86,122435.0,12.96,238.0,0.06,0.47,13.12
600558,大西洋,5.01,4.8,4.78,471348.0,5.04,1162.0,0.21,4.38,5.1
600559,老白干酒,12.0,12.31,12.26,151212.0,12.03,518.0,-0.31,-2.52,12.27
600560,金自天正,11.11,11.12,11.06,16089.0,11.13,39.0,-0.01,-0.09,11.3
600561,江西长运,5.61,5.6,5.6,25570.0,5.63,1.0,0.01,0.18,5.65
600562,国睿科技,25.95,26.0,26.0,62518.0,25.97,50.0,-0.05,-0.19,26.36
600563,法拉电子,135.39,135.49,136.0,48129.0,135.42,13.0,-0.1,-0.07,137.75
600566,济川药业,24.51,25.0,25.01,49468.0,24.54,11.0,-0.49,-1.96,25.06
600567,山鹰国际,1.33,1.34,1.35,488071.0,1.36,104122.0,-0.01,-0.75,1.35
600569,安阳钢铁,1.75,1.77,1.76,172446.0,1.77,5157.0,-0.02,-1.13,1.77
600570,恒生电子,22.12,22.41,22.42,262403.0,22.14,124.0,-0.29,-1.29,22.68
600571,信雅达,10.44,10.52,10.52,84080.0,10.46,279.0,-0.08,-0.76,10.78
600572,康恩贝,4.8,4.68,4.63,2336906.0,4.82,13380.0,0.12,2.56,4.88
600573,惠泉啤酒,9.68,9.78,9.73,39698.0,9.71,180.0,-0.1,-1.02,9.83
600575,淮河能源,3.35,3.37,3.38,384117.0,3.38,5646.0,-0.02,-0.59,3.38
600576,祥源文旅,5.5,5.56,5.56,67283.0,5.52,469.0,-0.06,-1.08,5.59
600577,精达股份,8.11,8.11,8.16,366498.0,8.14,1950.0,0.0,0.0,8.19
600578,京能电力,6.03,6.59,6.39,2701994.0,6.06,3353.0,-0.56,-8.5,6.4
600579,中化装备,7.24,7.2,7.26,67093.0,7.26,214.0,0.04,0.56,7.37
600580,卧龙电驱,34.57,35.06,35.0,458802.0,34.59,696.0,-0.49,-1.4,35.21
600582,天地科技,4.86,4.88,4.88,114375.0,4.89,2327.0,-0.02,-0.41,4.89
600583,海油工程,5.45,5.46,5.44,238897.0,5.48,903.0,-0.01,-0.18,5.49
600584,长电科技,78.71,77.82,78.99,1144793.0,78.74,100.0,0.89,1.14,79.28
600585,海螺水泥,17.36,17.49,17.47,150442.0,17.39,634.0,-0.13,-0.74,17.49
600586,金晶科技,4.15,4.18,4.2,109271.0,4.18,888.0,-0.03,-0.72,4.2
600587,新华医疗,12.72,12.89,12.88,100439.0,12.75,135.0,-0.17,-1.32,13.11
600588,用友网络,11.65,11.65,11.84,898732.0,11.68,859.0,0.0,0.0,12.2
600589,大位科技,8.37,8.19,8.27,877188.0,8.4,6584.0,0.18,2.2,8.45
600590,泰豪科技,8.6,8.61,8.6,178343.0,8.63,531.0,-0.01,-0.12,8.67
600592,龙溪股份,14.6,14.62,14.65,49415.0,14.62,204.0,-0.02,-0.14,14.77
600593,大连圣亚,41.21,41.55,41.3,42740.0,41.27,6.0,-0.34,-0.82,42.3
600594,益佰制药,3.88,3.92,3.9,316616.0,3.91,418.0,-0.04,-1.02,4.01
600595,中孚实业,6.18,6.27,6.19,778268.0,6.2,7003.0,-0.09,-1.44,6.23
600596,新安股份,10.76,10.7,10.72,204134.0,10.79,564.0,0.06,0.56,10.85
600597,光明乳业,6.67,6.86,6.84,119758.0,6.69,148.0,-0.19,-2.77,6.84
600598,北大荒,11.85,12.05,11.98,219308.0,11.87,261.0,-0.2,-1.66,12.05
600600,青岛啤酒,52.55,53.07,53.06,44694.0,52.58,17.0,-0.52,-0.98,53.14
600601,方正科技,12.66,12.58,12.58,1414168.0,12.69,934.0,0.08,0.64,12.83
600602,云赛智联,20.56,19.36,19.3,1129982.0,20.58,2072.0,1.2,6.2,20.97
600603,广汇物流,4.38,4.46,4.48,88348.0,4.41,93.0,-0.08,-1.79,4.5
600604,市北高新,4.88,4.78,4.76,600604.0,4.91,1377.0,0.1,2.09,4.98
600605,汇通能源,25.15,25.27,25.52,18451.0,25.18,23.0,-0.12,-0.47,25.52
600606,绿地控股,1.28,1.31,1.3,1038730.0,1.31,29034.0,-0.03,-2.29,1.31
600609,金杯汽车,3.26,3.3,3.31,167212.0,3.28,1668.0,-0.04,-1.21,3.31
600610,中毅达,6.96,7.03,7.01,93508.0,6.99,933.0,-0.07,-1.0,7.06
600611,大众交通,5.08,4.87,4.82,1666074.0,5.11,1844.0,0.21,4.31,5.18
600612,老凤祥,33.83,34.32,34.23,16624.0,33.87,5.0,-0.49,-1.43,34.38
600613,神奇制药,6.41,5.83,6.41,124938.0,0.0,0.0,0.58,9.95,6.41
600615,鑫源智造,9.37,9.28,9.39,17758.0,9.4,73.0,0.09,0.97,9.39
600616,金枫酒业,4.34,4.35,4.35,120323.0,4.37,141.0,-0.01,-0.23,4.41
600617,国新能源,3.39,3.48,3.45,379194.0,3.41,2285.0,-0.09,-2.59,3.47
600618,氯碱化工,10.08,10.13,10.19,42404.0,10.11,83.0,-0.05,-0.49,10.24
600619,海立股份,14.22,14.16,14.24,157822.0,14.24,173.0,0.06,0.42,14.32
600620,天宸股份,4.29,4.3,4.32,49581.0,4.33,542.0,-0.01,-0.23,4.36
600621,华鑫股份,13.11,13.33,13.37,81380.0,13.14,528.0,-0.22,-1.65,13.37
600622,光大嘉宝,2.19,2.23,2.24,195876.0,2.21,1587.0,-0.04,-1.79,2.24
600623,华谊集团,8.24,8.22,8.21,104481.0,8.27,1398.0,0.02,0.24,8.31
600626,申达股份,3.47,3.52,3.53,83718.0,3.49,1232.0,-0.05,-1.42,3.53
600628,XD新世界,6.18,6.16,6.15,72619.0,6.21,811.0,0.02,0.32,6.21
600629,华建集团,16.31,16.06,16.11,251601.0,16.33,276.0,0.25,1.56,16.45
600630,龙头股份,6.61,6.66,6.68,73338.0,6.64,452.0,-0.05,-0.75,6.69
600633,浙数文化,11.02,11.07,11.01,266182.0,11.05,487.0,-0.05,-0.45,11.15
600635,大众公用,4.62,4.7,4.71,272012.0,4.65,1922.0,-0.08,-1.7,4.72
600637,东方明珠,8.18,8.19,8.16,263787.0,8.2,816.0,-0.01,-0.12,8.26
600638,新黄浦,4.96,5.02,5.0,78783.0,4.98,371.0,-0.06,-1.2,5.03
600639,浦东金桥,9.44,9.53,9.55,26045.0,9.51,423.0,-0.09,-0.94,9.55
600640,国脉文化,11.14,10.97,10.93,112874.0,11.16,157.0,0.17,1.55,11.27
600641,先导基电,34.2,34.02,34.89,782079.0,34.22,55.0,0.18,0.53,35.2
600642,申能股份,8.38,8.55,8.56,251701.0,8.41,862.0,-0.17,-1.99,8.58
600643,爱建集团,3.94,4.03,4.04,133884.0,3.97,2535.0,-0.09,-2.23,4.05
600644,乐山电力,9.44,10.13,10.0,506675.0,9.47,903.0,-0.69,-6.81,10.07
600645,中源协和,22.33,20.3,22.19,452063.0,0.0,0.0,2.03,10.0,22.33
600648,外高桥,8.94,8.99,8.98,19908.0,8.96,66.0,-0.05,-0.56,9.0
600649,城投控股,3.73,3.78,3.8,189971.0,3.76,1437.0,-0.05,-1.32,3.8
600650,锦江在线,10.81,10.74,10.7,47392.0,10.83,4.0,0.07,0.65,10.94
600651,飞乐音响,5.97,6.02,6.02,161678.0,6.0,1548.0,-0.05,-0.83,6.08
600653,申华控股,1.69,1.71,1.71,177919.0,1.71,17219.0,-0.02,-1.17,1.72
600654,中安科,2.93,2.95,2.96,626174.0,2.95,7801.0,-0.02,-0.68,2.98
600655,豫园股份,4.58,4.64,4.64,83975.0,4.61,1182.0,-0.06,-1.29,4.65
600657,信达地产,2.56,2.59,2.6,230823.0,2.59,2647.0,-0.03,-1.16,2.6
600658,电子城,4.0,4.09,4.09,118419.0,4.02,219.0,-0.09,-2.2,4.1
600660,福耀玻璃,56.27,54.87,54.71,143794.0,56.29,3.0,1.4,2.55,56.48
600661,昂立教育,9.17,9.41,9.32,111404.0,9.2,72.0,-0.24,-2.55,9.52
600662,XD外服控,4.27,4.31,4.36,113811.0,4.3,921.0,-0.04,-0.93,4.36
600663,陆家嘴,9.3,9.36,9.44,225194.0,9.33,68.0,-0.06,-0.64,9.58
600664,哈药股份,8.91,8.86,8.73,3750171.0,8.94,5522.0,0.05,0.56,8.97
600665,天地源,3.45,3.47,3.46,138562.0,3.48,1078.0,-0.02,-0.58,3.5
600666,奥瑞德,3.87,3.83,3.8,1503392.0,3.89,11039.0,0.04,1.04,3.88
600667,太极实业,22.95,23.78,23.5,3722529.0,22.98,669.0,-0.83,-3.49,24.15
600668,尖峰集团,7.49,7.63,7.58,76529.0,7.52,55.0,-0.14,-1.83,7.67
600671,天目药业,21.69,22.46,22.64,48753.0,21.72,49.0,-0.77,-3.43,22.64
600673,东阳光,36.45,34.48,34.33,565310.0,36.48,745.0,1.97,5.71,36.5
600674,川投能源,15.03,15.2,15.15,259747.0,15.06,65.0,-0.17,-1.12,15.2
600675,中华企业,2.22,2.27,2.27,254165.0,2.25,4904.0,-0.05,-2.2,2.27
600676,久事动娱,6.72,6.78,6.79,69416.0,6.75,732.0,-0.06,-0.88,6.87
600679,上海凤凰,9.48,9.47,9.52,16776.0,9.5,7.0,0.01,0.11,9.58
600681,百川能源,3.39,3.44,3.43,187013.0,3.41,2330.0,-0.05,-1.45,3.44
600682,南京新百,5.92,5.92,5.94,235609.0,5.95,316.0,0.0,0.0,6.08
600683,京投发展,11.64,12.93,14.22,947232.0,11.66,1554.0,-1.29,-9.98,14.22
600684,珠江股份,3.38,3.44,3.44,150554.0,3.41,341.0,-0.06,-1.74,3.46
600685,中船防务,26.16,26.21,26.21,138610.0,26.19,16.0,-0.05,-0.19,26.89
600686,金龙汽车,11.6,11.9,11.9,162870.0,11.63,543.0,-0.3,-2.52,11.9
600688,上海石化,2.79,2.79,2.79,464827.0,2.82,14519.0,0.0,0.0,2.8
600689,上海三毛,10.47,10.41,10.41,18561.0,10.52,224.0,0.06,0.58,10.52
600690,海尔智家,21.76,21.79,21.71,261535.0,21.79,77.0,-0.03,-0.14,21.89
600691,潞化科技,2.43,2.45,2.45,194190.0,2.46,3445.0,-0.02,-0.82,2.46
600692,亚通股份,6.12,6.16,6.14,44457.0,6.15,227.0,-0.04,-0.65,6.17
600693,东百集团,9.5,10.48,10.25,1088352.0,9.52,576.0,-0.98,-9.35,10.3
600694,大商股份,14.28,14.39,14.37,26969.0,14.31,74.0,-0.11,-0.76,14.38
600697,欧亚集团,10.58,10.67,10.57,22053.0,10.61,15.0,-0.09,-0.84,10.71
600698,湖南天雁,7.08,7.22,7.24,264066.0,7.1,677.0,-0.14,-1.94,7.32
600699,均胜电子,20.84,20.95,20.95,177703.0,20.87,53.0,-0.11,-0.53,21.17
600702,舍得酒业,37.13,38.35,38.39,121573.0,37.15,125.0,-1.22,-3.18,38.39
600703,三安光电,13.58,13.51,13.52,1257544.0,13.61,1008.0,0.07,0.52,13.63
600704,物产中大,4.85,4.86,4.85,226044.0,4.88,7195.0,-0.01,-0.21,4.87
600706,曲江文旅,7.71,7.8,7.72,46727.0,7.74,45.0,-0.09,-1.15,7.83
600707,彩虹股份,9.31,9.15,9.18,691790.0,9.34,1742.0,0.16,1.75,9.33
600708,光明地产,3.16,3.25,3.26,183188.0,3.18,1457.0,-0.09,-2.77,3.29
600710,苏美达,10.43,10.37,10.38,80235.0,10.48,99.0,0.06,0.58,10.66
600711,盛屯矿业,11.7,11.85,11.66,1184948.0,11.73,1451.0,-0.15,-1.27,11.8
600712,南宁百货,5.34,5.48,5.5,170100.0,5.37,102.0,-0.14,-2.55,5.53
600713,南京医药,5.39,5.3,5.26,247026.0,5.42,1833.0,0.09,1.7,5.47
600714,金瑞矿业,15.24,15.03,15.14,80838.0,15.27,223.0,0.21,1.4,15.26
600715,文投控股,1.67,1.72,1.71,662522.0,1.69,17668.0,-0.05,-2.91,1.72
600716,凤凰股份,3.52,3.59,3.59,50746.0,3.54,669.0,-0.07,-1.95,3.62
600717,天津港,4.18,4.19,4.2,113490.0,4.21,2736.0,-0.01,-0.24,4.21
600718,东软集团,8.18,8.24,8.26,82219.0,8.21,137.0,-0.06,-0.73,8.33
600719,大连热电,7.51,7.8,7.84,156871.0,7.54,230.0,-0.29,-3.72,7.84
600720,中交设计,5.14,5.17,5.17,59253.0,5.17,1115.0,-0.03,-0.58,5.18
600721,百花医药,13.81,14.5,13.61,1201047.0,13.83,589.0,-0.69,-4.76,14.49
600722,金牛化工,11.28,12.52,12.1,986375.0,11.31,77.0,-1.24,-9.9,12.11
600724,宁波富达,5.03,5.06,5.06,71170.0,5.05,633.0,-0.03,-0.59,5.08
600725,云维股份,3.27,3.26,3.26,128498.0,3.29,2277.0,0.01,0.31,3.28
600726,华电能源,6.43,6.8,7.02,3233878.0,6.45,3175.0,-0.37,-5.44,7.05
600727,鲁北化工,7.33,7.35,7.34,90365.0,7.35,1234.0,-0.02,-0.27,7.39
600728,佳都科技,4.66,4.69,4.69,248232.0,4.69,4022.0,-0.03,-0.64,4.77
600729,重百集团,19.02,19.33,19.43,32346.0,19.06,79.0,-0.31,-1.6,19.46
600731,湖南海利,5.74,5.73,5.72,29797.0,5.77,2110.0,0.01,0.17,5.77
600732,爱旭股份,11.84,12.15,12.1,277472.0,11.87,505.0,-0.31,-2.55,12.25
600733,北汽蓝谷,5.3,5.4,5.41,875210.0,5.32,4329.0,-0.1,-1.85,5.43
600736,苏州高新,6.81,6.83,6.84,254464.0,6.83,4312.0,-0.02,-0.29,6.84
600737,中粮糖业,13.06,12.67,12.75,453506.0,13.09,199.0,0.39,3.08,13.21
600738,丽尚国潮,4.0,4.03,4.01,76605.0,4.03,541.0,-0.03,-0.74,4.04
600739,辽宁成大,10.67,10.75,10.8,117683.0,10.7,102.0,-0.08,-0.74,10.87
600740,山西焦化,3.59,3.56,3.57,295773.0,3.62,8628.0,0.03,0.84,3.62
600741,华域汽车,15.4,15.52,15.53,115728.0,15.44,91.0,-0.12,-0.77,15.59
600742,富维股份,7.6,7.64,7.67,35100.0,7.63,83.0,-0.04,-0.52,7.69
600743,华远控股,2.24,2.3,2.3,279244.0,2.26,2816.0,-0.06,-2.61,2.3
600744,华银电力,7.03,7.8,7.61,2601478.0,7.06,2547.0,-0.77,-9.87,7.63
600746,江苏索普,6.46,6.54,6.54,117512.0,6.49,466.0,-0.08,-1.22,6.57
600748,上实发展,3.85,3.9,3.9,99314.0,3.88,1565.0,-0.05,-1.28,3.92
600749,西藏旅游,13.9,14.15,14.14,51702.0,13.92,558.0,-0.25,-1.77,14.15
600750,华润江中,23.81,24.08,24.12,35630.0,23.85,101.0,-0.27,-1.12,24.19
600751,海航科技,3.21,3.21,3.23,234563.0,3.23,5374.0,0.0,0.0,3.24
600754,锦江酒店,19.18,19.23,19.23,87825.0,19.21,43.0,-0.05,-0.26,19.47
600755,厦门国贸,5.67,5.69,5.71,88880.0,5.7,2021.0,-0.02,-0.35,5.71
600756,浪潮软件,15.0,15.4,15.3,249161.0,15.03,627.0,-0.4,-2.6,15.67
600757,长江传媒,7.68,7.71,7.73,59649.0,7.72,316.0,-0.03,-0.39,7.74
600758,辽宁能源,3.43,3.54,3.52,619634.0,3.46,1511.0,-0.11,-3.11,3.53
600760,中航沈飞,44.43,44.36,44.19,191926.0,44.46,59.0,0.07,0.16,45.49
600761,安徽合力,16.66,16.68,16.71,64206.0,16.68,174.0,-0.02,-0.12,16.77
600763,通策医疗,37.5,36.81,36.62,151776.0,37.53,72.0,0.69,1.87,37.99
600764,中国海防,18.0,17.86,17.86,69253.0,18.03,86.0,0.14,0.78,18.34
600765,中航重机,13.47,13.41,13.41,153963.0,13.5,332.0,0.06,0.45,13.72
600768,宁波富邦,15.82,14.95,15.19,85906.0,15.84,90.0,0.87,5.82,16.08
600769,祥龙电业,16.51,15.01,15.05,197360.0,0.0,0.0,1.5,9.99,16.51
600770,综艺股份,5.24,5.2,5.23,195592.0,5.26,1383.0,0.04,0.77,5.27
600771,广誉远,14.03,14.31,14.4,136778.0,14.06,88.0,-0.28,-1.96,14.52
600773,西藏城投,11.23,11.05,11.1,196772.0,11.25,280.0,0.18,1.63,11.4
600774,汉商集团,7.26,7.27,7.25,39206.0,7.28,137.0,-0.01,-0.14,7.37
600775,南京熊猫,10.01,10.06,10.04,216780.0,10.03,683.0,-0.05,-0.5,10.18
600776,东方通信,12.95,12.83,12.93,111683.0,12.98,430.0,0.12,0.94,13.08
600777,新潮能源,4.11,4.17,4.16,175533.0,4.14,1414.0,-0.06,-1.44,4.19
600778,友好集团,5.51,5.53,5.54,48199.0,5.55,263.0,-0.02,-0.36,5.55
600779,水井坊,28.47,28.9,28.89,28007.0,28.51,12.0,-0.43,-1.49,28.99
600780,通宝能源,5.83,5.96,5.96,102140.0,5.86,417.0,-0.13,-2.18,5.96
600782,新钢股份,2.71,2.72,2.73,274625.0,2.74,11564.0,-0.01,-0.37,2.74
600783,鲁信创投,18.36,18.54,18.55,212089.0,18.39,141.0,-0.18,-0.97,18.78
600784,鲁银投资,7.91,8.04,8.04,98365.0,7.94,280.0,-0.13,-1.62,8.1
600785,新华百货,8.74,8.87,8.93,70736.0,8.77,81.0,-0.13,-1.47,8.93
600787,中储股份,4.52,4.6,4.61,129219.0,4.55,1373.0,-0.08,-1.74,4.61
600789,鲁抗医药,7.61,7.67,7.66,411688.0,7.63,500.0,-0.06,-0.78,7.82
600790,轻纺城,3.31,3.32,3.31,89488.0,3.33,1876.0,-0.01,-0.3,3.33
600791,京能置业,7.31,7.51,7.5,175950.0,7.33,334.0,-0.2,-2.66,7.51
600792,云煤能源,3.66,3.7,3.71,130278.0,3.69,1045.0,-0.04,-1.08,3.71
600793,宜宾纸业,14.9,15.06,15.0,79066.0,14.92,16.0,-0.16,-1.06,15.76
600794,保税科技,3.1,3.12,3.12,87402.0,3.12,2911.0,-0.02,-0.64,3.14
600795,国电电力,5.06,5.07,5.06,1014607.0,5.09,46900.0,-0.01,-0.2,5.09
600796,钱江生化,5.14,5.11,5.12,61654.0,5.16,221.0,0.03,0.59,5.15
600797,浙大网新,7.29,7.37,7.31,415027.0,7.32,1052.0,-0.08,-1.09,7.38
600798,宁波海运,3.2,3.23,3.23,101804.0,3.23,1285.0,-0.03,-0.93,3.24
600800,渤海化学,3.59,3.74,3.99,1369952.0,3.62,200.0,-0.15,-4.01,4.11
600801,华新建材,22.86,22.8,22.92,73999.0,22.9,35.0,0.06,0.26,23.06
600802,福建水泥,4.5,4.52,4.56,50839.0,4.53,1137.0,-0.02,-0.44,4.56
600803,新奥股份,17.2,17.33,17.33,38867.0,17.24,16.0,-0.13,-0.75,17.42
600805,悦达投资,4.37,4.42,4.41,43127.0,4.4,705.0,-0.05,-1.13,4.44
600807,济高发展,2.6,2.63,2.64,128593.0,2.63,6279.0,-0.03,-1.14,2.64
600808,马钢股份,2.49,2.49,2.49,410109.0,2.52,13980.0,0.0,0.0,2.51
600809,山西汾酒,123.52,126.55,126.0,69067.0,123.57,4.0,-3.03,-2.39,126.54
600810,神马股份,6.28,6.18,6.18,123376.0,6.3,528.0,0.1,1.62,6.45
600812,华北制药,5.04,5.08,5.08,233565.0,5.06,700.0,-0.04,-0.79,5.13
600814,杭州解百,6.63,6.69,6.68,47121.0,6.65,296.0,-0.06,-0.9,6.7
600815,厦工股份,3.98,3.62,3.63,1138118.0,0.0,0.0,0.36,9.94,3.98
600816,建元信托,2.58,2.59,2.54,1715959.0,2.6,6876.0,-0.01,-0.39,2.62
600817,宇通重工,9.31,9.4,9.4,16237.0,9.35,43.0,-0.09,-0.96,9.45
600819,耀皮玻璃,5.37,5.4,5.39,54848.0,5.39,797.0,-0.03,-0.56,5.43
600820,隧道股份,5.43,5.42,5.43,112181.0,5.45,2497.0,0.01,0.18,5.46
600821,金开新能,6.93,7.15,7.38,2406266.0,6.95,2891.0,-0.22,-3.08,7.38
600822,上海物贸,8.44,8.49,8.5,22278.0,8.46,26.0,-0.05,-0.59,8.6
600824,XD益民集,3.54,3.57,3.57,84441.0,3.56,2114.0,-0.03,-0.84,3.57
600825,新华传媒,5.06,5.13,5.11,111204.0,5.09,1207.0,-0.07,-1.36,5.14
600826,兰生股份,7.91,7.94,7.96,33608.0,7.93,165.0,-0.03,-0.38,8.0
600827,百联股份,7.6,7.71,7.7,119974.0,7.63,981.0,-0.11,-1.43,7.71
600828,茂业商业,3.94,4.03,4.02,141456.0,3.96,1540.0,-0.09,-2.23,4.03
600829,人民同泰,11.83,10.75,10.67,509593.0,0.0,0.0,1.08,10.05,11.83
600830,香溢融通,8.05,8.11,8.1,26753.0,8.07,20.0,-0.06,-0.74,8.12
600831,广电网络,3.36,3.41,3.4,117431.0,3.38,3372.0,-0.05,-1.47,3.42
600833,第一医药,11.7,11.88,11.81,265662.0,11.72,4.0,-0.18,-1.52,12.41
600834,申通地铁,7.3,7.38,7.37,19629.0,7.34,42.0,-0.08,-1.08,7.38
600835,上海机电,19.06,18.82,18.89,61657.0,19.09,53.0,0.24,1.28,19.3
600838,上海九百,7.33,7.46,7.45,68688.0,7.35,197.0,-0.13,-1.74,7.45
600839,四川长虹,7.28,7.05,6.97,1759749.0,7.3,18543.0,0.23,3.26,7.45
600841,动力新科,5.77,5.81,5.79,95004.0,5.8,631.0,-0.04,-0.69,5.83
600843,上工申贝,7.13,7.09,7.24,63812.0,7.15,460.0,0.04,0.56,7.25
600844,金煤科技,3.47,3.54,3.54,308842.0,3.49,1420.0,-0.07,-1.98,3.54
600845,宝信软件,18.24,18.46,18.4,267678.0,18.27,96.0,-0.22,-1.19,18.64
600846,同济科技,12.52,12.37,12.54,44408.0,12.55,183.0,0.15,1.21,12.65
600847,万里股份,12.5,12.53,12.53,11813.0,12.52,14.0,-0.03,-0.24,12.63
600848,上海临港,8.57,8.65,8.7,57002.0,8.6,146.0,-0.08,-0.92,8.74
600850,电科数字,14.93,15.09,15.09,119018.0,14.96,567.0,-0.16,-1.06,15.27
600851,海欣股份,8.7,8.55,8.55,112143.0,8.72,293.0,0.15,1.75,8.73
600853,龙建股份,3.28,3.28,3.3,85447.0,3.31,1390.0,0.0,0.0,3.31
600854,春兰股份,4.48,4.48,4.47,39997.0,4.5,967.0,0.0,0.0,4.53
600855,航天长峰,12.68,12.74,12.81,47211.0,12.7,238.0,-0.06,-0.47,12.82
600857,宁波中百,20.32,19.94,19.84,117337.0,20.34,1.0,0.38,1.91,21.33
600858,银座股份,4.85,4.9,4.87,62590.0,4.88,689.0,-0.05,-1.02,4.91
600859,王府井,9.85,10.15,10.12,180388.0,9.88,580.0,-0.3,-2.96,10.14
600860,京城股份,8.57,8.88,8.86,177828.0,8.6,191.0,-0.31,-3.49,9.1
600861,北京人力,13.05,12.99,13.05,25776.0,13.08,225.0,0.06,0.46,13.16
600862,中航高科,18.07,18.04,18.01,78084.0,18.1,238.0,0.03,0.17,18.25
600863,华能蒙电,4.85,5.01,4.99,1650777.0,4.87,5563.0,-0.16,-3.19,4.99
600864,哈投股份,5.37,5.46,5.45,224951.0,5.4,1671.0,-0.09,-1.65,5.48
600865,百大集团,8.82,8.99,9.0,67687.0,8.84,69.0,-0.17,-1.89,9.02
600866,星湖科技,4.3,4.37,4.37,161902.0,4.33,2764.0,-0.07,-1.6,4.38
600867,通化东宝,8.57,8.59,8.52,430501.0,8.6,1096.0,-0.02,-0.23,8.74
600868,梅雁吉祥,2.81,3.12,2.98,2030024.0,2.84,1186.0,-0.31,-9.94,2.99
600869,远东股份,16.48,15.81,16.09,1521678.0,16.51,223.0,0.67,4.24,16.69
600871,石化油服,2.16,2.17,2.15,901281.0,2.19,23649.0,-0.01,-0.46,2.17
600872,中炬高新,18.77,18.98,19.02,112355.0,18.8,165.0,-0.21,-1.11,19.06
600873,梅花生物,7.95,7.92,7.9,228134.0,7.98,537.0,0.03,0.38,8.05
600874,创业环保,5.53,5.57,5.55,48388.0,5.56,636.0,-0.04,-0.72,5.57
600875,东方电气,26.91,27.04,27.09,296648.0,26.93,310.0,-0.13,-0.48,27.16
600876,凯盛新能,7.0,6.94,6.94,20633.0,7.02,122.0,0.06,0.86,7.04
600877,电科芯片,12.99,13.25,13.3,177104.0,13.02,168.0,-0.26,-1.96,13.45
600879,航天电子,15.89,15.8,15.87,488910.0,15.91,536.0,0.09,0.57,15.98
600880,博瑞传播,3.98,4.03,4.03,177985.0,4.0,2473.0,-0.05,-1.24,4.06
600881,亚泰集团,2.18,2.27,2.46,7479552.0,2.21,7403.0,-0.09,-3.96,2.47
600882,妙可蓝多,21.18,21.7,21.63,66501.0,21.21,5.0,-0.52,-2.4,21.7
600883,博闻科技,7.56,7.53,7.35,25608.0,7.58,127.0,0.03,0.4,7.58
600884,杉杉股份,12.11,11.99,11.97,530790.0,12.14,1861.0,0.12,1.0,12.45
600885,宏发股份,36.2,36.02,36.02,185154.0,36.22,119.0,0.18,0.5,36.46
600886,国投电力,13.78,13.95,13.94,248593.0,13.81,7.0,-0.17,-1.22,13.98
600887,伊利股份,25.51,25.89,25.81,437846.0,25.54,64.0,-0.38,-1.47,25.89
600888,新疆众和,10.37,9.94,9.94,707858.0,10.39,1800.0,0.43,4.33,10.38
600892,大晟文化,3.77,3.86,3.82,451021.0,3.8,1367.0,-0.09,-2.33,3.86
600893,航发动力,36.88,36.27,36.16,367087.0,36.9,425.0,0.61,1.68,37.65
600894,广日股份,7.75,7.8,7.81,19645.0,7.78,62.0,-0.05,-0.64,7.81
600895,张江高科,32.7,32.62,32.66,229239.0,32.73,63.0,0.08,0.25,33.1
600897,厦门空港,14.63,14.63,14.6,8135.0,14.66,6.0,0.0,0.0,14.69
600900,长江电力,28.1,28.24,28.11,735433.0,28.12,33.0,-0.14,-0.5,28.21
600901,江苏金租,6.5,6.55,6.52,326393.0,6.53,489.0,-0.05,-0.76,6.6
600903,贵州燃气,6.29,6.43,6.4,221464.0,6.32,394.0,-0.14,-2.18,6.43
600905,三峡能源,3.73,3.77,3.76,762238.0,3.75,33738.0,-0.04,-1.06,3.77
600906,财达证券,6.58,6.66,6.65,251113.0,6.61,1454.0,-0.08,-1.2,6.75
600908,无锡银行,5.33,5.4,5.4,156896.0,5.36,4646.0,-0.07,-1.3,5.4
600909,华安证券,8.28,8.25,8.26,883188.0,8.31,3329.0,0.03,0.36,8.36
600916,中国黄金,7.53,7.67,7.6,227703.0,7.56,692.0,-0.14,-1.83,7.62
600917,重庆燃气,4.79,4.83,4.85,37227.0,4.82,623.0,-0.04,-0.83,4.85
600918,中泰证券,5.51,5.62,5.61,372149.0,5.54,1037.0,-0.11,-1.96,5.64
600919,江苏银行,11.66,11.69,11.65,541031.0,11.69,1396.0,-0.03,-0.26,11.76
600925,苏能股份,4.36,4.34,4.32,61039.0,4.38,2111.0,0.02,0.46,4.36
600926,杭州银行,16.28,16.18,16.13,336703.0,16.3,117.0,0.1,0.62,16.4
600927,永安期货,12.97,13.11,13.12,32241.0,13.0,151.0,-0.14,-1.07,13.15
600928,西安银行,3.49,3.54,3.53,175184.0,3.52,3556.0,-0.05,-1.41,3.53
600929,雪天盐业,5.17,5.21,5.19,138097.0,5.2,2288.0,-0.04,-0.77,5.25
600930,华电新能,4.1,4.2,4.19,2497981.0,4.13,8908.0,-0.1,-2.38,4.2
600933,爱柯迪,13.68,13.79,13.84,88767.0,13.71,42.0,-0.11,-0.8,13.84
600935,华塑股份,2.26,2.28,2.28,115747.0,2.29,5661.0,-0.02,-0.88,2.29
600936,北投科技,5.36,5.96,5.93,1363490.0,5.38,412.0,-0.6,-10.07,5.99
600938,中国海油,32.67,32.63,32.15,361277.0,32.7,620.0,0.04,0.12,32.78
600939,重庆建工,2.58,2.61,2.61,110752.0,2.61,1689.0,-0.03,-1.15,2.61
600941,中国移动,97.71,96.11,95.69,137922.0,97.9,203.0,1.6,1.66,98.13
600955,维远股份,12.56,12.53,12.53,19121.0,12.58,61.0,0.03,0.24,12.69
600956,新天绿能,7.14,7.26,7.26,69537.0,7.17,1363.0,-0.12,-1.65,7.27
600958,东方证券,9.07,9.18,9.17,489919.0,9.1,1780.0,-0.11,-1.2,9.21
600959,江苏有线,3.08,3.1,3.09,284567.0,3.11,26217.0,-0.02,-0.65,3.11
600960,渤海汽车,3.99,3.99,4.02,124176.0,4.01,1268.0,0.0,0.0,4.11
600961,株冶集团,28.75,28.24,28.33,398454.0,28.78,172.0,0.51,1.81,29.12
600962,国投中鲁,25.74,25.76,25.68,83387.0,25.77,26.0,-0.02,-0.08,25.98
600963,岳阳林纸,3.3,3.31,3.31,367762.0,3.33,3513.0,-0.01,-0.3,3.35
600966,博汇纸业,4.88,4.89,4.9,52609.0,4.91,262.0,-0.01,-0.2,4.92
600967,内蒙一机,11.56,11.61,11.61,191008.0,11.59,333.0,-0.05,-0.43,11.77
600968,海油发展,3.85,3.84,3.83,259658.0,3.88,12118.0,0.01,0.26,3.88
600969,郴电国际,8.75,8.63,8.65,126683.0,8.77,67.0,0.12,1.39,8.92
600970,中材国际,7.77,7.8,7.79,113496.0,7.8,1279.0,-0.03,-0.38,7.84
600971,恒源煤电,8.36,8.29,8.29,150734.0,8.39,3.0,0.07,0.84,8.45
600973,宝胜股份,6.19,6.11,6.23,321792.0,6.21,192.0,0.08,1.31,6.32
600975,新五丰,4.88,4.98,4.97,131589.0,4.9,663.0,-0.1,-2.01,4.97
600976,健民集团,29.17,29.81,29.64,30175.0,29.22,3.0,-0.64,-2.15,30.13
600977,中国电影,12.33,12.77,12.62,496057.0,12.36,1446.0,-0.44,-3.45,12.7
600979,广安爱众,3.97,4.16,4.07,598857.0,4.0,1940.0,-0.19,-4.57,4.09
600980,北矿科技,19.02,18.79,18.77,23963.0,19.05,5.0,0.23,1.22,19.25
600981,苏豪汇鸿,2.44,2.46,2.45,236694.0,2.46,2049.0,-0.02,-0.81,2.46
600982,宁波能源,4.95,5.1,5.1,335156.0,4.97,1453.0,-0.15,-2.94,5.1
600983,惠而浦,7.68,7.71,7.73,19842.0,7.7,765.0,-0.03,-0.39,7.76
600985,淮北矿业,17.34,16.26,16.27,437904.0,17.38,77.0,1.08,6.64,17.56
600986,浙文互联,7.87,8.0,8.0,1104491.0,7.9,4047.0,-0.13,-1.63,8.15
600987,航民股份,6.64,6.61,6.61,33994.0,6.66,1092.0,0.03,0.45,6.66
600988,赤峰黄金,39.78,38.66,37.67,558126.0,39.8,346.0,1.12,2.9,39.99
600989,宝丰能源,22.89,22.81,22.81,542475.0,22.92,30.0,0.08,0.35,22.97
600990,四创电子,18.6,18.9,18.65,49461.0,18.62,10.0,-0.3,-1.59,19.05
600992,贵绳股份,9.91,9.9,9.9,59746.0,9.94,79.0,0.01,0.1,10.1
600993,马应龙,23.34,23.28,23.28,48666.0,23.4,3.0,0.06,0.26,23.58
600995,南网储能,12.39,12.65,12.64,137430.0,12.42,515.0,-0.26,-2.06,12.69
600996,贵广网络,6.92,7.03,7.05,182273.0,6.95,1341.0,-0.11,-1.56,7.07
600997,开滦股份,5.48,5.42,5.42,89858.0,5.52,211.0,0.06,1.11,5.53
600998,九州通,5.06,5.09,5.06,269367.0,5.09,1228.0,-0.03,-0.59,5.15
600999,招商证券,18.04,18.24,18.22,397272.0,18.07,145.0,-0.2,-1.1,18.35
601000,唐山港,4.47,4.53,4.55,288031.0,4.5,1176.0,-0.06,-1.32,4.55
601001,晋控煤业,17.16,17.16,17.13,178920.0,17.19,255.0,0.0,0.0,17.43
601002,晋亿实业,5.26,5.29,5.27,117819.0,5.29,834.0,-0.03,-0.57,5.31
601003,柳钢股份,3.71,3.69,3.7,158753.0,3.74,3134.0,0.02,0.54,3.75
601005,重庆钢铁,1.2,1.2,1.2,492079.0,1.22,112817.0,0.0,0.0,1.21
601006,大秦铁路,4.69,4.72,4.71,849428.0,4.72,30007.0,-0.03,-0.64,4.72
601007,金陵饭店,6.69,6.68,6.73,82229.0,6.72,571.0,0.01,0.15,6.8
601008,连云港,4.28,4.34,4.33,98762.0,4.3,751.0,-0.06,-1.38,4.35
601009,南京银行,11.18,11.21,11.17,340456.0,11.21,1583.0,-0.03,-0.27,11.29
601011,宝泰隆,2.66,2.67,2.66,213688.0,2.69,3303.0,-0.01,-0.37,2.68
601012,隆基绿能,12.65,12.7,12.72,776622.0,12.68,1972.0,-0.05,-0.39,12.8
601015,陕西黑猫,3.37,3.38,3.37,371748.0,3.39,4517.0,-0.01,-0.3,3.39
601016,节能风电,3.55,3.7,3.68,2245765.0,3.57,5187.0,-0.15,-4.05,3.69
601018,宁波港,3.34,3.33,3.32,421737.0,3.36,34112.0,0.01,0.3,3.35
601019,山东出版,6.91,6.92,6.9,86162.0,6.94,378.0,-0.01,-0.14,6.93
601020,华钰矿业,21.94,21.91,21.82,215766.0,21.96,193.0,0.03,0.14,22.23
601021,春秋航空,44.12,44.48,44.48,47995.0,44.15,68.0,-0.36,-0.81,44.69
601022,宁波远洋,7.92,7.99,7.99,34460.0,7.95,88.0,-0.07,-0.88,8.07
601026,道生天合,17.35,16.63,17.0,255702.0,17.38,103.0,0.72,4.33,17.95
601033,永兴股份,14.22,14.25,14.3,26447.0,14.27,115.0,-0.03,-0.21,14.32
601038,一拖股份,12.67,12.86,12.9,51370.0,12.7,27.0,-0.19,-1.48,12.93
601058,赛轮轮胎,13.55,13.38,13.4,255313.0,13.58,464.0,0.17,1.27,13.6
601059,信达证券,16.59,16.8,16.81,48971.0,16.62,94.0,-0.21,-1.25,16.85
601061,中信金属,11.71,11.6,11.65,144262.0,11.74,133.0,0.11,0.95,11.74
601065,江盐集团,6.72,6.76,6.77,42155.0,6.76,1429.0,-0.04,-0.59,6.77
601066,中信建投,25.54,25.97,25.99,236012.0,25.57,195.0,-0.43,-1.66,26.13
601068,中铝国际,4.35,4.46,4.43,173032.0,4.38,384.0,-0.11,-2.47,4.43
601069,西部黄金,28.0,27.54,26.86,238982.0,28.02,31.0,0.46,1.67,28.75
601077,渝农商行,6.57,6.53,6.51,601367.0,6.59,2457.0,0.04,0.61,6.64
601083,锦江航运,11.09,11.19,11.21,29139.0,11.13,143.0,-0.1,-0.89,11.22
601086,国芳集团,7.84,7.98,7.99,108487.0,7.86,107.0,-0.14,-1.75,8.03
601088,中国神华,44.72,44.34,44.22,220258.0,44.76,21.0,0.38,0.86,44.93
601089,福元医药,18.19,18.4,18.36,35829.0,18.26,27.0,-0.21,-1.14,18.65
601096,宏盛华源,4.25,4.32,4.33,199063.0,4.28,1094.0,-0.07,-1.62,4.35
601098,中南传媒,10.2,10.3,10.29,73855.0,10.23,426.0,-0.1,-0.97,10.3
601099,太平洋,3.47,3.43,3.44,1965353.0,3.5,29545.0,0.04,1.17,3.53
601100,恒立液压,106.28,106.01,105.99,44692.0,106.31,1.0,0.27,0.25,107.8
601101,昊华能源,12.84,12.57,12.52,516477.0,12.87,671.0,0.27,2.15,13.0
601106,中国一重,3.13,3.15,3.15,405460.0,3.15,11763.0,-0.02,-0.63,3.16
601107,四川成渝,5.49,5.53,5.54,61606.0,5.52,279.0,-0.04,-0.72,5.54
601108,财通证券,8.83,8.98,8.93,1377396.0,8.86,1006.0,-0.15,-1.67,9.21
601111,中国国航,5.91,5.94,5.94,484929.0,5.94,3735.0,-0.03,-0.51,5.96
601112,振石股份,15.3,15.1,15.15,34641.0,15.33,123.0,0.2,1.32,15.39
601113,华鼎股份,3.39,3.41,3.42,62928.0,3.42,1488.0,-0.02,-0.59,3.45
601116,三江购物,10.56,10.8,10.74,94826.0,10.58,100.0,-0.24,-2.22,10.79
601117,中国化学,7.4,7.47,7.45,417488.0,7.42,7590.0,-0.07,-0.94,7.46
601118,海南橡胶,5.28,5.41,5.4,541554.0,5.3,2885.0,-0.13,-2.4,5.4
601121,宝地矿业,7.17,7.13,7.13,90455.0,7.19,662.0,0.04,0.56,7.22
601126,四方股份,46.11,47.1,47.21,267107.0,46.15,187.0,-0.99,-2.1,47.68
601127,赛力斯,53.2,54.28,54.21,208704.0,53.22,715.0,-1.08,-1.99,54.27
601128,常熟银行,6.09,6.13,6.12,371549.0,6.12,3578.0,-0.04,-0.65,6.14
601133,柏诚股份,26.81,26.16,26.46,115605.0,26.83,81.0,0.65,2.48,27.68
601136,首创证券,14.21,14.39,14.45,84415.0,14.24,170.0,-0.18,-1.25,14.47
601137,博威合金,18.4,17.84,18.12,241048.0,18.42,35.0,0.56,3.14,18.95
601138,工业富联,66.19,65.23,65.6,1071503.0,66.22,448.0,0.96,1.47,66.48
601139,深圳燃气,6.21,6.23,6.23,144259.0,6.25,1150.0,-0.02,-0.32,6.25
601155,新城控股,11.15,11.55,11.55,304491.0,11.17,173.0,-0.4,-3.46,11.57
601156,东航物流,17.71,17.91,17.81,61232.0,17.76,25.0,-0.2,-1.12,18.12
601158,重庆水务,4.12,4.16,4.16,56269.0,4.15,383.0,-0.04,-0.96,4.16
601162,天风证券,3.73,3.8,3.78,1532357.0,3.76,9397.0,-0.07,-1.84,3.8
601163,三角轮胎,13.0,13.07,13.09,22653.0,13.02,107.0,-0.07,-0.54,13.09
601166,兴业银行,18.03,18.17,18.09,646951.0,18.06,3925.0,-0.14,-0.77,18.16
601168,西部矿业,37.14,36.3,36.0,693634.0,37.16,164.0,0.84,2.31,37.27
601169,北京银行,4.96,4.99,4.98,866306.0,4.99,18499.0,-0.03,-0.6,4.99
601177,杭齿前进,13.17,13.24,13.2,42420.0,13.19,106.0,-0.07,-0.53,13.33
601179,中国西电,13.51,13.85,13.81,1218526.0,13.54,1761.0,-0.34,-2.45,13.83
601186,中国铁建,6.05,6.07,6.08,241320.0,6.08,5730.0,-0.02,-0.33,6.08
601187,厦门银行,7.37,7.4,7.39,173437.0,7.4,218.0,-0.03,-0.41,7.52
601188,龙江交通,2.84,2.87,2.87,144644.0,2.86,4656.0,-0.03,-1.05,2.88
601198,东兴证券,13.62,13.88,13.88,209839.0,13.64,119.0,-0.26,-1.87,13.93
601199,江南水务,6.5,6.4,6.42,191163.0,6.53,442.0,0.1,1.56,6.51
601200,上海环境,6.95,6.98,7.0,62641.0,6.98,1736.0,-0.03,-0.43,7.02
601208,东材科技,47.71,46.92,46.91,622877.0,47.74,194.0,0.79,1.68,48.65
601211,国泰海通,17.95,18.15,18.15,549821.0,17.98,53.0,-0.2,-1.1,18.27
601212,白银有色,5.44,5.49,5.44,1289588.0,5.47,4545.0,-0.05,-0.91,5.49
601216,君正集团,4.46,4.48,4.48,261834.0,4.48,5747.0,-0.02,-0.45,4.5
601218,吉鑫科技,4.58,4.65,4.66,273034.0,4.6,2578.0,-0.07,-1.51,4.68
601222,林洋能源,5.51,5.59,5.59,123021.0,5.54,192.0,-0.08,-1.43,5.6
601225,陕西煤业,25.37,25.08,25.04,360918.0,25.39,7.0,0.29,1.16,25.61
601226,华电科工,6.19,6.22,6.2,76369.0,6.22,686.0,-0.03,-0.48,6.26
601228,广州港,3.02,3.03,3.02,136725.0,3.05,6877.0,-0.01,-0.33,3.04
601229,上海银行,9.42,9.31,9.28,831274.0,9.45,2459.0,0.11,1.18,9.53
601231,环旭电子,27.59,27.22,27.46,199654.0,27.62,187.0,0.37,1.36,27.99
601233,桐昆股份,22.84,22.67,22.77,246900.0,22.86,5.0,0.17,0.75,23.13
601236,红塔证券,6.91,6.98,6.99,106633.0,6.94,1477.0,-0.07,-1.0,7.0
601238,广汽集团,5.11,5.15,5.15,159168.0,5.14,1066.0,-0.04,-0.78,5.17
601279,英利汽车,3.22,3.24,3.23,106960.0,3.24,833.0,-0.02,-0.62,3.25
601288,农业银行,6.47,6.56,6.51,3778274.0,6.5,20953.0,-0.09,-1.37,6.55
601298,青岛港,8.69,8.69,8.72,47330.0,8.71,81.0,0.0,0.0,8.74
601311,骆驼股份,7.73,7.76,7.77,74134.0,7.75,361.0,-0.03,-0.39,7.82
601318,中国平安,51.75,52.8,52.67,642788.0,51.78,166.0,-1.05,-1.99,52.77
601319,中国人保,6.86,7.03,7.0,687496.0,6.89,861.0,-0.17,-2.42,7.01
601326,秦港股份,3.37,3.33,3.34,236878.0,3.4,4030.0,0.04,1.2,3.42
601328,交通银行,6.88,6.93,6.91,1281056.0,6.91,14873.0,-0.05,-0.72,6.96
601330,绿色动力,7.09,7.17,7.14,79856.0,7.11,844.0,-0.08,-1.12,7.16
601333,广深铁路,2.9,2.93,2.93,471325.0,2.93,21668.0,-0.03,-1.02,2.94
601336,新华保险,57.78,58.49,58.32,140541.0,57.81,35.0,-0.71,-1.21,58.36
601339,百隆东方,7.71,7.85,7.85,99154.0,7.73,958.0,-0.14,-1.78,7.88
601360,三六零,9.47,9.39,9.38,803436.0,9.49,2995.0,0.08,0.85,9.6
601366,利群股份,3.5,3.58,3.55,106710.0,3.53,1158.0,-0.08,-2.23,3.58
601368,绿城水务,4.49,4.52,4.51,31360.0,4.52,320.0,-0.03,-0.66,4.53
601369,陕鼓动力,8.94,8.97,8.98,79202.0,8.97,576.0,-0.03,-0.33,9.0
601375,XD中原证,4.07,4.13,4.14,290486.0,4.1,3925.0,-0.06,-1.45,4.14
601377,兴业证券,5.84,5.88,5.88,484867.0,5.86,8007.0,-0.04,-0.68,5.89
601388,怡球资源,3.29,3.29,3.3,289374.0,3.31,4389.0,0.0,0.0,3.31
601390,中国中铁,4.36,4.39,4.38,538111.0,4.39,16453.0,-0.03,-0.68,4.39
601398,工商银行,7.56,7.6,7.54,2778729.0,7.59,25598.0,-0.04,-0.53,7.63
601399,国机重装,3.22,3.24,3.24,454323.0,3.25,12189.0,-0.02,-0.62,3.25
601456,国联民生,8.93,9.04,9.05,189316.0,8.96,683.0,-0.11,-1.22,9.07
601500,通用股份,3.98,3.99,4.0,111635.0,4.01,2176.0,-0.01,-0.25,4.01
601512,中新集团,7.78,7.83,7.84,18734.0,7.81,151.0,-0.05,-0.64,7.84
601515,衢州东峰,3.42,3.48,3.52,168362.0,3.44,1830.0,-0.06,-1.72,3.52
601518,吉林高速,2.77,2.77,2.78,76670.0,2.8,14308.0,0.0,0.0,2.79
601519,大智慧,8.07,8.22,8.23,290311.0,8.1,741.0,-0.15,-1.82,8.3
601528,瑞丰银行,4.86,4.86,4.86,161522.0,4.89,646.0,0.0,0.0,4.93
601555,东吴证券,7.95,8.03,8.03,230066.0,7.97,255.0,-0.08,-1.0,8.07
601566,九牧王,8.41,8.48,8.47,39985.0,8.43,161.0,-0.07,-0.83,8.52
601567,三星电气,15.28,15.68,15.65,137736.0,15.3,128.0,-0.4,-2.55,15.7
601568,北元化工,3.64,3.64,3.66,87863.0,3.67,3322.0,0.0,0.0,3.67
601577,长沙银行,9.18,9.18,9.18,134090.0,9.2,217.0,0.0,0.0,9.25
601579,会稽山,18.68,17.45,18.0,574649.0,18.71,40.0,1.23,7.05,19.2
601588,北辰实业,1.71,1.76,1.74,423459.0,1.74,4629.0,-0.05,-2.84,1.77
601595,上海电影,17.41,17.96,17.9,74251.0,17.44,30.0,-0.55,-3.06,18.2
601598,中国外运,6.41,6.46,6.48,98214.0,6.45,221.0,-0.05,-0.77,6.51
601599,浙文影业,3.04,3.06,3.05,127351.0,3.06,5646.0,-0.02,-0.65,3.08
601600,XD中国铝,9.26,9.23,9.11,1281113.0,9.28,7794.0,0.03,0.33,9.29
601601,中国太保,29.92,30.43,30.3,349087.0,29.95,441.0,-0.51,-1.68,30.38
601606,长城军工,34.0,35.1,34.73,308907.0,34.03,28.0,-1.1,-3.13,35.45
601607,上海医药,16.59,16.78,16.79,93011.0,16.62,211.0,-0.19,-1.13,16.85
601608,中信重工,4.83,4.87,4.88,265590.0,4.86,2505.0,-0.04,-0.82,4.9
601609,金田股份,10.95,9.95,10.1,592046.0,0.0,0.0,1.0,10.05,10.95
601611,中国核建,11.28,11.17,11.2,288256.0,11.3,1835.0,0.11,0.98,11.28
601615,明阳智能,11.65,12.12,12.18,653608.0,11.67,222.0,-0.47,-3.88,12.19
601616,广电电气,3.69,3.72,3.7,141459.0,3.72,4444.0,-0.03,-0.81,3.72
601618,中国中冶,2.56,2.57,2.56,626979.0,2.59,39477.0,-0.01,-0.39,2.58
601619,嘉泽新能,4.32,4.47,4.35,964277.0,4.35,2633.0,-0.15,-3.36,4.36
601628,中国人寿,36.84,37.46,37.31,256992.0,36.87,430.0,-0.62,-1.66,37.38
601633,长城汽车,15.42,15.51,15.5,101262.0,15.45,589.0,-0.09,-0.58,15.55
601636,旗滨集团,6.07,6.01,6.04,486673.0,6.09,3720.0,0.06,1.0,6.11
601658,邮储银行,4.92,4.95,4.94,751654.0,4.95,44678.0,-0.03,-0.61,4.94
601665,齐鲁银行,6.22,6.25,6.24,269761.0,6.24,1757.0,-0.03,-0.48,6.27
601666,平煤股份,9.59,8.99,9.03,573244.0,9.62,869.0,0.6,6.67,9.65
601668,中国建筑,4.4,4.44,4.44,1622472.0,4.42,28000.0,-0.04,-0.9,4.44
601669,中国电建,4.7,4.69,4.68,698067.0,4.72,18207.0,0.01,0.21,4.7
601677,明泰铝业,16.28,16.44,16.34,210505.0,16.31,31.0,-0.16,-0.97,16.43
601678,滨化股份,7.07,7.12,7.2,1210523.0,7.09,1180.0,-0.05,-0.7,7.35
601686,友发集团,5.12,5.14,5.13,35756.0,5.15,1887.0,-0.02,-0.39,5.15
601688,华泰证券,19.39,19.56,19.56,473345.0,19.42,797.0,-0.17,-0.87,19.66
601689,拓普集团,49.51,49.69,49.88,164466.0,49.53,115.0,-0.18,-0.36,50.1
601696,中银证券,11.88,12.08,12.05,319872.0,11.91,460.0,-0.2,-1.66,12.15
601698,中国卫通,26.49,26.27,26.45,160191.0,26.51,240.0,0.22,0.84,26.57
601699,潞安环能,16.42,15.97,15.99,353401.0,16.45,668.0,0.45,2.82,16.44
601700,风范股份,6.56,7.1,7.04,2010982.0,6.59,1012.0,-0.54,-7.61,7.1
601702,华峰铝业,14.98,15.07,15.08,51088.0,15.01,213.0,-0.09,-0.6,15.08
601717,中创智领,15.39,15.36,15.36,99868.0,15.41,75.0,0.03,0.2,15.45
601727,上海电气,6.71,6.78,6.79,446341.0,6.74,5256.0,-0.07,-1.03,6.8
601728,中国电信,6.57,6.43,6.41,1350655.0,6.59,22792.0,0.14,2.18,6.6
601766,中国中车,5.88,5.9,5.88,1013125.0,5.91,21037.0,-0.02,-0.34,5.91
601777,千里科技,8.19,8.22,8.28,204295.0,8.24,554.0,-0.03,-0.36,8.35
601778,晶科科技,3.82,3.89,3.86,1352505.0,3.85,6915.0,-0.07,-1.8,3.87
601788,光大证券,14.57,14.81,14.81,234241.0,14.6,281.0,-0.24,-1.62,14.86
601789,宁波建工,4.62,4.73,4.74,1570169.0,4.64,1666.0,-0.11,-2.33,4.78
601798,蓝科高新,7.54,7.54,7.55,35609.0,7.57,524.0,0.0,0.0,7.61
601799,星宇股份,92.01,94.43,94.21,22366.0,92.11,8.0,-2.42,-2.56,94.56
601800,中国交建,5.93,5.97,5.97,201213.0,5.96,2857.0,-0.04,-0.67,5.97
601801,皖新传媒,5.41,5.42,5.45,71646.0,5.44,675.0,-0.01,-0.18,5.45
601808,中海油服,11.9,11.89,11.84,103830.0,11.93,125.0,0.01,0.08,11.91
601811,新华文轩,11.91,11.93,11.85,19156.0,11.94,58.0,-0.02,-0.17,11.95
601816,京沪高铁,4.9,4.97,4.97,901958.0,4.93,14315.0,-0.07,-1.41,4.97
601818,光大银行,3.0,3.02,3.01,1378312.0,3.03,111665.0,-0.02,-0.66,3.02
601825,沪农商行,8.65,8.52,8.45,524142.0,8.7,52.0,0.13,1.53,8.85
601827,三峰环境,8.41,8.6,8.56,98267.0,8.43,287.0,-0.19,-2.21,8.66
601828,美凯龙,2.15,2.21,2.21,518408.0,2.18,9125.0,-0.06,-2.71,2.21
601838,成都银行,18.06,18.16,18.08,110683.0,18.1,3.0,-0.1,-0.55,18.21
601857,中国石油,10.66,10.56,10.48,947600.0,10.69,1234.0,0.1,0.95,10.72
601858,中国科传,24.52,25.64,25.22,167909.0,24.56,22.0,-1.12,-4.37,25.64
601860,紫金银行,2.52,2.54,2.54,335328.0,2.55,19262.0,-0.02,-0.79,2.54
601865,福莱特,10.75,10.84,10.89,234629.0,10.78,802.0,-0.09,-0.83,10.93
601866,中远海发,2.35,2.35,2.35,371366.0,2.37,22463.0,0.0,0.0,2.36
601868,中国能建,2.54,2.55,2.56,2232307.0,2.57,70569.0,-0.01,-0.39,2.56
601869,长飞光纤,355.18,337.51,343.0,146235.0,355.21,5.0,17.67,5.24,363.0
601872,招商轮船,17.05,17.13,17.32,517833.0,17.07,97.0,-0.08,-0.47,17.5
601877,正泰电器,25.01,25.28,25.19,136701.0,25.04,190.0,-0.27,-1.07,25.33
601878,浙商证券,9.32,9.45,9.45,268107.0,9.35,994.0,-0.13,-1.38,9.47
601880,辽港股份,1.43,1.45,1.45,620798.0,1.46,68097.0,-0.02,-1.38,1.46
601881,中国银河,12.21,12.35,12.34,246079.0,12.24,763.0,-0.14,-1.13,12.38
601882,海天精工,20.3,20.66,20.78,98739.0,20.33,112.0,-0.36,-1.74,21.26
601886,江河集团,11.75,11.53,11.53,461491.0,11.78,283.0,0.22,1.91,12.08
601888,中国中免,54.06,54.97,55.0,272601.0,54.09,268.0,-0.91,-1.66,55.01
601890,亚星锚链,9.18,8.59,8.56,1056058.0,9.2,4373.0,0.59,6.87,9.45
601898,中煤能源,14.05,13.93,13.93,384548.0,14.07,598.0,0.12,0.86,14.15
601899,紫金矿业,32.53,32.21,31.8,1943765.0,32.56,2604.0,0.32,0.99,32.66
601900,南方传媒,11.83,11.82,11.75,46759.0,11.88,7.0,0.01,0.08,11.92
601901,方正证券,6.9,6.99,6.99,463716.0,6.93,3635.0,-0.09,-1.29,7.0
601908,京运通,3.09,3.18,3.15,527366.0,3.12,1213.0,-0.09,-2.83,3.21
601916,浙商银行,2.93,2.93,2.92,916195.0,2.95,89281.0,0.0,0.0,2.95
601918,新集能源,9.94,9.97,9.95,293434.0,9.97,300.0,-0.03,-0.3,10.04
601919,中远海控,15.39,15.25,15.32,516651.0,15.42,1065.0,0.14,0.92,15.49
601921,浙版传媒,7.27,7.33,7.3,43657.0,7.3,303.0,-0.06,-0.82,7.32
601928,凤凰传媒,9.2,9.16,9.18,67311.0,9.23,58.0,0.04,0.44,9.24
601929,吉视传媒,2.41,2.48,2.49,805274.0,2.44,7000.0,-0.07,-2.82,2.49
601933,永辉超市,3.19,3.28,3.27,1434846.0,3.22,6991.0,-0.09,-2.74,3.28
601939,建设银行,10.24,10.3,10.23,1051539.0,10.27,4713.0,-0.06,-0.58,10.35
601949,中国出版,5.17,5.31,5.31,179181.0,5.2,1537.0,-0.14,-2.64,5.31
601952,苏垦农发,8.08,8.14,8.13,67136.0,8.1,350.0,-0.06,-0.74,8.15
601956,东贝集团,4.88,4.89,4.89,34028.0,4.9,537.0,-0.01,-0.2,4.93
601958,金钼股份,22.61,22.4,22.3,294355.0,22.64,473.0,0.21,0.94,22.85
601963,重庆银行,10.81,10.95,10.94,70335.0,10.84,18.0,-0.14,-1.28,10.94
601965,中国汽研,13.84,13.88,13.96,47303.0,13.87,93.0,-0.04,-0.29,13.96
601966,玲珑轮胎,10.94,11.1,11.11,72307.0,10.97,602.0,-0.16,-1.44,11.13
601968,宝钢包装,4.38,4.42,4.42,48498.0,4.4,859.0,-0.04,-0.9,4.43
601969,海南矿业,9.18,9.11,9.11,140520.0,9.2,27.0,0.07,0.77,9.26
601975,招商南油,3.56,3.57,3.6,993451.0,3.59,18864.0,-0.01,-0.28,3.6
601985,中国核电,8.78,8.82,8.8,447565.0,8.81,10684.0,-0.04,-0.45,8.81
601988,中国银行,5.88,5.95,5.93,1974052.0,5.91,17605.0,-0.07,-1.18,5.95
601990,南京证券,6.65,6.73,6.73,187891.0,6.68,1302.0,-0.08,-1.19,6.74
601991,大唐发电,6.48,6.92,6.93,8779654.0,6.51,8824.0,-0.44,-6.36,6.97
601992,金隅集团,1.39,1.41,1.41,338018.0,1.42,18356.0,-0.02,-1.42,1.42
601995,中金公司,34.79,35.37,35.47,169062.0,34.82,172.0,-0.58,-1.64,35.59
601996,丰林集团,2.45,2.51,2.51,208155.0,2.48,1050.0,-0.06,-2.39,2.52
601997,贵阳银行,5.56,5.59,5.58,265327.0,5.59,4460.0,-0.03,-0.54,5.59
601998,中信银行,7.7,7.69,7.68,444630.0,7.74,926.0,0.01,0.13,7.8
601999,出版传媒,6.29,6.74,6.52,376166.0,6.32,36.0,-0.45,-6.68,6.52
603000,人民网,16.66,16.85,16.7,181106.0,16.68,206.0,-0.19,-1.13,17.08
603001,奥康国际,7.49,7.45,7.45,121912.0,7.51,38.0,0.04,0.54,7.55
603002,宏昌电子,15.99,15.13,15.21,986716.0,16.01,578.0,0.86,5.68,16.64
603004,鼎龙科技,20.2,20.03,20.05,24186.0,20.22,109.0,0.17,0.85,20.4
603005,晶方科技,33.51,33.1,33.5,274424.0,33.54,138.0,0.41,1.24,33.74
603006,联明股份,11.18,11.15,11.12,17735.0,11.24,15.0,0.03,0.27,11.28
603007,顺景科技,4.8,4.93,4.9,242280.0,4.82,1216.0,-0.13,-2.64,4.93
603009,北特科技,47.99,48.5,48.49,139284.0,48.01,23.0,-0.51,-1.05,49.69
603010,万盛股份,11.26,11.09,11.1,48316.0,11.28,247.0,0.17,1.53,11.29
603011,合锻智能,24.25,24.56,24.23,622712.0,24.27,102.0,-0.31,-1.26,24.85
603012,创力集团,9.43,9.13,9.31,818490.0,9.45,250.0,0.3,3.29,10.04
603013,亚普股份,16.39,16.62,16.69,28872.0,16.5,36.0,-0.23,-1.38,16.69
603014,威高血净,33.87,34.1,34.15,14481.0,33.93,24.0,-0.23,-0.67,34.3
603015,弘讯科技,10.69,10.74,10.75,32345.0,10.71,199.0,-0.05,-0.47,10.8
603016,新宏泰,29.23,29.79,29.92,23150.0,29.27,4.0,-0.56,-1.88,29.93
603017,中衡设计,9.5,9.51,9.55,33166.0,9.53,59.0,-0.01,-0.11,9.57
603018,华设集团,5.3,5.33,5.34,54421.0,5.33,379.0,-0.03,-0.56,5.36
603019,中科曙光,89.36,89.63,89.65,501422.0,89.38,166.0,-0.27,-0.3,90.76
603020,爱普股份,10.24,10.4,10.64,78341.0,10.27,22.0,-0.16,-1.54,10.64
603022,新通联,8.66,8.62,8.62,22069.0,8.68,60.0,0.04,0.46,8.67
603023,威帝股份,4.06,4.08,4.08,96102.0,4.09,934.0,-0.02,-0.49,4.1
603025,大豪科技,15.18,13.8,14.7,208774.0,0.0,0.0,1.38,10.0,15.18
603026,石大胜华,67.43,66.26,66.45,121743.0,67.45,23.0,1.17,1.77,71.1
603027,千禾味业,7.31,7.44,7.45,143123.0,7.33,485.0,-0.13,-1.75,7.46
603028,赛福天,6.92,6.9,6.9,27330.0,6.94,59.0,0.02,0.29,6.97
603029,天鹅股份,15.55,15.43,15.45,14952.0,15.6,13.0,0.12,0.78,15.64
603030,全筑股份,2.05,2.1,2.12,311461.0,2.08,5620.0,-0.05,-2.38,2.13
603031,安孚科技,41.71,40.3,40.1,115073.0,41.74,44.0,1.41,3.5,41.99
603032,德新科技,19.21,19.16,19.17,61968.0,19.25,51.0,0.05,0.26,19.46
603033,三维股份,7.87,7.74,7.8,94865.0,7.93,515.0,0.13,1.68,8.1
603035,常熟汽饰,11.01,11.01,11.0,26627.0,11.04,157.0,0.0,0.0,11.09
603036,如通股份,13.55,13.64,13.56,44707.0,13.59,19.0,-0.09,-0.66,13.73
603037,凯众股份,10.41,10.3,10.35,26500.0,10.43,378.0,0.11,1.07,10.43
603038,华立股份,16.09,16.26,16.6,100702.0,16.13,73.0,-0.17,-1.05,16.6
603039,泛微网络,44.9,46.36,46.67,392202.0,44.93,12.0,-1.46,-3.15,48.3
603040,新坐标,56.43,56.77,57.01,11683.0,56.49,11.0,-0.34,-0.6,57.98
603041,美思德,10.89,10.8,10.8,17472.0,10.93,101.0,0.09,0.83,10.98
603042,华脉科技,13.6,13.36,13.43,70851.0,13.63,493.0,0.24,1.8,13.66
603043,广州酒家,13.64,13.69,13.67,37263.0,13.68,161.0,-0.05,-0.37,13.78
603045,福达合金,53.59,53.99,53.88,71552.0,53.62,9.0,-0.4,-0.74,54.42
603048,浙江黎明,21.97,22.0,22.1,15463.0,22.02,4.0,-0.03,-0.14,22.48
603049,中策橡胶,47.12,47.51,47.55,12120.0,47.17,17.0,-0.39,-0.82,47.79
603050,科林电气,17.94,17.93,17.95,22352.0,17.97,13.0,0.01,0.06,17.96
603051,鹿山新材,21.73,21.64,21.71,31285.0,21.75,557.0,0.09,0.42,21.82
603052,可川科技,57.73,56.37,57.33,85711.0,57.79,3.0,1.36,2.41,59.98
603053,成都燃气,8.76,8.73,8.74,16178.0,8.79,198.0,0.03,0.34,8.77
603055,台华新材,8.96,8.98,8.98,72774.0,8.98,323.0,-0.02,-0.22,9.16
603057,紫燕食品,22.82,22.4,22.63,30726.0,22.87,16.0,0.42,1.88,23.05
603058,永吉股份,9.77,9.84,9.87,51715.0,9.79,31.0,-0.07,-0.71,9.89
603059,倍加洁,25.01,25.4,25.1,16874.0,25.06,3.0,-0.39,-1.54,25.6
603060,国检集团,5.44,5.46,5.46,46723.0,5.46,447.0,-0.02,-0.37,5.48
603061,金海通,333.22,337.98,342.0,36754.0,333.24,60.0,-4.76,-1.41,343.45
603062,麦加芯彩,38.12,38.86,39.3,2882.0,38.14,15.0,-0.74,-1.9,39.32
603063,禾望电气,34.44,34.35,35.0,219711.0,34.47,113.0,0.09,0.26,35.08
603065,宿迁联盛,16.05,16.01,16.33,294245.0,16.08,99.0,0.04,0.25,16.53
603066,音飞储存,9.09,9.1,9.11,28808.0,9.12,11.0,-0.01,-0.11,9.2
603067,振华股份,33.2,34.42,34.35,291294.0,33.23,20.0,-1.22,-3.54,34.8
603068,博通集成,41.44,40.5,41.09,122532.0,41.46,39.0,0.94,2.32,41.8
603069,海汽集团,13.17,13.3,13.45,25973.0,13.2,33.0,-0.13,-0.98,13.47
603070,万控智造,11.59,11.7,11.75,23349.0,11.61,227.0,-0.11,-0.94,11.75
603071,物产环能,11.95,12.11,12.05,20804.0,11.98,24.0,-0.16,-1.32,12.08
603072,天和磁材,32.04,31.75,31.89,17441.0,32.08,452.0,0.29,0.91,32.45
603073,彩蝶实业,16.58,16.35,16.35,16399.0,16.61,5.0,0.23,1.41,16.77
603075,热威股份,18.93,19.0,18.99,14157.0,18.97,21.0,-0.07,-0.37,19.02
603076,乐惠国际,21.53,21.94,21.86,38991.0,21.57,33.0,-0.41,-1.87,22.39
603077,和邦生物,2.37,2.35,2.34,1065304.0,2.39,39522.0,0.02,0.85,2.38
603078,江化微,36.18,36.44,36.5,288324.0,36.2,70.0,-0.26,-0.71,37.5
603079,圣达生物,13.41,12.19,12.13,89563.0,0.0,0.0,1.22,10.01,13.41
603080,新疆火炬,18.59,18.76,18.62,9790.0,18.62,102.0,-0.17,-0.91,18.8
603081,大丰实业,9.58,9.66,9.73,32274.0,9.61,21.0,-0.08,-0.83,9.73
603082,北自科技,40.15,40.59,40.78,30609.0,40.17,20.0,-0.44,-1.08,41.1
603083,剑桥科技,185.9,169.0,170.19,397817.0,0.0,0.0,16.9,10.0,185.9
603085,天成自控,10.07,9.98,9.93,30458.0,10.09,152.0,0.09,0.9,10.17
603086,先达股份,5.59,5.61,5.61,44450.0,5.62,809.0,-0.02,-0.36,5.67
603087,甘李药业,74.98,77.48,76.01,234182.0,75.01,29.0,-2.5,-3.23,79.79
603088,宁波精达,9.35,9.31,9.34,42648.0,9.38,494.0,0.04,0.43,9.4
603089,正裕工业,9.75,8.86,8.89,61840.0,0.0,0.0,0.89,10.05,9.75
603090,宏盛股份,39.8,39.43,39.61,16902.0,39.85,2.0,0.37,0.94,40.0
603091,众鑫股份,50.47,48.71,49.1,10302.0,50.5,99.0,1.76,3.61,51.45
603092,德力佳,48.58,49.45,49.67,14310.0,48.63,3.0,-0.87,-1.76,49.67
603093,南华期货,11.89,12.2,12.32,138704.0,11.92,116.0,-0.31,-2.54,12.34
603095,越剑智能,14.94,13.58,13.52,82178.0,0.0,0.0,1.36,10.01,14.94
603096,新经典,15.27,15.24,15.23,17044.0,15.34,80.0,0.03,0.2,15.37
603097,江苏华辰,19.99,20.58,20.52,36678.0,20.01,43.0,-0.59,-2.87,20.66
603098,森特股份,9.98,10.01,10.09,33059.0,10.0,292.0,-0.03,-0.3,10.09
603099,长白山,39.99,40.09,39.8,61912.0,40.03,2.0,-0.1,-0.25,40.83
603100,川仪股份,17.55,18.06,18.15,68356.0,17.63,46.0,-0.51,-2.82,18.15
603101,汇嘉时代,7.12,7.25,7.21,91948.0,7.15,411.0,-0.13,-1.79,7.29
603102,百合股份,39.46,41.23,40.14,58018.0,39.49,12.0,-1.77,-4.29,42.87
603103,横店影视,15.28,15.64,15.5,72661.0,15.31,16.0,-0.36,-2.3,15.64
603105,芯能科技,7.07,7.17,7.16,75030.0,7.09,367.0,-0.1,-1.39,7.17
603106,恒银科技,8.62,8.96,8.96,582570.0,8.65,1898.0,-0.34,-3.79,9.58
603107,上海汽配,12.02,11.97,11.98,13996.0,12.05,10.0,0.05,0.42,12.14
603108,润达医疗,10.46,10.55,10.6,210573.0,10.49,176.0,-0.09,-0.85,10.71
603109,神驰机电,17.55,17.44,17.44,15746.0,17.57,17.0,0.11,0.63,17.65
603110,东方材料,25.22,25.94,25.93,222350.0,25.25,62.0,-0.72,-2.78,26.35
603111,康尼机电,5.74,5.74,5.76,40217.0,5.77,308.0,0.0,0.0,5.79
603112,华翔股份,14.92,15.06,15.06,33815.0,14.95,196.0,-0.14,-0.93,15.16
603113,金能科技,4.55,4.6,4.59,95344.0,4.59,454.0,-0.05,-1.09,4.61
603115,海星股份,85.45,77.68,78.88,166733.0,0.0,0.0,7.77,10.0,85.45
603116,红蜻蜓,6.22,6.1,6.13,47917.0,6.24,146.0,0.12,1.97,6.23
603117,万林物流,3.75,3.78,3.77,59663.0,3.78,1227.0,-0.03,-0.79,3.81
603118,共进股份,17.56,15.96,16.36,1126280.0,0.0,0.0,1.6,10.03,17.56
603119,浙江荣泰,53.87,54.12,54.32,70236.0,53.9,20.0,-0.25,-0.46,54.93
603120,肯特催化,47.43,47.35,47.8,15020.0,47.45,14.0,0.08,0.17,47.98
603121,华培动力,12.52,12.61,12.59,42238.0,12.54,55.0,-0.09,-0.71,12.66
603122,合富中国,12.45,12.5,12.44,272974.0,12.48,305.0,-0.05,-0.4,12.63
603123,翠微股份,9.22,9.3,9.3,214877.0,9.25,579.0,-0.08,-0.86,9.58
603124,江南新材,144.28,138.99,140.19,44386.0,144.38,2.0,5.29,3.81,145.0
603125,常青科技,24.19,23.76,23.62,34733.0,24.22,21.0,0.43,1.81,24.35
603126,中材节能,5.98,5.99,6.0,48805.0,6.0,1799.0,-0.01,-0.17,6.02
603127,昭衍新药,51.3,51.9,51.0,399131.0,51.33,65.0,-0.6,-1.16,52.11
603128,华贸物流,5.28,5.3,5.3,57969.0,5.3,2701.0,-0.02,-0.38,5.32
603129,春风动力,284.99,281.49,282.0,18934.0,285.17,2.0,3.5,1.24,287.39
603130,云中马,41.98,42.64,42.64,12484.0,42.0,49.0,-0.66,-1.55,42.79
603131,上海沪工,15.52,15.46,15.46,54015.0,15.54,13.0,0.06,0.39,15.64
603132,金徽股份,18.45,18.33,18.16,83018.0,18.5,264.0,0.12,0.65,18.54
603135,中重科技,9.37,9.41,9.42,64935.0,9.4,87.0,-0.04,-0.43,9.47
603136,天目湖,8.98,8.98,9.0,25743.0,9.01,84.0,0.0,0.0,9.05
603137,恒尚节能,26.08,28.98,29.35,339733.0,26.1,182.0,-2.9,-10.01,29.88
603138,海量数据,13.35,13.29,13.39,68011.0,13.38,24.0,0.06,0.45,13.6
603139,康惠股份,35.44,36.09,36.09,21143.0,35.46,10.0,-0.65,-1.8,36.65
603150,万朗磁塑,54.6,54.14,54.1,12018.0,54.78,2.0,0.46,0.85,55.5
603151,邦基科技,15.87,15.42,15.29,88078.0,15.89,24.0,0.45,2.92,16.43
603153,上海建科,13.16,13.19,13.5,31971.0,13.2,3.0,-0.03,-0.23,13.52
603155,新亚强,14.02,13.67,13.62,73883.0,14.04,71.0,0.35,2.56,14.02
603156,养元饮品,51.7,49.9,50.1,121156.0,51.72,21.0,1.8,3.61,52.12
603158,腾龙股份,10.76,10.33,10.32,410741.0,10.79,192.0,0.43,4.16,11.04
603159,上海亚虹,21.04,20.4,20.6,36785.0,21.13,1.0,0.64,3.14,21.59
603160,汇顶科技,51.13,51.18,51.32,34539.0,51.15,404.0,-0.05,-0.1,51.74
603161,科华控股,16.68,16.43,16.59,65942.0,16.7,449.0,0.25,1.52,17.0
603162,海通发展,11.33,11.28,11.29,366566.0,11.35,127.0,0.05,0.44,11.59
603163,圣晖集成,86.89,85.31,85.98,25399.0,86.91,5.0,1.58,1.85,87.5
603165,荣晟环保,13.56,13.54,13.54,22064.0,13.59,103.0,0.02,0.15,13.62
603166,福达股份,11.32,11.41,11.53,50930.0,11.35,228.0,-0.09,-0.79,11.53
603167,渤海轮渡,8.64,8.71,8.73,29477.0,8.67,256.0,-0.07,-0.8,8.73
603168,莎普爱思,5.56,5.59,5.61,46202.0,5.58,27.0,-0.03,-0.54,5.67
603169,兰石重装,6.71,6.84,6.91,94706.0,6.75,262.0,-0.13,-1.9,6.92
603170,宝立食品,12.65,12.86,12.9,33809.0,12.68,60.0,-0.21,-1.63,12.93
603171,税友股份,45.86,46.11,45.76,110469.0,45.92,23.0,-0.25,-0.54,48.99
603172,万丰股份,17.38,17.6,17.64,15762.0,17.43,2.0,-0.22,-1.25,17.68
603173,福斯达,31.44,31.3,31.5,8126.0,31.48,14.0,0.14,0.45,32.0
603175,超颖电子,95.69,91.84,92.95,28861.0,95.72,2.0,3.85,4.19,95.73
603176,汇通集团,4.73,4.67,4.69,43409.0,4.75,740.0,0.06,1.28,4.74
603177,德创环保,10.23,9.3,9.41,97803.0,0.0,0.0,0.93,10.0,10.23
603178,圣龙股份,17.34,17.85,17.78,140738.0,17.37,89.0,-0.51,-2.86,17.99
603179,新泉股份,40.35,41.28,41.26,203869.0,40.37,48.0,-0.93,-2.25,41.5
603180,金牌家居,15.62,15.33,15.26,21866.0,15.65,118.0,0.29,1.89,15.79
603181,皇马科技,12.94,13.02,13.09,45831.0,12.97,47.0,-0.08,-0.61,13.09
603182,嘉华股份,12.87,12.69,12.8,18895.0,12.91,10.0,0.18,1.42,13.12
603183,建研院,4.62,4.68,4.71,127979.0,4.65,1354.0,-0.06,-1.28,4.75
603185,弘元绿能,17.0,16.82,16.88,77066.0,17.03,202.0,0.18,1.07,17.2
603186,华正新材,167.55,152.32,155.1,94410.0,0.0,0.0,15.23,10.0,167.55
603187,海容冷链,12.38,12.39,12.39,45994.0,12.4,166.0,-0.01,-0.08,12.47
603188,亚邦股份,4.59,4.74,4.81,375760.0,4.62,928.0,-0.15,-3.16,4.98
603190,亚通精工,16.68,16.72,16.77,15483.0,16.7,13.0,-0.04,-0.24,16.78
603191,望变电气,16.09,16.94,16.95,347510.0,16.11,107.0,-0.85,-5.02,16.98
603192,汇得科技,21.19,21.3,21.06,14350.0,21.21,23.0,-0.11,-0.52,21.62
603193,润本股份,20.66,20.87,20.92,24459.0,20.69,191.0,-0.21,-1.01,20.92
603194,中力股份,33.55,33.52,33.74,8396.0,33.61,1.0,0.03,0.09,33.83
603195,公牛集团,40.07,40.41,40.35,20943.0,40.12,1.0,-0.34,-0.84,40.35
603196,璞源材料,21.08,20.72,20.71,13737.0,21.1,63.0,0.36,1.74,21.15
603197,保隆科技,30.4,30.57,30.61,15777.0,30.43,101.0,-0.17,-0.56,30.77
603198,迎驾贡酒,41.27,41.86,41.82,55506.0,41.31,1.0,-0.59,-1.41,42.38
603199,九华旅游,32.86,32.88,32.82,10248.0,32.88,81.0,-0.02,-0.06,32.98
603200,上海洗霸,37.2,37.48,37.56,35173.0,37.26,53.0,-0.28,-0.75,38.18
603201,常润股份,16.0,16.3,16.28,37472.0,16.03,5.0,-0.3,-1.84,16.28
603202,天有为,52.27,52.98,52.98,8466.0,52.31,18.0,-0.71,-1.34,53.25
603203,快克智能,45.09,43.41,44.28,76525.0,45.11,5.0,1.68,3.87,45.29
603205,健尔康,21.85,21.87,21.87,6238.0,21.88,6.0,-0.02,-0.09,22.1
603206,嘉环科技,14.35,14.43,14.5,50551.0,14.38,81.0,-0.08,-0.55,14.6
603207,小方制药,24.0,24.22,24.06,24497.0,24.03,60.0,-0.22,-0.91,24.48
603208,江山欧派,11.35,11.51,11.51,25245.0,11.38,263.0,-0.16,-1.39,11.51
603209,兴通股份,13.43,13.52,13.52,20496.0,13.46,195.0,-0.09,-0.67,13.52
603210,泰鸿万立,13.69,13.77,13.76,19623.0,13.72,44.0,-0.08,-0.58,13.9
603211,晋拓股份,27.07,26.82,26.85,53320.0,27.09,53.0,0.25,0.93,27.11
603212,赛伍技术,11.65,11.58,11.6,107702.0,11.68,310.0,0.07,0.6,11.84
603213,镇洋发展,13.85,13.91,13.86,15503.0,13.88,104.0,-0.06,-0.43,13.94
603214,爱婴室,13.66,13.6,13.6,14962.0,13.68,45.0,0.06,0.44,13.76
603215,比依股份,14.53,14.6,14.6,8029.0,14.57,6.0,-0.07,-0.48,14.69
603216,梦天家居,20.57,20.85,20.85,22163.0,20.6,28.0,-0.28,-1.34,20.95
603217,元利科技,25.84,25.3,25.34,47889.0,25.89,1.0,0.54,2.13,26.5
603218,日月股份,9.83,9.94,9.95,68525.0,9.86,326.0,-0.11,-1.11,9.98
603219,富佳股份,14.51,14.96,14.75,24513.0,14.57,240.0,-0.45,-3.01,15.03
603220,中贝通信,20.34,19.79,19.99,490695.0,20.37,49.0,0.55,2.78,20.6
603222,济民健康,8.97,9.03,9.01,207791.0,8.99,192.0,-0.06,-0.66,9.18
603223,恒通股份,10.8,10.69,10.7,108305.0,10.82,50.0,0.11,1.03,11.01
603225,新凤鸣,18.79,18.88,18.81,101400.0,18.83,31.0,-0.09,-0.48,19.2
603226,菲林格尔,53.5,50.16,50.2,39576.0,53.54,1.0,3.34,6.66,53.5
603227,雪峰科技,7.62,7.59,7.61,46825.0,7.65,897.0,0.03,0.4,7.65
603228,景旺电子,98.01,97.2,98.17,509493.0,98.05,36.0,0.81,0.83,99.6
603229,奥翔药业,8.37,8.4,8.4,88826.0,8.39,172.0,-0.03,-0.36,8.49
603230,内蒙新华,9.28,9.21,9.26,24422.0,9.31,80.0,0.07,0.76,9.33
603231,索宝蛋白,15.94,15.8,15.81,18644.0,15.96,12.0,0.14,0.89,15.94
603232,格尔软件,15.9,16.44,16.39,167818.0,15.93,131.0,-0.54,-3.28,16.85
603233,大参林,17.91,17.94,18.15,80127.0,17.97,2.0,-0.03,-0.17,18.45
603235,天新药业,23.31,23.66,23.84,7124.0,23.41,15.0,-0.35,-1.48,23.84
603236,移远通信,60.69,59.43,61.02,471246.0,60.71,218.0,1.26,2.12,63.49
603237,五芳斋,14.29,14.42,14.39,19279.0,14.39,1.0,-0.13,-0.9,14.77
603238,诺邦股份,12.19,12.14,12.18,18440.0,12.23,9.0,0.05,0.41,12.35
603239,浙江仙通,14.44,14.48,14.51,18990.0,14.47,29.0,-0.04,-0.28,14.57
603248,锡华科技,18.86,18.91,19.1,25136.0,18.89,6.0,-0.05,-0.26,19.13
603255,鼎际得,29.34,28.55,28.55,10584.0,29.37,7.0,0.79,2.77,29.49
603256,宏和科技,154.18,151.68,151.0,233956.0,154.21,11.0,2.5,1.65,156.5
603257,中国瑞林,64.3,63.34,63.3,10085.0,64.32,31.0,0.96,1.52,64.82
603258,电魂网络,13.08,13.16,13.25,36794.0,13.11,54.0,-0.08,-0.61,13.32
603259,药明康德,159.24,162.33,160.5,545901.0,159.26,41.0,-3.09,-1.9,163.0
603260,合盛硅业,35.48,35.02,34.98,82532.0,35.51,103.0,0.46,1.31,35.7
603261,立航科技,56.1,57.37,58.0,48735.0,56.17,31.0,-1.27,-2.21,62.98
603262,技源集团,18.62,18.92,18.98,33105.0,18.64,184.0,-0.3,-1.59,18.98
603266,天龙股份,15.86,15.86,16.02,15375.0,15.88,65.0,0.0,0.0,16.02
603267,鸿远电子,52.29,52.76,52.76,87262.0,52.32,45.0,-0.47,-0.89,52.97
603268,松发股份,179.26,173.26,173.26,58247.0,179.3,3.0,6.0,3.46,180.65
603269,海鸥股份,17.7,17.61,17.64,255098.0,17.73,200.0,0.09,0.51,17.83
603270,金帝股份,28.33,28.32,28.1,30716.0,28.35,45.0,0.01,0.04,28.5
603271,永杰新材,42.56,42.1,42.0,10771.0,42.58,82.0,0.46,1.09,42.65
603273,天元智能,14.24,14.24,14.24,15356.0,14.26,9.0,0.0,0.0,14.4
603275,众辰科技,36.6,36.73,37.18,6206.0,36.62,55.0,-0.13,-0.35,37.18
603276,恒兴新材,15.54,15.5,15.5,17930.0,15.56,30.0,0.04,0.26,15.78
603277,银都股份,11.34,12.49,11.99,135258.0,11.36,3.0,-1.15,-9.21,12.09
603278,大业股份,9.53,9.57,9.56,127101.0,9.55,953.0,-0.04,-0.42,9.66
603279,景津装备,12.31,12.52,12.5,47049.0,12.34,37.0,-0.21,-1.68,12.56
603280,南方路机,27.6,26.9,26.91,61451.0,27.66,6.0,0.7,2.6,29.55
603281,江瀚新材,21.1,21.16,21.21,31640.0,21.12,31.0,-0.06,-0.28,21.4
603282,亚光股份,14.98,14.82,14.9,10750.0,15.02,105.0,0.16,1.08,15.11
603283,赛腾股份,48.25,46.27,47.0,271583.0,48.28,20.0,1.98,4.28,48.8
603284,林平发展,44.39,43.47,43.47,46021.0,44.43,28.0,0.92,2.12,46.66
603285,键邦股份,33.7,33.35,33.2,60907.0,33.72,28.0,0.35,1.05,35.4
603286,日盈电子,41.95,42.75,42.76,30875.0,42.0,142.0,-0.8,-1.87,43.83
603288,海天味业,35.82,36.2,36.17,93294.0,35.87,1.0,-0.38,-1.05,36.17
603289,泰瑞机器,8.94,8.9,8.9,105756.0,8.97,157.0,0.04,0.45,9.24
603290,斯达半导,87.12,86.69,87.52,44688.0,87.14,5.0,0.43,0.5,88.4
603291,联合水务,8.9,9.03,9.01,34040.0,8.93,104.0,-0.13,-1.44,9.08
603293,埃泰克,36.43,36.42,36.52,13070.0,36.45,82.0,0.01,0.03,36.59
603296,华勤技术,85.96,85.97,85.97,361084.0,85.98,33.0,-0.01,-0.01,88.1
603297,永新光学,106.08,102.78,104.86,17495.0,106.1,2.0,3.3,3.21,107.44
603298,杭叉集团,25.52,25.71,25.65,33126.0,25.59,25.0,-0.19,-0.74,25.8
603299,苏盐井神,8.94,8.91,8.92,42886.0,8.96,1261.0,0.03,0.34,8.96
603300,海南华铁,4.99,5.1,5.03,547257.0,5.02,3404.0,-0.11,-2.16,5.07
603301,振德医疗,83.52,84.18,84.42,15481.0,83.77,2.0,-0.66,-0.78,85.54
603303,得邦照明,22.93,22.45,22.45,16380.0,22.99,33.0,0.48,2.14,23.04
603305,旭升集团,11.67,11.78,11.83,143243.0,11.7,1574.0,-0.11,-0.93,11.84
603306,华懋科技,73.0,72.0,72.16,114539.0,73.06,8.0,1.0,1.39,74.0
603307,扬州金泉,24.7,24.66,24.66,4952.0,24.72,4.0,0.04,0.16,24.87
603308,应流股份,48.98,48.4,48.94,109915.0,49.0,187.0,0.58,1.2,49.28
603309,维力医疗,11.99,11.84,11.85,71324.0,12.02,686.0,0.15,1.27,12.12
603310,巍华新材,14.74,14.82,14.83,19922.0,14.77,8.0,-0.08,-0.54,14.87
603311,金海高科,30.08,29.8,29.8,36025.0,30.12,126.0,0.28,0.94,30.13
603312,西典新能,33.38,32.48,32.4,16775.0,33.41,27.0,0.9,2.77,34.0
603313,梦百合,6.34,6.35,6.34,124237.0,6.37,665.0,-0.01,-0.16,6.45
603315,福鞍股份,12.04,11.85,11.89,67997.0,12.07,198.0,0.19,1.6,12.08
603316,诚邦股份,14.19,14.1,14.29,81368.0,14.22,106.0,0.09,0.64,14.41
603317,天味食品,14.28,14.7,14.65,126667.0,14.3,216.0,-0.42,-2.86,14.73
603318,水发燃气,8.86,8.95,8.95,202600.0,8.89,328.0,-0.09,-1.01,9.02
603319,美湖股份,27.5,27.48,27.62,77943.0,27.52,33.0,0.02,0.07,27.8
603320,迪贝电气,16.61,16.62,16.69,14663.0,16.64,18.0,-0.01,-0.06,16.76
603321,梅轮电梯,6.29,6.25,6.24,34336.0,6.31,601.0,0.04,0.64,6.31
603322,超讯科技,27.82,27.63,27.88,64828.0,27.85,161.0,0.19,0.69,27.99
603323,苏农银行,4.13,4.15,4.15,223492.0,4.16,5347.0,-0.02,-0.48,4.17
603324,盛剑科技,28.55,27.77,27.82,36241.0,28.58,3.0,0.78,2.81,28.64
603325,博隆技术,53.53,53.98,53.9,2744.0,53.57,2.0,-0.45,-0.83,54.45
603326,我乐家居,6.75,6.78,6.75,24902.0,6.78,135.0,-0.03,-0.44,6.82
603327,福蓉科技,9.07,9.02,9.02,206066.0,9.1,2427.0,0.05,0.55,9.16
603328,依顿电子,10.79,10.76,10.85,192332.0,10.82,997.0,0.03,0.28,10.89
603329,上海雅仕,10.26,10.17,10.16,21271.0,10.29,56.0,0.09,0.88,10.3
603330,天洋新材,10.68,9.71,10.19,253789.0,0.0,0.0,0.97,9.99,10.68
603331,百达精工,13.16,13.33,13.45,42517.0,13.18,106.0,-0.17,-1.28,13.45
603332,苏州龙杰,11.19,11.16,11.23,23497.0,11.21,65.0,0.03,0.27,11.3
603333,福华尚纬,9.09,9.16,9.28,140027.0,9.11,778.0,-0.07,-0.76,9.28
603334,丰倍生物,32.45,33.03,33.0,13014.0,32.49,66.0,-0.58,-1.76,33.15
603335,迪生力,6.74,6.72,6.72,98361.0,6.76,1570.0,0.02,0.3,6.79
603336,宏辉果蔬,9.17,9.66,9.66,261920.0,9.2,533.0,-0.49,-5.07,9.8
603337,杰克科技,38.99,39.57,39.36,59469.0,39.02,43.0,-0.58,-1.47,39.71
603338,浙江鼎力,55.6,56.63,56.79,46505.0,55.65,17.0,-1.03,-1.82,56.84
603339,四方科技,13.74,13.79,13.81,50200.0,13.77,337.0,-0.05,-0.36,13.87
603341,龙旗科技,39.8,40.9,44.8,416912.0,39.82,20.0,-1.1,-2.69,44.8
603344,星德胜,22.26,22.13,22.23,13476.0,22.28,23.0,0.13,0.59,22.37
603345,安井食品,84.2,84.12,84.05,46545.0,84.28,14.0,0.08,0.1,86.13
603348,文灿股份,14.52,14.58,14.58,18854.0,14.54,18.0,-0.06,-0.41,14.58
603350,安乃达,28.38,28.44,28.4,3869.0,28.42,5.0,-0.06,-0.21,28.69
603351,威尔药业,26.93,26.84,27.16,14267.0,27.08,6.0,0.09,0.34,27.35
603352,至信股份,26.66,27.15,27.1,21261.0,26.68,1.0,-0.49,-1.8,27.35
603353,和顺石油,31.61,31.31,31.36,66457.0,31.64,90.0,0.3,0.96,32.5
603355,莱克电气,27.22,27.14,27.14,13991.0,27.3,281.0,0.08,0.29,27.6
603356,华菱精工,16.67,16.38,16.57,20530.0,16.69,150.0,0.29,1.77,16.79
603357,设计总院,6.0,6.05,6.04,29080.0,6.02,296.0,-0.05,-0.83,6.06
603358,华达科技,43.93,42.66,42.63,131508.0,43.96,10.0,1.27,2.98,44.65
603360,百傲化学,13.45,13.59,13.65,60981.0,13.49,65.0,-0.14,-1.03,13.75
603363,傲农生物,2.92,3.0,2.99,399984.0,2.95,4412.0,-0.08,-2.67,3.0
603365,水星家纺,17.2,17.21,17.17,11076.0,17.22,13.0,-0.01,-0.06,17.32
603366,日出东方,6.97,6.93,6.95,98903.0,7.0,1711.0,0.04,0.58,7.02
603367,辰欣药业,15.14,15.25,15.31,155954.0,15.16,481.0,-0.11,-0.72,15.38
603368,柳药集团,16.81,16.91,16.75,113743.0,16.83,114.0,-0.1,-0.59,16.93
603369,今世缘,29.76,30.04,29.9,156510.0,29.79,50.0,-0.28,-0.93,30.18
603370,华新精科,34.67,34.41,34.33,6842.0,34.69,8.0,0.26,0.76,35.0
603373,安邦护卫,41.11,41.33,41.04,28259.0,41.33,64.0,-0.22,-0.53,42.85
603375,盛景微,38.48,38.14,38.75,10252.0,38.52,45.0,0.34,0.89,39.5
603376,大明电子,26.29,25.97,25.82,13208.0,26.32,85.0,0.32,1.23,26.38
603379,三美股份,62.37,63.3,63.6,56811.0,62.39,47.0,-0.93,-1.47,63.65
603380,易德龙,33.64,33.4,33.54,19027.0,33.67,8.0,0.24,0.72,33.85
603381,永臻股份,14.99,14.99,15.02,26919.0,15.01,130.0,0.0,0.0,15.11
603382,海阳科技,20.94,19.04,18.98,69913.0,0.0,0.0,1.9,9.98,20.94
603383,顶点软件,29.46,29.56,29.56,34411.0,29.49,2.0,-0.1,-0.34,30.04
603385,惠达卫浴,5.39,5.38,5.4,23392.0,5.42,52.0,0.01,0.19,5.43
603386,骏亚科技,13.51,13.28,13.31,47404.0,13.53,24.0,0.23,1.73,13.55
603387,基蛋生物,9.39,9.43,9.37,108938.0,9.41,129.0,-0.04,-0.42,9.55
603389,亚振家居,43.85,43.6,43.52,12992.0,43.95,15.0,0.25,0.57,44.68
603390,通达电气,10.41,10.22,10.23,67633.0,10.44,679.0,0.19,1.86,10.52
603391,力聚热能,62.01,62.14,62.1,14180.0,62.07,8.0,-0.13,-0.21,63.89
603392,万泰生物,30.1,30.86,30.85,59064.0,30.16,15.0,-0.76,-2.46,31.1
603393,新天然气,23.97,24.4,24.38,78341.0,24.01,28.0,-0.43,-1.76,24.46
603395,红四方,21.78,22.06,22.2,18111.0,21.82,24.0,-0.28,-1.27,22.2
603396,金辰股份,26.26,26.63,26.63,53939.0,26.3,33.0,-0.37,-1.39,26.9
603399,永杉锂业,16.73,17.02,16.78,850276.0,16.75,490.0,-0.29,-1.7,17.48
603400,华之杰,42.98,44.61,44.13,29344.0,43.03,2.0,-1.63,-3.65,44.39
603402,陕西旅游,62.19,64.91,64.0,22034.0,62.23,29.0,-2.72,-4.19,64.0
603406,天富龙,26.47,26.64,26.64,7883.0,26.52,147.0,-0.17,-0.64,26.75
603407,长裕集团,62.62,62.49,62.55,57366.0,62.65,8.0,0.13,0.21,64.99
603408,建霖家居,10.31,10.32,10.28,12793.0,10.34,87.0,-0.01,-0.1,10.38
603409,汇通控股,17.61,18.01,18.06,32757.0,17.66,3.0,-0.4,-2.22,18.06
603416,信捷电气,48.45,48.53,48.83,19358.0,48.5,38.0,-0.08,-0.16,49.55
603418,友升股份,44.0,44.35,44.35,5167.0,44.03,5.0,-0.35,-0.79,44.46
603421,鼎信通讯,6.0,6.06,6.07,96244.0,6.02,585.0,-0.06,-0.99,6.12
603435,嘉德利,53.91,53.09,53.09,26586.0,53.93,4.0,0.82,1.54,54.12
603439,三力制药,13.53,12.93,12.93,297854.0,13.55,1284.0,0.6,4.64,13.61
603444,吉比特,390.3,384.25,383.9,32747.0,390.36,34.0,6.05,1.57,392.0
603456,九洲药业,17.52,18.26,17.9,608527.0,17.56,110.0,-0.74,-4.05,18.07
603458,勘设股份,9.41,9.41,9.42,101428.0,9.43,96.0,0.0,0.0,9.54
603459,红板科技,97.33,96.03,96.85,114455.0,97.36,9.0,1.3,1.35,98.6
603466,风语筑,12.57,13.72,13.72,1493267.0,12.6,845.0,-1.15,-8.38,14.2
603468,津富士达,25.93,26.78,26.65,73592.0,25.96,177.0,-0.85,-3.17,26.94
603477,巨星农牧,14.52,15.32,15.4,232582.0,14.55,191.0,-0.8,-5.22,15.4
603486,科沃斯,55.9,56.07,56.3,33722.0,55.96,32.0,-0.17,-0.3,57.2
603488,展鹏科技,8.45,8.55,8.54,119467.0,8.47,202.0,-0.1,-1.17,8.6
603489,八方股份,27.95,27.98,28.1,19987.0,27.98,110.0,-0.03,-0.11,28.7
603496,恒为科技,27.22,25.81,25.6,394588.0,27.24,66.0,1.41,5.46,27.39
603499,翔港科技,12.75,12.75,12.8,36787.0,12.77,161.0,0.0,0.0,13.08
603500,祥和实业,9.5,9.93,9.91,133451.0,9.53,249.0,-0.43,-4.33,9.95
603501,豪威集团,91.08,90.02,90.45,124974.0,91.1,322.0,1.06,1.18,91.12
603505,金石资源,16.43,16.39,16.39,88631.0,16.45,668.0,0.04,0.24,16.7
603506,南都物业,10.64,10.49,10.45,48000.0,10.68,28.0,0.15,1.43,10.82
603507,振江股份,25.24,24.7,24.71,117285.0,25.26,141.0,0.54,2.19,25.62
603508,思维列控,21.5,21.91,21.85,47337.0,21.53,70.0,-0.41,-1.87,21.95
603511,爱慕股份,12.13,12.08,12.19,7926.0,12.15,41.0,0.05,0.41,12.19
603515,欧普照明,16.8,16.76,16.76,9334.0,16.83,78.0,0.04,0.24,16.89
603516,淳中科技,99.36,98.79,98.9,32751.0,99.42,21.0,0.57,0.58,99.8
603518,锦泓集团,7.94,7.99,7.99,34689.0,7.97,30.0,-0.05,-0.63,8.04
603519,立霸股份,15.22,15.68,15.51,99620.0,15.25,26.0,-0.46,-2.93,15.6
603520,司太立,9.0,9.01,9.06,88964.0,9.02,59.0,-0.01,-0.11,9.13
603527,众源新材,9.82,9.78,9.77,45294.0,9.85,148.0,0.04,0.41,9.9
603528,多伦科技,6.38,6.36,6.35,76908.0,6.41,288.0,0.02,0.31,6.44
603529,爱玛科技,20.53,20.95,20.97,40621.0,20.56,44.0,-0.42,-2.0,20.99
603530,神马电力,47.11,45.77,46.76,61087.0,47.21,16.0,1.34,2.93,47.55
603533,掌阅科技,22.0,22.36,22.49,206324.0,22.02,209.0,-0.36,-1.61,22.67
603535,嘉诚国际,6.48,6.73,6.73,162001.0,6.5,84.0,-0.25,-3.71,6.82
603536,惠发食品,9.66,9.95,9.8,64749.0,9.69,48.0,-0.29,-2.91,9.9
603538,美诺华,30.21,32.57,31.65,821575.0,30.23,298.0,-2.36,-7.25,32.37
603551,奥普科技,9.4,9.42,9.44,11365.0,9.43,52.0,-0.02,-0.21,9.49
603556,海兴电力,25.89,25.91,25.66,139908.0,25.91,22.0,-0.02,-0.08,26.69
603558,健盛集团,11.89,11.92,11.96,23724.0,11.92,109.0,-0.03,-0.25,12.03
603559,中通国脉,8.77,9.17,8.9,169541.0,8.8,354.0,-0.4,-4.36,9.08
603565,中谷物流,10.48,10.85,10.84,152098.0,10.51,56.0,-0.37,-3.41,10.9
603566,普莱柯,10.36,10.43,10.43,21787.0,10.38,30.0,-0.07,-0.67,10.53
603567,珍宝岛,6.62,7.01,6.81,695538.0,6.65,1089.0,-0.39,-5.56,6.95
603568,伟明环保,15.61,15.54,15.6,48172.0,15.69,8.0,0.07,0.45,15.73
603569,长久物流,5.84,5.9,5.91,28114.0,5.87,64.0,-0.06,-1.02,5.92
603577,汇金通,10.32,10.46,10.46,48138.0,10.35,51.0,-0.14,-1.34,10.48
603578,三星新材,12.8,12.88,13.0,30752.0,12.82,34.0,-0.08,-0.62,13.1
603579,荣泰健康,18.6,18.5,18.5,23114.0,18.64,12.0,0.1,0.54,18.72
603580,XD艾艾精,52.91,53.61,53.03,81729.0,52.94,59.0,-0.7,-1.31,53.99
603583,捷昌驱动,24.4,24.78,24.85,34852.0,24.42,8.0,-0.38,-1.53,24.88
603585,苏利股份,10.06,10.11,9.93,58246.0,10.08,191.0,-0.05,-0.49,10.18
603586,金麒麟,13.36,13.37,13.4,12683.0,13.4,44.0,-0.01,-0.07,13.52
603587,地素时尚,11.68,11.66,11.68,11294.0,11.7,112.0,0.02,0.17,11.73
603588,高能环境,13.67,13.57,13.7,403326.0,13.7,701.0,0.1,0.74,13.98
603589,口子窖,19.88,20.38,20.47,61388.0,19.91,20.0,-0.5,-2.45,20.47
603590,康辰药业,32.73,33.1,33.33,24757.0,32.78,10.0,-0.37,-1.12,33.54
603596,伯特利,26.44,27.11,27.32,136576.0,26.47,707.0,-0.67,-2.47,27.32
603598,引力传媒,18.53,19.82,18.57,441590.0,18.55,132.0,-1.29,-6.51,19.18
603599,广信股份,9.94,9.97,9.96,48106.0,9.97,256.0,-0.03,-0.3,10.02
603600,永艺股份,9.53,9.48,9.43,24369.0,9.55,153.0,0.05,0.53,9.57
603601,再升科技,9.81,9.71,9.72,490682.0,9.84,758.0,0.1,1.03,9.86
603602,纵横通信,11.73,11.74,11.74,41873.0,11.75,136.0,-0.01,-0.09,11.88
603605,珀莱雅,57.18,58.53,58.38,52407.0,57.21,5.0,-1.35,-2.31,58.53
603606,东方电缆,38.0,38.64,38.7,136713.0,38.03,115.0,-0.64,-1.66,38.72
603607,京华激光,22.3,22.52,22.5,43890.0,22.33,139.0,-0.22,-0.98,22.65
603608,天创时尚,19.23,19.17,19.2,169309.0,19.26,245.0,0.06,0.31,19.76
603609,禾丰股份,6.23,6.31,6.31,25138.0,6.27,200.0,-0.08,-1.27,6.32
603610,麒盛科技,15.55,15.51,15.54,52678.0,15.58,77.0,0.04,0.26,15.55
603611,诺力股份,16.89,16.9,16.9,15541.0,16.92,80.0,-0.01,-0.06,17.0
603612,索通发展,16.7,16.6,16.65,58074.0,16.73,282.0,0.1,0.6,16.86
603613,国联股份,18.95,18.91,18.87,87428.0,19.0,89.0,0.04,0.21,19.43
603615,茶花股份,17.15,17.0,17.08,58442.0,17.18,50.0,0.15,0.88,17.45
603616,韩建河山,5.4,5.42,5.42,68907.0,5.43,1042.0,-0.02,-0.37,5.49
603617,君禾股份,6.86,6.93,6.95,76579.0,6.88,434.0,-0.07,-1.01,6.98
603618,杭电股份,29.87,27.15,27.16,1132083.0,0.0,0.0,2.72,10.02,29.87
603619,中曼石油,22.33,22.12,22.01,244735.0,22.36,113.0,0.21,0.95,22.45
603626,科森科技,16.59,16.65,16.66,350301.0,16.61,259.0,-0.06,-0.36,16.89
603628,清源股份,9.53,9.57,9.57,28894.0,9.55,24.0,-0.04,-0.42,9.66
603629,利通电子,137.5,125.0,127.66,679206.0,0.0,0.0,12.5,10.0,137.5
603630,拉芳家化,14.94,15.33,15.33,67703.0,14.97,15.0,-0.39,-2.54,15.41
603633,徕木股份,6.54,6.39,6.39,105310.0,6.56,615.0,0.15,2.35,6.57
603636,南威软件,7.33,7.33,7.33,145220.0,7.36,167.0,0.0,0.0,7.49
603637,镇海股份,13.51,13.71,13.71,50619.0,13.55,57.0,-0.2,-1.46,13.92
603638,艾迪精密,19.56,19.62,19.62,70280.0,19.59,113.0,-0.06,-0.31,19.74
603639,海利尔,10.52,10.5,10.51,10830.0,10.54,4.0,0.02,0.19,10.6
603648,XD畅联股,9.05,8.99,9.05,24794.0,9.08,343.0,0.06,0.67,9.13
603650,彤程新材,64.51,63.21,63.56,131312.0,64.54,12.0,1.3,2.06,65.28
603655,朗博科技,34.54,32.82,32.86,31398.0,34.57,17.0,1.72,5.24,34.6
603656,泰禾智能,17.51,17.64,17.61,15577.0,17.54,8.0,-0.13,-0.74,17.7
603657,春光科技,26.55,26.98,26.72,22687.0,26.63,88.0,-0.43,-1.59,27.5
603658,安图生物,33.67,32.4,32.5,89126.0,33.69,11.0,1.27,3.92,34.61
603659,璞泰来,24.57,24.12,24.2,385054.0,24.59,142.0,0.45,1.87,25.3
603660,苏州科达,11.86,11.8,12.0,235752.0,11.88,188.0,0.06,0.51,12.0
603661,恒林股份,31.88,31.9,32.0,11089.0,31.91,5.0,-0.02,-0.06,32.22
603662,柯力传感,53.35,53.38,53.84,39706.0,53.39,12.0,-0.03,-0.06,54.05
603663,三祥新材,42.08,39.86,39.91,356754.0,42.11,15.0,2.22,5.57,42.98
603665,康隆达,21.8,21.88,21.88,11945.0,21.87,4.0,-0.08,-0.37,22.08
603666,亿嘉和,25.22,25.28,25.27,28598.0,25.26,5.0,-0.06,-0.24,25.56
603667,五洲新春,55.2,55.76,55.85,122526.0,55.23,131.0,-0.56,-1.0,56.19
603668,天马科技,10.49,10.38,10.39,93722.0,10.52,34.0,0.11,1.06,10.84
603669,灵康药业,6.29,6.29,6.3,184923.0,6.32,302.0,0.0,0.0,6.41
603676,卫信康,9.35,9.28,9.3,20762.0,9.37,73.0,0.07,0.75,9.41
603677,奇精机械,13.73,13.64,13.65,12424.0,13.76,134.0,0.09,0.66,13.79
603678,火炬电子,51.69,50.65,51.0,318419.0,51.72,82.0,1.04,2.05,52.48
603679,华体科技,22.34,22.32,21.95,87872.0,22.39,9.0,0.02,0.09,23.44
603680,今创集团,10.17,10.14,10.14,32172.0,10.19,105.0,0.03,0.3,10.21
603681,永冠新材,18.74,18.39,18.9,82798.0,18.76,296.0,0.35,1.9,19.1
603682,锦和商管,11.84,13.16,13.0,401777.0,11.86,325.0,-1.32,-10.03,13.6
603683,晶华新材,15.62,15.42,15.46,150326.0,15.65,224.0,0.2,1.3,15.7
603685,晨丰科技,26.23,26.7,26.71,17228.0,26.26,8.0,-0.47,-1.76,26.78
603686,福龙马,13.16,13.18,13.18,77227.0,13.19,226.0,-0.02,-0.15,13.27
603687,大胜达,14.23,14.18,14.18,114288.0,14.27,7.0,0.05,0.35,14.34
603688,石英股份,49.54,48.39,48.74,112374.0,49.57,35.0,1.15,2.38,49.68
603689,皖天然气,7.44,7.41,7.41,19922.0,7.46,293.0,0.03,0.4,7.44
603690,至纯科技,26.05,26.3,27.0,349911.0,26.08,177.0,-0.25,-0.95,27.28
603693,江苏新能,11.82,12.3,12.36,110280.0,11.85,119.0,-0.48,-3.9,12.39
603696,安记食品,14.73,16.37,15.94,363969.0,14.75,118.0,-1.64,-10.02,15.94
603697,有友食品,9.63,10.06,10.1,85619.0,9.67,173.0,-0.43,-4.27,10.1
603698,航天工程,23.87,23.8,23.8,119531.0,23.9,479.0,0.07,0.29,23.99
603699,纽威股份,53.33,53.0,53.0,38912.0,53.42,34.0,0.33,0.62,53.9
603700,宁水集团,11.57,11.55,11.55,40485.0,11.6,16.0,0.02,0.17,11.78
603701,德宏股份,19.45,19.3,19.3,25044.0,19.5,521.0,0.15,0.78,19.53
603703,盛洋科技,9.75,9.43,9.53,191924.0,9.77,95.0,0.32,3.39,10.15
603706,东方环宇,18.98,18.87,18.88,7568.0,19.02,22.0,0.11,0.58,19.05
603707,健友股份,8.08,8.21,8.19,90465.0,8.11,365.0,-0.13,-1.58,8.27
603708,家家悦,9.28,9.37,9.37,26759.0,9.3,20.0,-0.09,-0.96,9.39
603709,中源家居,11.34,11.29,11.25,16911.0,11.37,6.0,0.05,0.44,11.39
603711,香飘飘,11.72,12.15,12.08,84656.0,11.74,71.0,-0.43,-3.54,12.15
603712,七一二,12.01,11.95,11.97,83238.0,12.03,114.0,0.06,0.5,12.17
603713,密尔克卫,65.56,68.75,66.19,56651.0,65.63,5.0,-3.19,-4.64,67.34
603716,塞力医疗,17.35,17.72,17.68,185415.0,17.38,130.0,-0.37,-2.09,17.82
603717,天域生物,6.25,6.35,6.35,75743.0,6.28,194.0,-0.1,-1.57,6.38
603719,良品铺子,9.85,10.07,10.05,43625.0,9.87,160.0,-0.22,-2.18,10.05
603721,中广天择,18.07,19.04,18.79,74511.0,18.1,39.0,-0.97,-5.09,19.06
603722,阿科力,30.78,31.18,31.78,13807.0,30.8,200.0,-0.4,-1.28,31.78
603725,天安新材,12.23,11.12,11.3,316351.0,0.0,0.0,1.11,9.98,12.23
603726,朗迪集团,24.12,23.26,23.42,46833.0,24.14,247.0,0.86,3.7,24.14
603727,博迈科,18.18,18.43,18.32,23530.0,18.22,41.0,-0.25,-1.36,18.42
603728,鸣志电器,52.17,52.08,52.08,37332.0,52.2,61.0,0.09,0.17,52.6
603730,岱美股份,10.07,10.21,10.3,80930.0,10.09,20.0,-0.14,-1.37,10.3
603733,仙鹤股份,21.11,21.81,21.66,93955.0,21.14,122.0,-0.7,-3.21,22.0
603737,三棵树,23.8,24.2,24.09,96547.0,23.83,250.0,-0.4,-1.65,24.2
603738,泰晶科技,38.3,36.13,36.83,402046.0,38.32,44.0,2.17,6.01,38.3
603739,蔚蓝生物,12.6,12.4,12.2,87768.0,12.63,58.0,0.2,1.61,12.97
603755,日辰股份,23.2,23.36,23.17,6204.0,23.26,12.0,-0.16,-0.68,23.6
603757,大元泵业,61.2,58.33,59.04,160433.0,61.23,10.0,2.87,4.92,62.14
603758,秦安股份,13.82,15.35,15.0,133687.0,13.84,82.0,-1.53,-9.97,15.0
603759,海天股份,7.35,7.35,7.35,25511.0,7.37,2.0,0.0,0.0,7.41
603766,隆鑫通用,13.09,13.28,13.31,200330.0,13.12,37.0,-0.19,-1.43,13.37
603767,中马传动,14.95,15.02,15.06,22068.0,14.97,122.0,-0.07,-0.47,15.09
603768,常青股份,11.08,11.15,11.25,27247.0,11.11,124.0,-0.07,-0.63,11.26
603773,沃格光电,94.99,93.8,94.07,142640.0,95.02,12.0,1.19,1.27,96.0
603776,永安行,21.64,21.62,21.69,16483.0,21.68,7.0,0.02,0.09,21.84
603777,来伊份,14.1,14.25,14.18,61090.0,14.14,33.0,-0.15,-1.05,14.24
603778,国晟科技,10.43,10.67,10.66,411035.0,10.45,40.0,-0.24,-2.25,10.83
603779,威龙股份,7.84,7.99,7.96,130010.0,7.87,328.0,-0.15,-1.88,8.01
603786,科博达,42.68,43.4,43.7,17811.0,42.7,33.0,-0.72,-1.66,43.79
603787,新日股份,10.17,10.23,10.21,24167.0,10.2,179.0,-0.06,-0.59,10.38
603788,宁波高发,14.02,14.01,13.95,8922.0,14.05,48.0,0.01,0.07,14.1
603790,雅运股份,25.72,24.79,24.93,43101.0,25.75,297.0,0.93,3.75,25.73
603797,联泰环保,4.67,4.66,4.64,340143.0,4.69,1075.0,0.01,0.21,4.72
603798,康普顿,13.28,13.21,13.22,27754.0,13.31,211.0,0.07,0.53,13.32
603799,华友钴业,42.35,42.17,42.18,540403.0,42.37,176.0,0.18,0.43,43.09
603800,洪田股份,68.81,64.0,63.7,73952.0,68.88,42.0,4.81,7.52,69.48
603801,志邦家居,5.93,5.92,5.96,42867.0,5.96,255.0,0.01,0.17,5.96
603803,瑞斯康达,11.14,10.75,10.75,469219.0,11.17,674.0,0.39,3.63,11.83
603806,福斯特,15.24,15.21,15.28,172447.0,15.27,341.0,0.03,0.2,15.48
603808,歌力思,8.48,8.46,8.44,23014.0,8.5,116.0,0.02,0.24,8.51
603809,豪能股份,9.41,9.53,9.58,75468.0,9.44,82.0,-0.12,-1.26,9.6
603810,丰山集团,12.11,11.99,11.99,14676.0,12.15,17.0,0.12,1.0,12.22
603811,诚意药业,7.44,7.51,7.46,48027.0,7.48,173.0,-0.07,-0.93,7.58
603813,原尚股份,32.1,32.53,32.62,4974.0,32.13,3.0,-0.43,-1.32,32.87
603815,交建股份,5.36,5.42,5.4,69344.0,5.38,422.0,-0.06,-1.11,5.46
603816,顾家家居,23.23,23.99,24.01,89846.0,23.26,18.0,-0.76,-3.17,24.05
603817,海峡环保,5.66,5.67,5.67,53353.0,5.7,1648.0,-0.01,-0.18,5.7
603818,曲美家居,3.62,3.56,3.56,178601.0,3.64,7424.0,0.06,1.69,3.64
603819,神力股份,14.2,14.13,14.22,53026.0,14.25,448.0,0.07,0.5,14.35
603823,百合花,70.99,76.0,75.77,242023.0,71.01,7.0,-5.01,-6.59,76.17
603826,坤彩科技,17.52,17.46,17.6,59082.0,17.58,5.0,0.06,0.34,17.63
603829,洛凯股份,15.03,15.19,15.32,31160.0,15.05,62.0,-0.16,-1.05,15.32
603833,欧派家居,31.59,32.41,32.3,43536.0,31.62,39.0,-0.82,-2.53,32.35
603836,海程邦达,8.88,8.9,8.86,26828.0,8.91,101.0,-0.02,-0.22,8.95
603839,安正时尚,7.0,7.02,7.02,30388.0,7.02,16.0,-0.02,-0.28,7.11
603848,好太太,13.47,13.48,13.6,18747.0,13.5,2.0,-0.01,-0.07,13.65
603855,华荣股份,16.38,16.35,16.26,7528.0,16.4,242.0,0.03,0.18,16.42
603856,东宏股份,11.24,11.21,11.2,20736.0,11.27,30.0,0.03,0.27,11.35
603858,步长制药,15.91,16.0,15.91,79084.0,15.94,74.0,-0.09,-0.56,16.19
603859,能科科技,41.79,41.65,41.66,62974.0,41.82,160.0,0.14,0.34,42.34
603860,中公高科,25.91,25.91,25.81,5713.0,25.93,36.0,0.0,0.0,26.17
603861,白云电器,12.4,12.66,12.63,83879.0,12.43,194.0,-0.26,-2.05,12.67
603863,松炀资源,12.96,12.77,12.78,62871.0,12.98,39.0,0.19,1.49,13.2
603866,桃李面包,4.19,4.28,4.3,105376.0,4.22,154.0,-0.09,-2.1,4.3
603867,新化股份,29.16,28.27,28.27,78812.0,29.18,60.0,0.89,3.15,29.69
603868,飞科电器,30.26,30.85,30.84,9871.0,30.28,2.0,-0.59,-1.91,30.99
603871,嘉友国际,12.07,12.08,12.08,59443.0,12.11,212.0,-0.01,-0.08,12.15
603876,鼎胜新材,22.51,21.3,21.4,306217.0,22.53,144.0,1.21,5.68,23.14
603877,太平鸟,12.66,12.64,12.66,13957.0,12.68,10.0,0.02,0.16,12.67
603878,武进不锈,4.99,4.97,4.99,81508.0,5.02,808.0,0.02,0.4,5.02
603879,永悦科技,5.45,5.41,5.41,80822.0,5.49,291.0,0.04,0.74,5.5
603880,南卫股份,8.04,8.19,8.11,100559.0,8.06,46.0,-0.15,-1.83,8.29
603881,数据港,29.04,26.4,26.4,1019547.0,0.0,0.0,2.64,10.0,29.04
603882,金域医学,30.06,30.54,30.35,84757.0,30.08,175.0,-0.48,-1.57,30.75
603883,老百姓,13.58,13.44,13.44,356464.0,13.61,141.0,0.14,1.04,14.19
603885,吉祥航空,10.66,10.8,10.83,95284.0,10.69,518.0,-0.14,-1.3,10.85
603886,元祖股份,10.54,10.53,10.53,28213.0,10.56,2573.0,0.01,0.09,10.62
603887,城地香江,11.92,12.49,12.86,1260026.0,11.94,152.0,-0.57,-4.56,12.87
603888,新华网,16.55,16.67,16.67,76386.0,16.57,108.0,-0.12,-0.72,16.85
603889,新澳股份,5.63,5.63,5.63,50918.0,5.66,843.0,0.0,0.0,5.67
603890,春秋电子,22.09,20.45,20.45,935222.0,22.11,142.0,1.64,8.02,22.42
603893,XD瑞芯微,203.99,207.14,209.5,124279.0,204.01,1.0,-3.15,-1.52,213.59
603895,天永智能,25.01,25.0,24.82,11879.0,25.3,3.0,0.01,0.04,25.01
603896,寿仙谷,15.14,15.46,15.41,19992.0,15.16,36.0,-0.32,-2.07,15.45
603897,长城科技,32.0,34.68,32.8,276421.0,32.03,107.0,-2.68,-7.73,33.64
603898,好莱客,11.83,11.23,11.24,53234.0,11.86,20.0,0.6,5.34,11.9
603899,晨光股份,22.25,22.44,22.39,23973.0,22.33,2.0,-0.19,-0.85,22.5
603900,莱绅通灵,6.04,6.07,6.05,64065.0,6.06,180.0,-0.03,-0.49,6.1
603901,永创智能,9.67,9.65,9.7,63752.0,9.7,732.0,0.02,0.21,9.81
603903,中持股份,14.12,14.2,14.16,204719.0,14.16,10.0,-0.08,-0.56,14.68
603906,龙蟠科技,19.98,19.68,19.68,202554.0,20.01,135.0,0.3,1.52,20.42
603908,牧高笛,18.6,18.55,18.62,6624.0,18.69,93.0,0.05,0.27,18.72
603909,建发合诚,9.44,9.44,9.48,13967.0,9.5,162.0,0.0,0.0,9.5
603912,佳力图,8.6,8.89,8.88,632930.0,8.63,434.0,-0.29,-3.26,9.3
603915,国茂股份,13.26,13.35,13.41,36426.0,13.3,62.0,-0.09,-0.67,13.42
603916,苏博特,11.05,10.91,10.9,58067.0,11.08,157.0,0.14,1.28,11.2
603917,合力科技,12.51,12.43,12.41,27052.0,12.53,26.0,0.08,0.64,12.81
603918,金桥信息,11.3,11.11,11.08,277588.0,11.33,101.0,0.19,1.71,12.1
603919,金徽酒,16.7,17.04,16.94,95946.0,16.73,23.0,-0.34,-2.0,17.06
603920,世运电路,39.0,39.01,39.01,362155.0,39.03,121.0,-0.01,-0.03,39.82
603926,铁流股份,16.58,17.01,17.01,34918.0,16.61,1.0,-0.43,-2.53,17.02
603927,中科软,13.54,13.68,13.65,100093.0,13.57,215.0,-0.14,-1.02,13.85
603928,兴业股份,13.04,12.98,13.06,170089.0,13.06,146.0,0.06,0.46,13.27
603929,亚翔集成,162.7,161.52,163.58,49213.0,162.73,2.0,1.18,0.73,165.1
603931,格林达,39.35,37.06,37.32,86892.0,39.37,71.0,2.29,6.18,39.35
603933,睿能科技,20.55,20.61,20.51,48382.0,20.58,154.0,-0.06,-0.29,20.98
603936,博敏电子,15.8,15.31,15.53,339895.0,15.82,1704.0,0.49,3.2,15.82
603937,丽岛新材,11.37,11.29,11.28,42451.0,11.39,301.0,0.08,0.71,11.49
603938,三孚股份,44.22,42.52,43.17,145331.0,44.25,89.0,1.7,4.0,44.49
603939,益丰药房,24.03,24.03,23.84,97448.0,24.12,11.0,0.0,0.0,24.42
603948,建业股份,20.65,20.63,20.81,9313.0,20.7,81.0,0.02,0.1,20.97
603949,雪龙集团,14.22,14.17,14.22,26724.0,14.24,13.0,0.05,0.35,14.28
603950,长源东谷,62.1,59.15,59.66,79861.0,62.15,4.0,2.95,4.99,63.25
603955,大千生态,20.05,20.4,20.4,18557.0,20.1,9.0,-0.35,-1.72,20.59
603956,威派格,7.33,7.99,7.84,699891.0,7.36,22.0,-0.66,-8.26,7.84
603958,哈森股份,15.25,14.69,14.69,56827.0,15.28,1.0,0.56,3.81,15.37
603960,克来机电,16.3,16.36,16.36,37895.0,16.34,65.0,-0.06,-0.37,16.57
603966,法兰泰克,7.85,7.89,7.88,54470.0,7.87,130.0,-0.04,-0.51,7.94
603967,中创物流,11.41,11.45,11.5,17065.0,11.45,32.0,-0.04,-0.35,11.51
603968,醋化股份,10.24,10.22,10.23,15040.0,10.26,78.0,0.02,0.2,10.35
603969,银龙股份,7.26,7.03,7.04,208743.0,7.29,1479.0,0.23,3.27,7.28
603970,中农立华,10.36,10.32,10.29,14210.0,10.39,179.0,0.04,0.39,10.44
603976,正川股份,27.17,28.0,28.17,37322.0,27.19,82.0,-0.83,-2.96,28.2
603977,国泰集团,11.92,11.83,11.9,68410.0,11.95,337.0,0.09,0.76,11.99
603978,深圳新星,19.4,19.49,19.58,62364.0,19.42,220.0,-0.09,-0.46,19.8
603979,金诚信,76.65,72.33,72.07,120800.0,76.71,2.0,4.32,5.97,77.1
603980,吉华集团,6.95,7.12,7.19,292084.0,6.98,441.0,-0.17,-2.39,7.21
603982,泉峰汽车,6.03,6.06,6.06,36484.0,6.06,57.0,-0.03,-0.5,6.1
603983,丸美生物,28.16,29.34,29.03,37590.0,28.24,4.0,-1.18,-4.02,29.34
603985,恒润股份,18.09,17.06,17.16,179927.0,18.11,199.0,1.03,6.04,18.29
603986,兆易创新,417.48,404.5,419.0,475007.0,417.51,4.0,12.98,3.21,421.18
603987,康德莱,7.65,7.63,7.63,40464.0,7.67,188.0,0.02,0.26,7.77
603988,中电电机,21.88,22.0,22.0,126732.0,21.92,8.0,-0.12,-0.55,22.22
603989,艾华集团,32.99,29.99,30.65,425878.0,0.0,0.0,3.0,10.0,32.99
603990,麦迪科技,23.38,22.26,21.64,463532.0,23.4,180.0,1.12,5.03,23.65
603991,领先股份,134.85,132.0,132.2,17929.0,135.01,2.0,2.85,2.16,136.79
603992,松霖科技,22.25,22.88,22.87,35777.0,22.3,27.0,-0.63,-2.75,22.98
603993,洛阳钼业,18.44,18.41,18.21,1595215.0,18.46,2171.0,0.03,0.16,18.54
603995,甬金股份,24.77,24.63,24.8,70830.0,24.8,100.0,0.14,0.57,25.66
603997,继峰股份,12.34,12.63,12.8,137235.0,12.4,4.0,-0.29,-2.3,12.83
603998,方盛制药,10.78,10.77,10.78,581023.0,10.81,15.0,0.01,0.09,11.11
603999,读者传媒,5.56,5.66,5.61,84901.0,5.58,829.0,-0.1,-1.77,5.62
000001,平安银行,11.11,11.25,11.22,832344.0,11.14,6033.0,-0.14,-1.24,11.23
000002,万  科Ａ,3.13,3.22,3.21,1620060.0,3.15,10531.0,-0.09,-2.8,3.22
000006,深振业Ａ,7.52,7.7,7.5,471799.0,7.54,47.0,-0.18,-2.34,7.64
000007,全新好,10.73,10.99,11.08,94028.0,10.76,6.0,-0.26,-2.37,11.24
000008,神州高铁,2.39,2.42,2.42,284229.0,2.41,7175.0,-0.03,-1.24,2.43
000009,中国宝安,7.9,8.26,8.26,396817.0,7.93,2914.0,-0.36,-4.36,8.26
000011,深物业A,8.29,8.61,8.61,113908.0,8.31,97.0,-0.32,-3.72,8.7
000012,南  玻Ａ,3.78,3.8,3.78,186057.0,3.81,2454.0,-0.02,-0.53,3.81
000014,沙河股份,10.1,10.31,10.31,64271.0,10.13,56.0,-0.21,-2.04,10.45
000017,深中华A,6.0,5.99,5.96,62417.0,6.02,559.0,0.01,0.17,6.0
000019,深粮控股,5.98,6.09,6.09,79631.0,6.01,335.0,-0.11,-1.81,6.09
000020,深华发Ａ,11.22,11.19,11.21,26272.0,11.27,88.0,0.03,0.27,11.34
000021,深科技,40.23,39.55,40.31,973604.0,40.26,519.0,0.68,1.72,40.9
000025,特  力Ａ,14.9,15.03,14.96,43151.0,14.93,135.0,-0.13,-0.86,15.03
000026,飞亚达,20.92,21.15,21.12,117079.0,20.95,133.0,-0.23,-1.09,21.24
000027,深圳能源,6.22,6.34,6.34,218485.0,6.24,1315.0,-0.12,-1.89,6.35
000028,国药一致,20.09,20.31,20.28,39600.0,20.12,302.0,-0.22,-1.08,20.48
000029,深深房Ａ,22.2,22.52,22.5,48222.0,22.28,66.0,-0.32,-1.42,22.65
000030,富奥股份,4.24,4.26,4.28,57301.0,4.27,1376.0,-0.02,-0.47,4.29
000031,大悦城,2.16,2.23,2.22,516072.0,2.19,4570.0,-0.07,-3.14,2.22
000032,深桑达Ａ,14.99,14.7,14.75,352998.0,15.01,309.0,0.29,1.97,15.04
000034,神州数码,24.99,24.89,24.89,459631.0,25.01,545.0,0.1,0.4,25.45
000035,中国天楹,4.71,4.8,4.77,289543.0,4.73,1663.0,-0.09,-1.88,4.8
000036,华联控股,4.17,4.16,4.19,187229.0,4.19,2645.0,0.01,0.24,4.19
000037,深南电A,9.8,10.2,10.3,352412.0,9.82,951.0,-0.4,-3.92,10.3
000039,中集集团,8.8,8.87,8.9,437119.0,8.82,1017.0,-0.07,-0.79,9.09
000042,中洲控股,8.79,9.01,8.99,74019.0,8.81,229.0,-0.22,-2.44,9.02
000045,深纺织Ａ,10.06,10.07,10.08,36322.0,10.09,137.0,-0.01,-0.1,10.15
000048,京基智农,23.7,23.85,23.73,214854.0,23.73,5.0,-0.15,-0.63,24.1
000049,德赛电池,24.8,24.51,24.57,70286.0,24.82,598.0,0.29,1.18,25.11
000050,深天马Ａ,6.62,6.62,6.58,214841.0,6.65,1679.0,0.0,0.0,6.64
000055,方大集团,3.53,3.5,3.49,86037.0,3.56,1068.0,0.03,0.86,3.54
000058,深 赛 格,6.73,6.86,6.87,62698.0,6.76,326.0,-0.13,-1.9,6.88
000059,华锦股份,4.57,4.56,4.55,131821.0,4.6,3407.0,0.01,0.22,4.6
000060,中金岭南,6.54,6.5,6.47,885278.0,6.57,4169.0,0.04,0.62,6.56
000061,农 产 品,5.64,5.78,5.73,239796.0,5.67,1141.0,-0.14,-2.42,5.76
000062,深圳华强,23.38,23.16,23.35,163843.0,23.41,36.0,0.22,0.95,23.48
000063,中兴通讯,35.05,35.08,35.1,1118871.0,35.08,2300.0,-0.03,-0.09,35.33
000065,北方国际,9.01,9.15,9.16,148792.0,9.04,487.0,-0.14,-1.53,9.17
000066,中国长城,15.0,15.12,15.0,1404596.0,15.02,2621.0,-0.12,-0.79,15.1
000068,华控赛格,2.92,2.95,2.95,84479.0,2.95,1106.0,-0.03,-1.02,2.97
000069,华侨城Ａ,1.77,1.82,1.81,444044.0,1.8,9471.0,-0.05,-2.75,1.82
000070,特发信息,15.33,14.6,14.78,771945.0,15.36,1172.0,0.73,5.0,15.35
000088,盐 田 港,4.46,4.44,4.44,160470.0,4.49,2255.0,0.02,0.45,4.48
000089,深圳机场,6.48,6.51,6.53,97261.0,6.51,1509.0,-0.03,-0.46,6.54
000090,天健集团,3.48,3.53,3.52,114192.0,3.51,1070.0,-0.05,-1.42,3.54
000096,广聚能源,7.78,7.95,7.9,94552.0,7.81,523.0,-0.17,-2.14,7.9
000099,中信海直,14.1,14.24,14.22,71856.0,14.12,276.0,-0.14,-0.98,14.42
000100,TCL科技,5.14,5.17,5.18,4459335.0,5.17,24750.0,-0.03,-0.58,5.24
000151,中成股份,9.96,9.98,10.01,38975.0,9.99,234.0,-0.02,-0.2,10.1
000153,丰原药业,5.94,5.95,5.93,96336.0,5.97,390.0,-0.01,-0.17,6.05
000155,川能动力,12.35,12.07,12.11,513705.0,12.37,1007.0,0.28,2.32,12.54
000156,华数传媒,6.82,6.86,6.83,79663.0,6.85,542.0,-0.04,-0.58,6.87
000157,中联重科,6.93,6.97,6.96,334879.0,6.96,2652.0,-0.04,-0.57,6.98
000158,常山北明,13.38,13.28,13.36,389809.0,13.41,184.0,0.1,0.75,13.58
000159,国际实业,5.68,5.7,5.7,88322.0,5.71,818.0,-0.02,-0.35,5.77
000166,申万宏源,4.53,4.56,4.55,483503.0,4.56,11755.0,-0.03,-0.66,4.57
000301,东方盛虹,12.61,12.53,12.53,212963.0,12.66,218.0,0.08,0.64,12.69
000333,美的集团,83.03,84.19,83.77,223924.0,83.09,15.0,-1.16,-1.38,84.3
000338,潍柴动力,29.65,30.1,30.0,742151.0,29.68,242.0,-0.45,-1.5,30.27
000400,许继电气,22.03,22.23,22.16,140302.0,22.05,217.0,-0.2,-0.9,22.21
000401,金隅冀东,3.56,3.59,3.58,67716.0,3.59,2233.0,-0.03,-0.84,3.6
000402,金 融 街,2.49,2.56,2.56,470396.0,2.51,6539.0,-0.07,-2.73,2.56
000403,派林生物,10.9,11.17,11.17,285381.0,10.93,60.0,-0.27,-2.42,11.77
000404,长虹华意,7.09,7.28,7.26,190143.0,7.12,306.0,-0.19,-2.61,7.3
000407,胜利股份,4.1,4.08,4.08,138083.0,4.13,2104.0,0.02,0.49,4.15
000408,藏格矿业,77.66,78.04,77.29,152104.0,77.68,5.0,-0.38,-0.49,78.18
000409,云鼎科技,8.78,8.82,8.75,41390.0,8.81,174.0,-0.04,-0.45,8.88
000410,沈阳机床,5.36,5.48,5.55,475774.0,5.38,429.0,-0.12,-2.19,5.56
000411,英特集团,10.12,10.0,9.98,57826.0,10.14,510.0,0.12,1.2,10.16
000415,渤海租赁,4.51,4.47,4.46,423471.0,4.54,7342.0,0.04,0.89,4.59
000417,合百集团,5.84,5.92,5.92,242580.0,5.87,469.0,-0.08,-1.35,5.92
000419,通程控股,4.88,4.89,4.91,67045.0,4.9,464.0,-0.01,-0.2,4.91
000420,吉林化纤,3.77,3.75,3.77,427861.0,3.8,4302.0,0.02,0.53,3.84
000421,南京公用,5.44,5.47,5.45,53031.0,5.46,527.0,-0.03,-0.55,5.5
000422,湖北宜化,12.71,12.68,12.7,156482.0,12.74,1406.0,0.03,0.24,12.78
000423,东阿阿胶,51.92,52.68,52.54,44335.0,52.03,2.0,-0.76,-1.44,53.38
000425,徐工机械,7.99,8.06,8.03,1056842.0,8.02,4126.0,-0.07,-0.87,8.05
000426,兴业银锡,37.89,37.88,36.82,566144.0,37.91,2244.0,0.01,0.03,38.03
000428,华天酒店,4.25,4.58,4.59,683955.0,4.28,247.0,-0.33,-7.21,4.67
000429,粤高速Ａ,13.27,13.23,13.2,57739.0,13.3,726.0,0.04,0.3,13.29
000430,张家界,6.68,6.64,6.68,57544.0,6.71,459.0,0.04,0.6,6.72
000498,山东路桥,4.92,4.94,4.95,50081.0,4.96,3781.0,-0.02,-0.4,4.96
000501,武商集团,7.1,7.19,7.16,52590.0,7.13,259.0,-0.09,-1.25,7.18
000503,国新健康,7.32,7.43,7.41,153770.0,7.35,272.0,-0.11,-1.48,7.5
000504,南华生物,8.84,9.0,9.01,87540.0,8.87,101.0,-0.16,-1.78,9.12
000505,京粮控股,5.61,5.65,5.64,95161.0,5.63,282.0,-0.04,-0.71,5.65
000506,招金黄金,17.64,17.55,16.88,867934.0,17.67,181.0,0.09,0.51,17.72
000507,珠海港,4.93,4.96,4.99,68537.0,4.95,643.0,-0.03,-0.6,4.99
000509,华塑控股,3.29,3.3,3.3,241870.0,3.31,1056.0,-0.01,-0.3,3.32
000510,新金路,17.01,16.28,16.22,526903.0,17.03,1282.0,0.73,4.48,17.28
000513,丽珠集团,30.27,30.79,30.79,73103.0,30.29,41.0,-0.52,-1.69,31.06
000514,渝 开 发,3.97,4.02,4.01,90211.0,4.0,720.0,-0.05,-1.24,4.04
000516,国际医学,4.3,4.35,4.35,236066.0,4.33,1193.0,-0.05,-1.15,4.38
000517,荣安地产,2.24,2.28,2.28,301469.0,2.26,3162.0,-0.04,-1.75,2.31
000518,四环生物,4.01,4.13,4.13,748541.0,4.03,481.0,-0.12,-2.91,4.14
000519,中兵红箭,14.69,14.66,14.63,244131.0,14.72,407.0,0.03,0.2,14.81
000520,凤凰航运,3.84,3.89,3.9,132448.0,3.86,769.0,-0.05,-1.29,3.92
000521,长虹美菱,4.88,4.88,4.88,42835.0,4.91,755.0,0.0,0.0,4.9
000523,红棉股份,2.92,2.94,2.95,246930.0,2.94,3561.0,-0.02,-0.68,2.96
000524,岭南控股,9.34,9.43,9.44,60036.0,9.36,192.0,-0.09,-0.95,9.49
000525,红太阳,4.4,4.41,4.42,121028.0,4.43,949.0,-0.01,-0.23,4.46
000526,学大教育,33.04,34.22,34.28,42834.0,33.06,4.0,-1.18,-3.45,34.28
000528,柳    工,8.13,8.2,8.17,201466.0,8.15,1258.0,-0.07,-0.85,8.2
000529,广弘控股,4.9,4.85,4.87,42550.0,4.93,1495.0,0.05,1.03,4.93
000530,冰山冷热,4.96,4.91,4.93,86325.0,4.98,1888.0,0.05,1.02,4.99
000531,穗恒运Ａ,5.75,5.85,5.86,88730.0,5.77,559.0,-0.1,-1.71,5.86
000532,华金资本,10.83,10.81,10.84,30319.0,10.85,103.0,0.02,0.19,10.92
000533,顺钠股份,11.58,12.32,12.16,1093207.0,11.61,1805.0,-0.74,-6.01,12.24
000534,万泽股份,28.25,27.15,27.25,132093.0,28.28,164.0,1.1,4.05,28.61
000536,华映科技,3.28,3.32,3.32,423176.0,3.31,6660.0,-0.04,-1.2,3.33
000537,绿发电力,8.04,8.45,8.37,433145.0,8.06,1295.0,-0.41,-4.85,8.37
000538,云南白药,50.03,50.46,50.41,79254.0,50.06,24.0,-0.43,-0.85,50.45
000539,粤电力Ａ,5.76,6.34,6.15,1718648.0,5.79,678.0,-0.58,-9.15,6.15
000541,佛山照明,4.91,4.93,4.92,39901.0,4.94,1586.0,-0.02,-0.41,4.95
000543,皖能电力,7.56,7.7,7.7,239865.0,7.59,1027.0,-0.14,-1.82,7.71
000544,中原环保,7.29,7.31,7.31,22678.0,7.32,193.0,-0.02,-0.27,7.32
000545,金浦钛业,2.49,2.54,2.54,331776.0,2.52,1272.0,-0.05,-1.97,2.56
000546,金圆股份,4.73,4.72,4.73,127972.0,4.76,379.0,0.01,0.21,4.83
000547,航天发展,15.66,15.78,15.79,419936.0,15.69,1250.0,-0.12,-0.76,15.96
000548,湖南投资,4.46,4.46,4.46,36296.0,4.48,162.0,0.0,0.0,4.49
000550,江铃汽车,16.09,16.11,16.08,27545.0,16.12,133.0,-0.02,-0.12,16.2
000551,创元科技,14.1,13.63,13.68,196733.0,14.13,113.0,0.47,3.45,14.18
000552,甘肃能化,2.55,2.53,2.52,631856.0,2.58,22887.0,0.02,0.79,2.56
000553,安道麦A,5.39,5.35,5.36,49758.0,5.42,1006.0,0.04,0.75,5.42
000554,泰山石油,6.27,6.28,6.25,119194.0,6.3,770.0,-0.01,-0.16,6.29
000555,神州信息,10.72,10.94,10.93,206929.0,10.74,620.0,-0.22,-2.01,11.08
000557,西部创业,3.62,3.65,3.65,54260.0,3.65,1457.0,-0.03,-0.82,3.67
000558,天府文旅,3.52,3.54,3.55,181231.0,3.54,2584.0,-0.02,-0.56,3.55
000559,万向钱潮,11.64,11.71,11.72,255293.0,11.67,265.0,-0.07,-0.6,11.79
000560,我爱我家,2.16,2.25,2.24,1224318.0,2.19,5599.0,-0.09,-4.0,2.25
000561,烽火电子,7.64,7.72,7.72,62757.0,7.66,286.0,-0.08,-1.04,7.79
000563,陕国投Ａ,2.97,2.99,2.99,313614.0,3.0,13349.0,-0.02,-0.67,3.0
000564,供销大集,1.4,1.43,1.43,1920198.0,1.43,60793.0,-0.03,-2.1,1.44
000565,渝三峡Ａ,5.94,5.97,5.95,64680.0,5.97,75.0,-0.03,-0.5,6.04
000566,海南海药,5.45,5.69,5.62,1584348.0,5.48,3891.0,-0.24,-4.22,5.73
000567,海德股份,6.07,6.11,6.1,129254.0,6.1,732.0,-0.04,-0.65,6.13
000568,泸州老窖,89.42,91.78,91.59,88304.0,89.45,1.0,-2.36,-2.57,91.91
000570,苏常柴Ａ,5.0,5.01,5.02,80715.0,5.02,861.0,-0.01,-0.2,5.04
000571,新大洲A,6.45,6.39,6.39,327012.0,6.48,823.0,0.06,0.94,6.5
000572,海马汽车,3.83,3.9,3.91,320310.0,3.85,2510.0,-0.07,-1.79,3.92
000573,粤宏远Ａ,3.7,3.69,3.69,142268.0,3.72,370.0,0.01,0.27,3.73
000576,甘化科工,7.15,7.18,7.24,61402.0,7.18,222.0,-0.03,-0.42,7.25
000581,威孚高科,17.16,17.33,17.29,45793.0,17.19,159.0,-0.17,-0.98,17.32
000582,北部湾港,11.34,12.6,12.56,958030.0,11.36,1625.0,-1.26,-10.0,12.66
000586,汇源通信,12.51,12.36,12.37,63588.0,12.54,27.0,0.15,1.21,12.64
000589,贵州轮胎,4.31,4.33,4.33,179547.0,4.33,7600.0,-0.02,-0.46,4.34
000590,古汉医药,9.02,9.01,9.04,22995.0,9.06,10.0,0.01,0.11,9.19
000591,太阳能,4.33,4.43,4.43,445527.0,4.35,7503.0,-0.1,-2.26,4.45
000592,平潭发展,6.46,6.59,6.65,922134.0,6.49,2643.0,-0.13,-1.97,6.65
000593,德龙汇能,25.02,27.8,26.59,372794.0,25.04,332.0,-2.78,-10.0,26.97
000595,新能股份,5.97,6.27,6.22,582031.0,6.0,5677.0,-0.3,-4.78,6.28
000596,古井贡酒,99.36,100.42,100.45,62617.0,99.4,41.0,-1.06,-1.06,101.0
000597,东北制药,5.03,4.97,4.97,262947.0,5.06,1372.0,0.06,1.21,5.09
000598,兴蓉环境,7.12,7.13,7.15,101699.0,7.15,935.0,-0.01,-0.14,7.18
000599,青岛双星,4.77,4.91,4.94,179622.0,4.8,458.0,-0.14,-2.85,4.96
000600,建投能源,8.23,8.55,8.53,379993.0,8.26,1551.0,-0.32,-3.74,8.53
000601,韶能股份,6.42,6.79,6.73,751999.0,6.44,849.0,-0.37,-5.45,6.73
000603,盛达资源,32.09,32.21,30.95,521180.0,32.12,314.0,-0.12,-0.37,32.12
000605,渤海股份,5.98,5.96,5.98,28773.0,6.0,146.0,0.02,0.34,5.99
000607,华媒控股,3.68,3.71,3.7,133335.0,3.71,831.0,-0.03,-0.81,3.77
000608,阳光股份,7.76,7.64,7.6,563730.0,7.78,713.0,0.12,1.57,8.26
000612,焦作万方,11.13,11.11,11.03,327590.0,11.16,560.0,0.02,0.18,11.17
000617,中油资本,6.88,6.96,6.95,537477.0,6.91,4419.0,-0.08,-1.15,6.95
000619,海螺新材,4.74,4.74,4.78,40610.0,4.78,413.0,0.0,0.0,4.78
000620,盈新发展,3.03,2.75,2.77,5429446.0,0.0,0.0,0.28,10.18,3.03
000623,吉林敖东,17.97,18.2,18.17,127326.0,18.0,206.0,-0.23,-1.26,18.23
000625,长安汽车,7.14,7.27,7.27,583658.0,7.17,4436.0,-0.13,-1.79,7.3
000626,远大控股,7.68,7.77,7.77,72929.0,7.71,23.0,-0.09,-1.16,7.79
000628,高新发展,39.63,39.91,40.37,90497.0,39.66,38.0,-0.28,-0.7,40.91
000629,钒钛股份,3.07,3.06,3.06,732041.0,3.09,18902.0,0.01,0.33,3.08
000630,铜陵有色,6.5,6.42,6.42,2077975.0,6.52,9430.0,0.08,1.25,6.5
000631,顺发恒能,3.01,3.08,3.06,152692.0,3.04,516.0,-0.07,-2.27,3.07
000633,合金投资,5.19,5.19,5.18,49406.0,5.21,423.0,0.0,0.0,5.25
000635,英 力 特,6.39,6.42,6.42,39195.0,6.41,123.0,-0.03,-0.47,6.49
000636,风华高科,62.73,62.02,62.49,1468425.0,62.76,269.0,0.71,1.14,63.7
000637,茂化实华,3.85,3.85,3.85,60181.0,3.88,1583.0,0.0,0.0,3.89
000650,仁和药业,5.46,5.5,5.48,213756.0,5.48,761.0,-0.04,-0.73,5.56
000651,格力电器,39.9,40.24,40.15,331245.0,39.93,37.0,-0.34,-0.84,40.2
000652,泰达股份,3.51,3.53,3.53,132211.0,3.53,1133.0,-0.02,-0.57,3.56
000655,金岭矿业,6.81,6.75,6.8,42517.0,6.83,799.0,0.06,0.89,6.84
000656,金科股份,1.27,1.29,1.29,1529312.0,1.29,31489.0,-0.02,-1.55,1.3
000657,中钨高新,68.29,66.7,66.89,793836.0,68.31,209.0,1.59,2.38,68.98
000659,珠海中富,2.86,2.93,2.91,344207.0,2.89,2075.0,-0.07,-2.39,2.94
000661,长春高新,84.59,85.45,85.0,70909.0,84.61,1.0,-0.86,-1.01,86.46
000663,永安林业,5.51,5.53,5.51,42507.0,5.53,833.0,-0.02,-0.36,5.56
000665,湖北广电,4.1,4.2,4.2,505984.0,4.12,357.0,-0.1,-2.38,4.45
000668,荣丰控股,23.12,24.06,23.82,125167.0,23.15,5.0,-0.94,-3.91,24.03
000670,盈方微,6.85,6.9,6.92,274434.0,6.88,2174.0,-0.05,-0.72,6.98
000672,上峰材料,13.89,13.84,13.92,108985.0,13.93,176.0,0.05,0.36,14.06
000676,智度股份,7.36,7.02,7.09,2194693.0,7.39,2242.0,0.34,4.84,7.72
000678,襄阳轴承,8.94,9.01,9.01,66124.0,8.97,136.0,-0.07,-0.78,9.05
000679,大连友谊,6.12,6.26,6.27,57119.0,6.15,468.0,-0.14,-2.24,6.28
000680,山推股份,10.21,10.41,10.38,196024.0,10.24,108.0,-0.2,-1.92,10.43
000681,视觉中国,18.05,18.18,18.27,319230.0,18.08,280.0,-0.13,-0.72,18.42
000682,东方电子,11.88,11.91,11.91,117478.0,11.91,985.0,-0.03,-0.25,11.94
000683,博源化工,5.85,5.8,5.79,566440.0,5.88,12703.0,0.05,0.86,5.9
000685,中山公用,11.03,11.15,11.11,95880.0,11.06,1244.0,-0.12,-1.08,11.16
000686,东北证券,8.0,8.13,8.1,194205.0,8.03,536.0,-0.13,-1.6,8.14
000688,国城矿业,31.6,31.98,31.81,228189.0,31.63,78.0,-0.38,-1.19,33.44
000690,宝新能源,4.68,4.81,4.8,488426.0,4.71,4488.0,-0.13,-2.7,4.8
000691,亚太实业,10.3,10.66,10.68,139625.0,10.35,143.0,-0.36,-3.38,10.74
000692,惠天热电,4.58,4.88,5.12,1019624.0,4.6,2047.0,-0.3,-6.15,5.33
000695,滨海能源,14.31,14.39,14.29,194436.0,14.34,1.0,-0.08,-0.56,14.66
000697,炼石航空,8.6,8.73,8.76,83980.0,8.62,496.0,-0.13,-1.49,8.76
000700,模塑科技,11.88,11.9,11.9,281800.0,11.9,1108.0,-0.02,-0.17,12.0
000701,厦门信达,5.09,5.09,5.09,88325.0,5.11,591.0,0.0,0.0,5.12
000702,正虹科技,5.43,5.42,5.42,55330.0,5.46,106.0,0.01,0.18,5.45
000703,恒逸石化,16.78,16.83,16.95,529085.0,16.81,472.0,-0.05,-0.3,17.2
000705,浙江震元,7.07,6.96,6.97,75941.0,7.09,331.0,0.11,1.58,7.2
000707,双环科技,4.52,4.55,4.55,52215.0,4.55,740.0,-0.03,-0.66,4.58
000708,中信特钢,13.79,13.69,13.62,107460.0,13.83,337.0,0.1,0.73,13.83
000709,河钢股份,2.09,2.09,2.09,642289.0,2.12,33963.0,0.0,0.0,2.1
000710,贝瑞基因,9.17,9.61,9.66,257460.0,9.2,263.0,-0.44,-4.58,9.71
000712,锦龙股份,9.33,9.54,9.53,265518.0,9.36,322.0,-0.21,-2.2,9.6
000713,国投丰乐,5.72,5.75,5.75,35310.0,5.75,420.0,-0.03,-0.52,5.78
000715,中兴商业,5.14,5.26,5.24,191681.0,5.17,101.0,-0.12,-2.28,5.3
000716,黑芝麻,5.09,4.88,4.89,752556.0,5.12,531.0,0.21,4.3,5.37
000717,中南股份,2.21,2.21,2.2,143567.0,2.24,2878.0,0.0,0.0,2.23
000718,苏宁环球,1.9,1.93,1.93,339919.0,1.92,4536.0,-0.03,-1.55,1.94
000719,中原传媒,12.08,12.15,12.15,26096.0,12.15,23.0,-0.07,-0.58,12.18
000720,新能泰山,3.85,3.94,3.92,650367.0,3.88,2103.0,-0.09,-2.28,3.94
000721,西安饮食,6.58,6.64,6.64,111545.0,6.61,486.0,-0.06,-0.9,6.67
000722,湖南发展,13.11,13.6,13.58,201609.0,13.14,1316.0,-0.49,-3.6,13.58
000723,美锦能源,3.61,3.62,3.59,529764.0,3.64,5468.0,-0.01,-0.28,3.63
000725,京东方Ａ,5.81,5.86,5.93,12589567.0,5.83,79912.0,-0.05,-0.85,5.94
000726,鲁  泰Ａ,5.87,5.89,5.88,26217.0,5.9,1066.0,-0.02,-0.34,5.9
000727,冠捷科技,2.21,2.23,2.25,656033.0,2.24,23771.0,-0.02,-0.9,2.25
000728,国元证券,7.13,7.23,7.21,211006.0,7.16,910.0,-0.1,-1.38,7.25
000729,燕京啤酒,12.69,12.76,12.76,124027.0,12.71,8.0,-0.07,-0.55,12.84
000731,四川美丰,5.79,5.86,5.84,47406.0,5.81,157.0,-0.07,-1.19,5.9
000733,振华科技,40.92,40.87,40.88,121282.0,40.94,65.0,0.05,0.12,41.27
000735,罗 牛 山,5.11,5.22,5.2,303930.0,5.14,2313.0,-0.11,-2.11,5.23
000736,中交发展,4.46,4.62,4.62,228487.0,4.49,280.0,-0.16,-3.46,4.65
000737,北方铜业,13.59,13.6,13.51,310181.0,13.61,327.0,-0.01,-0.07,13.7
000738,航发控制,18.48,18.29,18.28,117136.0,18.5,477.0,0.19,1.04,18.78
000739,普洛药业,22.55,22.81,22.4,384891.0,22.58,102.0,-0.26,-1.14,23.23
000750,国海证券,3.75,3.78,3.78,368892.0,3.78,10594.0,-0.03,-0.79,3.79
000751,锌业股份,4.98,5.01,5.0,421733.0,5.01,2447.0,-0.03,-0.6,5.05
000753,漳州发展,4.73,4.77,4.77,124610.0,4.76,1682.0,-0.04,-0.84,4.8
000755,山西高速,4.65,4.65,4.63,26330.0,4.67,386.0,0.0,0.0,4.66
000756,新华制药,14.29,14.03,14.0,191302.0,14.31,106.0,0.26,1.85,14.49
000757,浩物股份,4.27,4.34,4.33,97240.0,4.31,643.0,-0.07,-1.61,4.37
000758,中色股份,6.0,5.96,5.95,235435.0,6.03,5770.0,0.04,0.67,6.05
000759,中百集团,6.95,7.35,7.22,946592.0,6.98,1142.0,-0.4,-5.44,7.25
000761,本钢板材,2.27,2.29,2.28,123237.0,2.3,2383.0,-0.02,-0.87,2.3
000762,西藏矿业,23.51,23.42,23.44,107940.0,23.54,375.0,0.09,0.38,23.82
000766,通化金马,16.57,17.07,17.0,187459.0,16.6,61.0,-0.5,-2.93,17.0
000767,晋控电力,3.8,4.15,4.0,2520816.0,3.83,10580.0,-0.35,-8.43,4.03
000768,中航西飞,21.43,20.89,20.88,494677.0,21.46,412.0,0.54,2.58,22.0
000776,广发证券,20.77,21.24,21.21,631145.0,20.8,1218.0,-0.47,-2.21,21.41
000777,中核科技,17.64,17.62,17.6,50393.0,17.66,550.0,0.02,0.11,17.69
000778,新兴铸管,3.7,3.73,3.72,352140.0,3.72,10838.0,-0.03,-0.8,3.73
000779,甘咨询,9.66,10.73,10.19,955252.0,9.69,551.0,-1.07,-9.97,10.38
000782,恒申新材,7.72,7.6,7.58,162601.0,7.75,876.0,0.12,1.58,7.74
000783,长江证券,9.04,9.15,9.14,1240315.0,9.07,1321.0,-0.11,-1.2,9.32
000785,居然智家,2.23,2.27,2.26,523463.0,2.25,7173.0,-0.04,-1.76,2.27
000786,北新建材,18.29,18.73,18.72,152587.0,18.32,69.0,-0.44,-2.35,18.85
000788,北大医药,5.87,5.79,5.72,378466.0,5.89,967.0,0.08,1.38,5.97
000789,万年青,4.08,4.11,4.11,21073.0,4.11,406.0,-0.03,-0.73,4.12
000790,华神科技,4.14,4.15,4.13,186915.0,4.16,4694.0,-0.01,-0.24,4.28
000791,甘肃能源,7.58,7.89,7.89,331808.0,7.61,561.0,-0.31,-3.93,7.93
000792,盐湖股份,28.27,27.65,27.78,628865.0,28.3,1048.0,0.62,2.24,28.67
000795,英洛华,8.5,8.41,8.4,118311.0,8.53,623.0,0.09,1.07,8.58
000796,凯撒旅业,3.83,3.88,3.88,256508.0,3.85,1919.0,-0.05,-1.29,3.88
000797,中国武夷,2.38,2.41,2.41,269915.0,2.4,1663.0,-0.03,-1.24,2.42
000798,中水渔业,8.38,8.4,8.43,60228.0,8.4,292.0,-0.02,-0.24,8.43
000799,酒鬼酒,40.94,41.57,41.5,77699.0,40.97,20.0,-0.63,-1.52,41.62
000800,一汽解放,6.06,6.08,6.08,94763.0,6.09,1171.0,-0.02,-0.33,6.1
000801,四川九洲,11.36,11.33,11.35,81939.0,11.39,193.0,0.03,0.26,11.54
000802,北京文化,5.92,6.26,6.2,3253381.0,5.95,428.0,-0.34,-5.43,6.49
000803,山高环能,7.08,7.15,7.15,66615.0,7.11,93.0,-0.07,-0.98,7.23
000807,云铝股份,25.91,25.89,25.54,590899.0,25.93,558.0,0.02,0.08,25.98
000809,和展能源,3.47,3.52,3.53,142353.0,3.5,539.0,-0.05,-1.42,3.56
000810,创维数字,9.65,9.58,9.6,135302.0,9.68,339.0,0.07,0.73,9.72
000811,冰轮环境,40.99,40.89,41.4,340531.0,41.02,12.0,0.1,0.24,41.92
000812,陕西金叶,3.57,3.61,3.59,122200.0,3.6,1049.0,-0.04,-1.11,3.63
000813,德展健康,3.51,3.62,3.6,405885.0,3.54,2141.0,-0.11,-3.04,3.65
000815,美利云,18.97,18.36,18.29,1774872.0,19.0,2352.0,0.61,3.32,19.6
000816,智慧农业,2.74,2.75,2.74,236562.0,2.76,4028.0,-0.01,-0.36,2.76
000818,航锦科技,13.45,13.48,13.6,205839.0,13.47,158.0,-0.03,-0.22,13.7
000819,岳阳兴长,11.87,11.74,11.74,39311.0,11.9,244.0,0.13,1.11,11.92
000820,神雾节能,3.48,3.74,3.72,460156.0,3.5,2727.0,-0.26,-6.95,3.79
000822,山东海化,4.26,4.3,4.3,109286.0,4.28,422.0,-0.04,-0.93,4.32
000823,超声电子,15.3,14.62,14.87,566989.0,15.33,232.0,0.68,4.65,15.44
000825,太钢不锈,3.41,3.45,3.44,194816.0,3.44,3342.0,-0.04,-1.16,3.45
000828,东莞控股,9.78,9.85,9.84,37539.0,9.81,18.0,-0.07,-0.71,9.87
000829,天音控股,8.35,8.4,8.4,178405.0,8.38,218.0,-0.05,-0.6,8.47
000830,鲁西化工,11.92,11.96,11.89,217941.0,11.95,851.0,-0.04,-0.33,12.05
000831,中国稀土,60.95,55.41,55.8,905892.0,0.0,0.0,5.54,10.0,60.95
000833,粤桂股份,20.56,20.48,20.48,133053.0,20.58,103.0,0.08,0.39,20.74
000837,秦川机床,10.56,10.66,10.6,334424.0,10.59,174.0,-0.1,-0.94,10.72
000839,国安股份,2.85,2.77,2.78,1201088.0,2.87,7123.0,0.08,2.89,2.94
000848,承德露露,8.32,8.57,8.57,180139.0,8.35,59.0,-0.25,-2.92,8.66
000850,华茂股份,4.08,4.05,4.08,69727.0,4.1,1660.0,0.03,0.74,4.11
000852,石化机械,5.18,5.23,5.22,83015.0,5.21,561.0,-0.05,-0.96,5.25
000856,冀东装备,7.97,7.91,7.92,31199.0,7.99,161.0,0.06,0.76,7.98
000858,五 粮 液,73.75,75.12,75.01,360233.0,73.78,83.0,-1.37,-1.82,75.03
000859,国风新材,9.65,9.76,9.76,629578.0,9.68,888.0,-0.11,-1.13,9.93
000860,顺鑫农业,10.55,10.82,10.82,99636.0,10.58,244.0,-0.27,-2.5,10.82
000862,银星能源,5.27,5.62,5.56,440439.0,5.29,1070.0,-0.35,-6.23,5.59
000863,三湘印象,4.06,4.2,4.19,182356.0,4.09,647.0,-0.14,-3.33,4.22
000868,安凯客车,3.65,3.69,3.68,91416.0,3.67,813.0,-0.04,-1.08,3.7
000869,张  裕Ａ,17.23,17.57,17.57,9134.0,17.26,19.0,-0.34,-1.94,17.57
000875,电投绿能,5.06,5.17,5.17,382139.0,5.09,3963.0,-0.11,-2.13,5.17
000876,新 希 望,6.83,6.97,6.95,385860.0,6.86,1508.0,-0.14,-2.01,6.96
000877,天山股份,3.71,3.75,3.75,108069.0,3.74,1256.0,-0.04,-1.07,3.75
000878,云南铜业,16.09,16.03,15.97,248249.0,16.12,167.0,0.06,0.37,16.26
000880,潍柴重机,25.06,24.51,24.59,162250.0,25.09,235.0,0.55,2.24,25.16
000881,中广核技,6.58,6.49,6.52,101086.0,6.61,200.0,0.09,1.39,6.85
000882,华联股份,1.44,1.47,1.47,775532.0,1.46,12582.0,-0.03,-2.04,1.48
000883,湖北能源,4.51,4.57,4.56,224875.0,4.53,3035.0,-0.06,-1.31,4.57
000885,城发环境,12.67,12.75,12.74,22144.0,12.71,2.0,-0.08,-0.63,12.77
000886,海南高速,4.52,4.53,4.53,106684.0,4.54,2263.0,-0.01,-0.22,4.54
000887,中鼎股份,21.82,23.69,23.0,1660219.0,21.84,325.0,-1.87,-7.89,23.0
000888,峨眉山Ａ,9.76,9.74,9.73,74166.0,9.79,246.0,0.02,0.21,9.89
000889,中嘉博创,4.07,4.11,4.08,719951.0,4.1,3236.0,-0.04,-0.97,4.17
000890,法尔胜,7.35,7.43,7.5,118401.0,7.37,36.0,-0.08,-1.08,7.51
000892,欢瑞世纪,4.0,4.08,4.1,579593.0,4.03,2133.0,-0.08,-1.96,4.15
000893,亚钾国际,45.35,45.86,45.74,70298.0,45.4,62.0,-0.51,-1.11,45.87
000895,双汇发展,24.6,24.67,24.56,91950.0,24.65,10.0,-0.07,-0.28,24.84
000897,津滨发展,1.78,1.79,1.79,322327.0,1.8,8091.0,-0.01,-0.56,1.81
000898,鞍钢股份,1.97,1.98,1.97,265094.0,2.0,15422.0,-0.01,-0.51,1.99
000899,赣能股份,10.37,10.71,10.7,185374.0,10.4,462.0,-0.34,-3.17,10.71
000900,现代投资,3.66,3.67,3.67,62882.0,3.68,5013.0,-0.01,-0.27,3.68
000901,航天科技,14.72,14.73,14.75,124000.0,14.75,30.0,-0.01,-0.07,14.8
000902,新洋丰,12.92,13.05,13.08,53387.0,12.94,107.0,-0.13,-1.0,13.08
000905,厦门港务,8.36,8.5,8.55,82600.0,8.41,111.0,-0.14,-1.65,8.55
000906,浙商中拓,5.37,5.37,5.36,40505.0,5.39,675.0,0.0,0.0,5.4
000908,石药景峰,6.95,7.03,6.99,280292.0,6.97,558.0,-0.08,-1.14,7.07
000910,大亚圣象,5.33,5.38,5.38,40183.0,5.35,100.0,-0.05,-0.93,5.43
000912,泸天化,3.6,3.65,3.63,134492.0,3.63,573.0,-0.05,-1.37,3.65
000913,钱江摩托,11.28,11.44,11.45,32787.0,11.31,9.0,-0.16,-1.4,11.49
000915,华特达因,25.78,25.95,25.94,26989.0,25.8,247.0,-0.17,-0.66,26.29
000917,电广传媒,7.73,7.34,7.38,798209.0,7.76,654.0,0.39,5.31,7.98
000919,金陵药业,6.79,6.67,6.7,225856.0,6.82,939.0,0.12,1.8,6.84
000920,沃顿科技,11.74,11.55,11.56,57308.0,11.76,372.0,0.19,1.65,11.75
000921,海信家电,25.69,26.12,25.99,90246.0,25.75,17.0,-0.43,-1.65,26.2
000922,佳电股份,11.72,11.77,11.9,77029.0,11.74,294.0,-0.05,-0.42,11.92
000923,河钢资源,14.41,14.25,14.31,101717.0,14.45,87.0,0.16,1.12,14.55
000925,众合科技,7.8,7.68,7.71,205248.0,7.83,357.0,0.12,1.56,7.95
000926,福星股份,2.15,2.2,2.2,337482.0,2.17,2609.0,-0.05,-2.27,2.2
000927,中国铁物,2.4,2.43,2.43,359474.0,2.43,18278.0,-0.03,-1.23,2.44
000928,中钢国际,4.97,5.02,5.01,96561.0,5.0,1380.0,-0.05,-1.0,5.03
000929,兰州黄河,8.87,8.88,8.82,24253.0,8.89,132.0,-0.01,-0.11,8.94
000930,中粮科技,4.66,4.71,4.71,138072.0,4.69,1191.0,-0.05,-1.06,4.72
000931,中 关 村,4.3,4.25,4.25,238021.0,4.33,1331.0,0.05,1.18,4.53
000932,华菱钢铁,3.6,3.59,3.59,559204.0,3.63,12934.0,0.01,0.28,3.62
000933,神火股份,25.83,25.9,25.6,318335.0,25.86,164.0,-0.07,-0.27,25.98
000935,四川双马,23.12,23.09,23.12,35887.0,23.16,35.0,0.03,0.13,23.23
000936,华西股份,6.97,6.34,6.97,1368825.0,0.0,0.0,0.63,9.94,6.97
000937,冀中能源,4.7,4.65,4.63,152517.0,4.73,4405.0,0.05,1.08,4.72
000938,紫光股份,39.95,39.6,40.35,3245979.0,39.97,325.0,0.35,0.88,41.68
000948,南天信息,14.55,14.46,14.43,162020.0,14.58,63.0,0.09,0.62,15.21
000949,新乡化纤,6.3,6.35,6.37,226450.0,6.32,3173.0,-0.05,-0.79,6.43
000950,重药控股,6.29,5.72,5.79,601321.0,0.0,0.0,0.57,9.97,6.29
000951,中国重汽,20.85,20.81,20.81,66921.0,20.88,2.0,0.04,0.19,21.02
000952,广济药业,6.31,6.35,6.4,86108.0,6.34,260.0,-0.04,-0.63,6.42
000953,中哲精化,6.17,6.26,6.26,84813.0,6.21,279.0,-0.09,-1.44,6.31
000955,欣龙控股,4.29,4.3,4.32,95660.0,4.31,302.0,-0.01,-0.23,4.35
000957,中通客车,10.36,10.21,10.17,95533.0,10.38,2093.0,0.15,1.47,10.39
000958,电投产融,5.4,5.46,5.45,142340.0,5.43,1048.0,-0.06,-1.1,5.45
000959,首钢股份,3.52,3.56,3.54,226352.0,3.54,4128.0,-0.04,-1.12,3.56
000960,锡业股份,38.61,37.67,37.68,384455.0,38.64,32.0,0.94,2.5,38.84
000962,东方钽业,55.37,52.96,54.68,356010.0,55.4,91.0,2.41,4.55,56.39
000963,华东医药,29.72,29.56,29.49,377299.0,29.74,215.0,0.16,0.54,30.44
000965,天保基建,3.14,3.17,3.18,130473.0,3.16,1108.0,-0.03,-0.95,3.19
000966,长源电力,4.12,4.26,4.27,616678.0,4.14,1854.0,-0.14,-3.29,4.28
000967,盈峰环境,9.47,9.25,9.3,1251984.0,9.5,10033.0,0.22,2.38,9.5
000968,蓝焰控股,6.87,6.84,6.81,181774.0,6.9,961.0,0.03,0.44,6.89
000969,安泰科技,17.05,16.79,16.81,188919.0,17.07,448.0,0.26,1.55,17.08
000970,中科三环,13.59,13.26,13.26,409560.0,13.61,475.0,0.33,2.49,13.73
000972,中基健康,3.6,3.82,3.74,339349.0,3.62,1063.0,-0.22,-5.76,3.78
000973,佛塑科技,14.27,14.12,14.12,800478.0,14.3,1843.0,0.15,1.06,14.62
000975,山金国际,25.77,25.31,25.0,437136.0,25.8,232.0,0.46,1.82,25.94
000977,浪潮信息,78.8,79.46,79.6,937908.0,78.82,96.0,-0.66,-0.83,81.16
000978,桂林旅游,6.07,6.13,6.13,80665.0,6.1,323.0,-0.06,-0.98,6.16
000980,众泰汽车,1.7,1.73,1.72,914263.0,1.72,10063.0,-0.03,-1.73,1.73
000981,山子高科,2.78,2.85,2.85,2513273.0,2.81,23737.0,-0.07,-2.46,2.87
000983,山西焦煤,6.84,6.66,6.7,635776.0,6.87,2437.0,0.18,2.7,6.88
000985,大庆华科,15.52,15.47,15.49,12849.0,15.55,79.0,0.05,0.32,15.54
000987,越秀资本,7.57,7.67,7.65,231481.0,7.6,3081.0,-0.1,-1.3,7.67
000988,华工科技,109.79,107.04,107.51,518675.0,109.82,212.0,2.75,2.57,109.98
000989,九芝堂,9.53,9.53,9.46,372204.0,9.56,762.0,0.0,0.0,9.65
000990,诚志股份,6.58,6.71,6.65,538815.0,6.61,1014.0,-0.13,-1.94,6.68
000993,闽东电力,10.03,10.32,10.35,127006.0,10.05,227.0,-0.29,-2.81,10.36
000995,皇台酒业,10.95,11.31,11.2,133030.0,10.97,117.0,-0.36,-3.18,11.31
000997,新 大 陆,17.78,17.99,17.98,143626.0,17.8,438.0,-0.21,-1.17,18.1
000998,隆平高科,8.02,8.14,8.12,106893.0,8.05,699.0,-0.12,-1.47,8.13
000999,华润三九,24.71,25.01,24.9,105121.0,24.74,239.0,-0.3,-1.2,24.98
001201,东瑞股份,11.76,11.85,11.89,22389.0,11.79,49.0,-0.09,-0.76,11.92
001202,炬申股份,13.36,13.41,13.5,15496.0,13.4,105.0,-0.05,-0.37,13.52
001203,大中矿业,27.77,27.78,27.99,157994.0,27.8,44.0,-0.01,-0.04,29.2
001205,盛航股份,13.77,13.76,13.71,34304.0,13.79,129.0,0.01,0.07,13.88
001206,依依股份,16.84,17.28,17.23,50406.0,16.87,2.0,-0.44,-2.55,17.48
001207,联科科技,15.82,15.75,15.75,34191.0,15.85,155.0,0.07,0.44,15.9
001208,华菱线缆,14.99,15.0,15.02,129562.0,15.02,255.0,-0.01,-0.07,15.13
001209,洪兴股份,16.86,16.61,16.67,25957.0,16.88,67.0,0.25,1.51,16.94
001210,金房能源,24.04,23.13,23.56,112120.0,24.08,18.0,0.91,3.93,24.48
001211,双枪科技,22.86,23.46,23.46,54486.0,22.91,26.0,-0.6,-2.56,23.6
001212,中旗新材,35.2,34.6,34.6,29336.0,35.23,17.0,0.6,1.73,35.51
001213,中铁特货,3.51,3.53,3.53,52999.0,3.54,2555.0,-0.02,-0.57,3.54
001215,千味央厨,32.27,32.26,32.12,15794.0,32.29,24.0,0.01,0.03,32.39
001216,华瓷股份,14.69,14.7,14.96,25496.0,14.74,8.0,-0.01,-0.07,14.96
001217,华尔泰,9.83,9.86,9.85,29231.0,9.86,119.0,-0.03,-0.3,9.95
001218,丽臣实业,24.67,24.93,24.88,19643.0,24.72,1.0,-0.26,-1.04,25.1
001219,青岛食品,12.95,12.76,12.76,71427.0,12.97,129.0,0.19,1.49,13.68
001220,世盟股份,31.77,31.55,31.49,14151.0,31.81,3.0,0.22,0.7,32.2
001221,悍高集团,39.25,40.4,40.4,21355.0,39.29,1.0,-1.15,-2.85,40.69
001222,源飞宠物,14.75,15.1,15.0,58000.0,14.79,6.0,-0.35,-2.32,15.05
001223,欧克科技,41.68,40.56,40.79,26996.0,41.74,31.0,1.12,2.76,41.95
001225,和泰机电,44.66,45.0,45.24,9927.0,44.7,106.0,-0.34,-0.76,45.49
001226,拓山重工,42.38,42.42,42.46,6006.0,42.41,8.0,-0.04,-0.09,42.9
001227,兰州银行,2.12,2.14,2.14,597896.0,2.15,53270.0,-0.02,-0.93,2.15
001228,永泰运,27.34,27.68,27.61,11712.0,27.36,5.0,-0.34,-1.23,28.04
001229,魅视科技,41.48,41.58,41.4,49645.0,41.5,130.0,-0.1,-0.24,43.0
001230,劲旅环境,20.99,20.66,20.66,48426.0,21.01,340.0,0.33,1.6,21.05
001231,农心科技,20.14,20.0,20.07,8350.0,20.17,90.0,0.14,0.7,20.33
001232,嘉立创,161.27,167.29,167.29,82880.0,161.3,73.0,-6.02,-3.6,167.95
001233,海安集团,45.3,44.57,44.58,12929.0,45.33,3.0,0.73,1.64,45.43
001234,泰慕士,21.61,21.92,22.16,36159.0,21.65,30.0,-0.31,-1.41,22.38
001236,弘业期货,7.57,7.7,7.7,76439.0,7.6,298.0,-0.13,-1.69,7.75
001237,惠康科技,54.09,54.75,55.3,18841.0,54.14,5.0,-0.66,-1.21,55.4
001238,浙江正特,25.0,24.72,24.68,5645.0,25.07,1.0,0.28,1.13,25.5
001239,永达股份,11.91,11.84,11.86,11615.0,11.94,61.0,0.07,0.59,11.99
001248,华润新能源,12.83,13.08,13.03,793970.0,12.86,939.0,-0.25,-1.91,13.04
001255,博菲电气,25.18,24.94,24.93,12041.0,25.29,10.0,0.24,0.96,25.56
001256,炜冈科技,26.81,27.28,27.35,39557.0,26.87,5.0,-0.47,-1.72,27.61
001257,盛龙股份,25.03,24.85,24.65,94481.0,25.06,95.0,0.18,0.72,25.17
001258,立新能源,13.75,15.27,14.79,1500383.0,13.78,88.0,-1.52,-9.95,14.79
001259,利仁科技,46.95,46.81,46.68,8404.0,47.15,11.0,0.14,0.3,47.5
001260,坤泰股份,23.13,21.03,23.13,12939.0,0.0,0.0,2.1,9.99,23.13
001266,宏英智能,34.98,34.81,34.8,19518.0,35.01,45.0,0.17,0.49,35.11
001267,汇绿生态,41.47,41.59,41.55,414518.0,41.49,505.0,-0.12,-0.29,41.9
001268,联合精密,20.44,19.81,19.81,34765.0,20.46,210.0,0.63,3.18,20.71
001269,欧晶科技,19.45,19.55,19.56,17406.0,19.48,39.0,-0.1,-0.51,19.72
001270,铖昌科技,117.8,114.0,115.01,66937.0,117.83,2.0,3.8,3.33,118.64
001277,速达股份,29.18,29.15,29.19,8172.0,29.33,13.0,0.03,0.1,29.43
001278,一彬科技,16.1,15.93,15.93,19828.0,16.14,39.0,0.17,1.07,16.52
001279,强邦新材,24.95,25.05,25.07,4769.0,25.02,18.0,-0.1,-0.4,25.29
001280,中国铀业,64.07,63.29,63.03,40776.0,64.09,106.0,0.78,1.23,64.12
001282,三联锻造,16.24,16.2,16.25,20971.0,16.26,21.0,0.04,0.25,16.42
001283,豪鹏科技,42.46,42.95,43.08,23327.0,42.5,13.0,-0.49,-1.14,43.66
001285,瑞立科密,41.53,41.23,41.13,7381.0,41.56,6.0,0.3,0.73,41.7
001286,陕西能源,10.54,10.55,10.55,154336.0,10.57,119.0,-0.01,-0.09,10.62
001287,中电港,23.38,22.95,23.26,161319.0,23.41,258.0,0.43,1.87,23.42
001288,运机集团,26.65,26.24,26.1,28917.0,26.68,17.0,0.41,1.56,26.76
001289,龙源电力,15.61,15.92,15.89,58008.0,15.64,90.0,-0.31,-1.95,15.89
001296,长江材料,19.63,19.25,19.3,25460.0,19.66,45.0,0.38,1.97,19.65
001298,好上好,17.8,17.66,17.69,58477.0,17.82,80.0,0.14,0.79,17.9
001299,美能能源,9.8,9.87,9.88,20802.0,9.83,118.0,-0.07,-0.71,9.95
001300,三柏硕,11.14,11.2,11.23,47489.0,11.16,82.0,-0.06,-0.54,11.26
001301,尚太科技,54.13,53.76,53.29,66663.0,54.19,1.0,0.37,0.69,56.66
001306,夏厦精密,54.74,54.31,54.3,4798.0,54.77,1.0,0.43,0.79,54.86
001308,康冠科技,18.27,18.37,18.31,15699.0,18.29,41.0,-0.1,-0.54,18.45
001309,德明利,406.19,396.53,410.02,140694.0,406.22,3.0,9.66,2.44,415.09
001311,多利科技,18.19,18.12,18.6,154532.0,18.22,12.0,0.07,0.39,19.43
001312,福恩股份,18.44,18.04,18.08,63261.0,18.46,150.0,0.4,2.22,18.93
001313,粤海饲料,7.87,7.91,7.97,198144.0,7.9,311.0,-0.04,-0.51,8.09
001314,亿道信息,56.35,56.0,56.61,27631.0,56.37,110.0,0.35,0.63,56.81
001316,润贝航科,26.6,26.67,26.45,20644.0,26.64,27.0,-0.07,-0.26,27.19
001317,三羊马,55.5,57.21,57.7,73339.0,55.56,1.0,-1.71,-2.99,57.9
001318,阳光乳业,11.23,11.54,11.56,56234.0,11.25,87.0,-0.31,-2.69,11.56
001319,铭科精技,19.51,19.44,19.39,10746.0,19.54,34.0,0.07,0.36,19.56
001322,箭牌家居,6.17,6.22,6.24,39706.0,6.19,197.0,-0.05,-0.8,6.25
001323,慕思股份,18.67,17.83,17.68,65885.0,18.7,30.0,0.84,4.71,18.87
001324,长青科技,19.46,19.4,19.41,11485.0,19.48,37.0,0.06,0.31,19.52
001325,元创股份,38.08,37.9,37.87,9525.0,38.19,11.0,0.18,0.47,38.45
001326,联域股份,60.63,61.02,60.84,14203.0,60.66,3.0,-0.39,-0.64,61.0
001328,登康口腔,29.9,29.34,29.34,19323.0,29.93,128.0,0.56,1.91,29.94
001330,博纳影业,5.15,5.26,5.24,647224.0,5.17,1028.0,-0.11,-2.09,5.26
001331,胜通能源,51.45,55.15,55.0,141566.0,51.5,63.0,-3.7,-6.71,55.14
001332,锡装股份,31.39,31.05,31.25,10985.0,31.41,16.0,0.34,1.1,31.46
001333,光华股份,19.16,19.27,19.27,7217.0,19.28,57.0,-0.11,-0.57,19.35
001335,信凯科技,31.46,31.8,31.71,6354.0,31.56,4.0,-0.34,-1.07,32.1
001336,楚环科技,18.14,17.93,17.97,12972.0,18.16,3.0,0.21,1.17,18.2
001337,四川黄金,46.36,45.56,44.79,171758.0,46.39,29.0,0.8,1.76,46.49
001338,永顺泰,8.51,8.65,8.62,38720.0,8.54,86.0,-0.14,-1.62,8.66
001339,智微智能,85.39,83.9,83.9,90172.0,85.42,14.0,1.49,1.78,86.49
001356,富岭股份,8.65,8.69,8.72,33797.0,8.68,298.0,-0.04,-0.46,8.72
001358,兴欣新材,25.58,25.4,25.41,23030.0,25.62,20.0,0.18,0.71,25.98
001359,平安电工,89.92,86.46,89.2,41856.0,89.96,17.0,3.46,4.0,92.3
001360,南矿集团,15.97,15.8,15.8,58980.0,16.0,60.0,0.17,1.08,16.18
001365,天海电子,37.74,37.78,37.81,48060.0,37.76,209.0,-0.04,-0.11,38.01
001366,播恩集团,12.06,11.99,11.97,24219.0,12.09,3.0,0.07,0.58,12.06
001367,海森药业,19.37,19.36,19.45,14402.0,19.43,51.0,0.01,0.05,19.7
001368,通达创智,21.94,21.82,22.03,10308.0,22.01,56.0,0.12,0.55,22.07
001369,双欣材料,12.67,12.82,12.8,76571.0,12.7,308.0,-0.15,-1.17,12.93
001373,翔腾新材,27.65,27.47,27.55,11099.0,27.74,55.0,0.18,0.66,27.87
001376,百通能源,11.29,11.62,11.6,164400.0,11.32,53.0,-0.33,-2.84,11.61
001378,德冠新材,21.31,21.42,21.39,64150.0,21.33,80.0,-0.11,-0.51,21.69
001379,腾达科技,16.03,16.19,16.2,23279.0,16.1,18.0,-0.16,-0.99,16.21
001380,华纬科技,16.61,16.36,16.47,13189.0,16.63,33.0,0.25,1.53,16.64
001382,新亚电缆,16.95,17.04,16.94,20576.0,16.98,133.0,-0.09,-0.53,17.08
001386,马可波罗,14.84,15.13,15.16,36600.0,14.87,29.0,-0.29,-1.92,15.22
001387,雪祺电气,12.05,12.09,12.05,20164.0,12.1,169.0,-0.04,-0.33,12.18
001388,信通电子,22.2,23.06,22.62,83405.0,22.22,21.0,-0.86,-3.73,22.98
001389,广合科技,169.46,164.73,167.0,53221.0,169.53,89.0,4.73,2.87,170.2
001390,古麒绒材,17.8,17.73,17.77,9478.0,17.83,10.0,0.07,0.39,17.94
001391,国货航,4.19,4.23,4.23,153771.0,4.22,3840.0,-0.04,-0.95,4.24
001393,维通利,44.52,44.7,44.45,23715.0,44.54,45.0,-0.18,-0.4,44.87
001395,亚联机械,29.55,29.37,29.4,13751.0,29.59,3.0,0.18,0.61,29.77
001396,誉帆科技,34.48,35.03,35.04,6665.0,34.58,24.0,-0.55,-1.57,35.17
001399,惠科股份,23.69,23.88,23.73,333563.0,23.71,122.0,-0.19,-0.8,24.15
001400,江顺科技,76.2,75.7,76.23,13160.0,76.29,1.0,0.5,0.66,76.57
001696,宗申动力,16.11,16.64,16.76,657797.0,16.14,119.0,-0.53,-3.19,16.83
001872,招商港口,21.36,21.54,21.6,12233.0,21.42,10.0,-0.18,-0.84,21.6
001896,豫能控股,13.07,14.12,13.86,1315695.0,13.1,1312.0,-1.05,-7.44,13.86
001914,招商积余,8.71,8.69,8.7,48701.0,8.76,614.0,0.02,0.23,8.77
001965,招商公路,9.2,9.24,9.22,91022.0,9.23,545.0,-0.04,-0.43,9.24
001979,招商蛇口,7.6,7.62,7.56,562764.0,7.63,1579.0,-0.02,-0.26,7.64
002001,新 和 成,28.06,28.26,28.2,319189.0,28.1,197.0,-0.2,-0.71,28.34
002003,伟星股份,9.86,10.11,10.08,139398.0,9.9,10.0,-0.25,-2.47,10.11
002004,华邦健康,4.58,4.54,4.54,310416.0,4.6,2167.0,0.04,0.88,4.63
002005,德豪润达,2.49,2.56,2.56,374034.0,2.52,2686.0,-0.07,-2.73,2.57
002006,精工科技,13.8,13.76,13.78,49253.0,13.83,239.0,0.04,0.29,13.9
002007,华兰生物,13.27,13.41,13.36,114774.0,13.3,395.0,-0.14,-1.04,13.51
002008,大族激光,99.0,94.75,95.07,426404.0,99.03,31.0,4.25,4.49,99.49
002009,天奇股份,17.74,17.68,17.87,82947.0,17.77,776.0,0.06,0.34,17.87
002010,传化智联,4.7,4.76,4.77,150464.0,4.73,1426.0,-0.06,-1.26,4.79
002011,盾安环境,10.08,10.18,10.21,79411.0,10.11,336.0,-0.1,-0.98,10.23
002012,凯恩股份,6.45,6.42,6.49,118225.0,6.47,410.0,0.03,0.47,6.61
002014,永新股份,10.76,10.58,10.59,39606.0,10.79,65.0,0.18,1.7,10.76
002015,协鑫能科,15.44,16.44,16.26,1047419.0,15.47,428.0,-1.0,-6.08,16.26
002016,世荣兆业,4.49,4.54,4.52,109252.0,4.51,301.0,-0.05,-1.1,4.61
002017,东信和平,13.68,13.72,13.72,82001.0,13.71,212.0,-0.04,-0.29,13.96
002019,亿帆医药,10.61,10.67,10.63,189789.0,10.63,117.0,-0.06,-0.56,10.85
002020,京新药业,14.05,14.4,14.35,250772.0,14.08,376.0,-0.35,-2.43,14.52
002021,中捷资源,2.7,2.68,2.7,247931.0,2.72,3689.0,0.02,0.75,2.71
002022,科华生物,5.68,5.65,5.63,82476.0,5.7,2426.0,0.03,0.53,5.74
002023,海特高新,10.6,10.77,10.66,406506.0,10.63,935.0,-0.17,-1.58,10.79
002025,航天电器,64.22,64.96,65.01,121416.0,64.25,12.0,-0.74,-1.14,67.48
002026,山东威达,10.49,10.56,10.55,31942.0,10.52,69.0,-0.07,-0.66,10.62
002027,分众传媒,5.08,5.22,5.2,1887092.0,5.11,3553.0,-0.14,-2.68,5.22
002028,思源电气,166.5,167.58,166.44,71693.0,166.52,3.0,-1.08,-0.64,168.24
002029,七 匹 狼,8.64,8.81,8.73,272120.0,8.66,28.0,-0.17,-1.93,8.92
002030,达安基因,5.77,5.66,5.66,305465.0,5.79,3540.0,0.11,1.94,5.82
002031,巨轮智能,5.94,6.27,6.15,2519483.0,5.97,1056.0,-0.33,-5.26,6.22
002032,苏 泊 尔,40.88,41.25,41.19,12507.0,40.93,2.0,-0.37,-0.9,41.29
002033,丽江股份,8.96,8.82,8.82,234851.0,8.98,568.0,0.14,1.59,9.07
002034,旺能环境,13.96,14.06,14.09,61955.0,13.99,296.0,-0.1,-0.71,14.15
002035,华帝股份,4.85,4.96,4.92,118695.0,4.87,534.0,-0.11,-2.22,4.92
002036,联创电子,7.0,7.03,7.08,273093.0,7.03,2087.0,-0.03,-0.43,7.11
002037,保利联合,6.94,6.97,6.97,83109.0,6.97,498.0,-0.03,-0.43,7.02
002038,双鹭药业,6.04,6.1,6.1,329684.0,6.06,773.0,-0.06,-0.98,6.16
002039,黔源电力,19.1,19.31,19.29,65871.0,19.12,131.0,-0.21,-1.09,19.29
002040,南 京 港,8.11,8.05,8.05,71163.0,8.14,492.0,0.06,0.75,8.24
002041,登海种业,8.46,8.66,8.66,146357.0,8.49,156.0,-0.2,-2.31,8.67
002042,华孚时尚,3.88,3.87,3.88,252602.0,3.91,2041.0,0.01,0.26,3.9
002043,兔 宝 宝,12.45,12.58,12.62,80631.0,12.49,63.0,-0.13,-1.03,12.65
002044,美年健康,5.03,5.1,5.1,1381105.0,5.06,2428.0,-0.07,-1.37,5.13
002045,国光电器,8.4,8.51,8.49,149956.0,8.43,224.0,-0.11,-1.29,8.6
002046,国机精工,47.3,46.54,46.46,96962.0,47.35,32.0,0.76,1.63,48.1
002047,宝鹰股份,3.78,4.2,3.91,902495.0,3.8,971.0,-0.42,-10.0,3.98
002048,宁波华翔,20.12,20.01,20.08,250987.0,20.15,56.0,0.11,0.55,20.56
002049,紫光国微,67.89,66.14,66.67,272838.0,67.92,68.0,1.75,2.65,67.9
002050,三花智控,38.3,38.53,38.63,434664.0,38.33,145.0,-0.23,-0.6,38.89
002051,中工国际,8.82,8.94,8.99,189305.0,8.85,1152.0,-0.12,-1.34,9.0
002052,同洲电子,9.18,9.05,9.04,97846.0,9.2,1796.0,0.13,1.44,9.2
002053,云南能投,9.25,9.4,9.4,57774.0,9.28,209.0,-0.15,-1.6,9.4
002054,德美化工,7.19,7.18,7.21,62193.0,7.22,153.0,0.01,0.14,7.25
002056,横店东磁,22.65,22.03,22.1,275372.0,22.68,1029.0,0.62,2.81,22.74
002057,中钢天源,8.73,8.6,8.63,136653.0,8.75,1841.0,0.13,1.51,8.77
002058,威尔泰,16.64,16.89,16.88,26620.0,16.67,33.0,-0.25,-1.48,16.94
002059,云南旅游,4.48,4.53,4.54,65440.0,4.51,761.0,-0.05,-1.1,4.55
002060,广东建工,3.23,3.27,3.27,119265.0,3.26,2018.0,-0.04,-1.22,3.28
002061,浙江交科,3.49,3.49,3.49,111068.0,3.52,3231.0,0.0,0.0,3.51
002062,宏润建设,8.17,7.71,7.66,269434.0,8.19,2929.0,0.46,5.97,8.18
002063,远光软件,5.47,5.51,5.52,226807.0,5.5,2196.0,-0.04,-0.73,5.55
002064,华峰化学,11.13,11.27,11.38,257341.0,11.17,142.0,-0.14,-1.24,11.42
002065,东华软件,7.38,7.56,7.51,782907.0,7.41,2791.0,-0.18,-2.38,7.68
002066,瑞泰科技,21.69,21.93,23.0,115742.0,21.76,72.0,-0.24,-1.09,23.0
002067,景兴纸业,4.35,4.39,4.38,315850.0,4.38,3896.0,-0.04,-0.91,4.39
002068,黑猫股份,8.15,8.1,8.11,201545.0,8.17,537.0,0.05,0.62,8.19
002069,獐子岛,3.33,3.37,3.36,86344.0,3.36,1941.0,-0.04,-1.19,3.36
002072,凯瑞德,7.44,7.51,7.51,50921.0,7.46,113.0,-0.07,-0.93,7.57
002073,软控股份,5.57,5.61,5.62,105081.0,5.6,1192.0,-0.04,-0.71,5.63
002074,国轩高科,27.16,27.24,27.24,212826.0,27.19,55.0,-0.08,-0.29,27.85
002075,沙钢股份,3.68,3.76,3.74,348218.0,3.71,3044.0,-0.08,-2.13,3.76
002076,星光股份,2.08,2.1,2.11,274948.0,2.11,3819.0,-0.02,-0.95,2.12
002077,大港股份,12.7,12.52,12.75,193055.0,12.72,1031.0,0.18,1.44,12.77
002078,太阳纸业,13.82,13.94,13.97,91925.0,13.85,117.0,-0.12,-0.86,14.02
002079,苏州固锝,9.67,9.53,9.59,222472.0,9.69,806.0,0.14,1.47,9.68
002080,中材科技,59.93,55.76,55.62,606524.0,59.95,98.0,4.17,7.48,60.95
002081,金 螳 螂,5.29,4.81,5.29,5214047.0,0.0,0.0,0.48,9.98,5.29
002083,孚日股份,11.79,11.81,11.83,566957.0,11.82,572.0,-0.02,-0.17,12.25
002084,海鸥住工,3.59,3.38,3.39,499072.0,3.61,4494.0,0.21,6.21,3.65
002085,万丰奥威,10.54,10.65,10.61,188815.0,10.57,419.0,-0.11,-1.03,10.69
002086,东方海洋,2.12,2.08,2.1,1994247.0,2.14,2223.0,0.04,1.92,2.29
002088,鲁阳节能,7.9,7.51,7.5,76756.0,7.92,1.0,0.39,5.19,8.0
002090,金智科技,9.22,9.42,9.41,95721.0,9.25,205.0,-0.2,-2.12,9.46
002091,江苏国泰,7.71,7.58,7.58,222667.0,7.74,217.0,0.13,1.72,7.91
002092,中泰化学,4.51,4.46,4.47,357846.0,4.54,3384.0,0.05,1.12,4.53
002093,国脉科技,6.93,7.0,7.04,115908.0,6.96,307.0,-0.07,-1.0,7.06
002094,青岛金王,4.69,4.75,4.72,133056.0,4.71,947.0,-0.06,-1.26,4.76
002095,生 意 宝,14.32,14.31,14.26,21777.0,14.34,52.0,0.01,0.07,14.49
002096,易普力,9.25,9.38,9.35,50082.0,9.27,61.0,-0.13,-1.39,9.41
002097,山河智能,7.32,7.28,7.25,220587.0,7.35,872.0,0.04,0.55,7.48
002098,浔兴股份,7.09,7.02,7.02,73104.0,7.12,202.0,0.07,1.0,7.2
002099,海翔药业,5.4,5.51,5.5,137436.0,5.43,229.0,-0.11,-2.0,5.53
002100,天康生物,7.01,7.14,7.12,149908.0,7.04,325.0,-0.13,-1.82,7.13
002101,广东鸿图,8.63,8.7,8.74,31157.0,8.66,249.0,-0.07,-0.8,8.74
002103,广博股份,6.71,6.73,6.7,68926.0,6.74,170.0,-0.02,-0.3,6.8
002104,恒宝股份,10.3,10.41,10.47,370062.0,10.32,382.0,-0.11,-1.06,10.86
002105,信隆健康,5.8,5.71,5.69,87896.0,5.82,154.0,0.09,1.58,5.8
002106,莱宝高科,10.45,10.35,10.34,130090.0,10.47,512.0,0.1,0.97,10.46
002107,沃华医药,6.41,6.42,6.43,117631.0,6.43,344.0,-0.01,-0.16,6.53
002108,沧州明珠,4.35,4.37,4.37,189601.0,4.38,2108.0,-0.02,-0.46,4.43
002110,三钢闽光,2.97,3.01,3.0,191242.0,3.0,1638.0,-0.04,-1.33,3.02
002111,威海广泰,9.62,9.44,9.44,91063.0,9.65,679.0,0.18,1.91,9.67
002112,三变科技,16.7,17.99,17.71,439372.0,16.73,156.0,-1.29,-7.17,17.81
002114,罗平锌电,7.26,7.25,7.25,67066.0,7.28,438.0,0.01,0.14,7.31
002115,三维通信,12.16,11.79,11.89,1046931.0,12.19,1474.0,0.37,3.14,12.87
002116,中国海诚,7.11,7.14,7.14,32244.0,7.14,48.0,-0.03,-0.42,7.18
002117,东港股份,8.11,8.15,8.15,70687.0,8.14,343.0,-0.04,-0.49,8.22
002119,康强电子,24.21,23.52,23.99,282999.0,24.24,319.0,0.69,2.93,24.22
002120,韵达股份,6.7,6.69,6.71,241006.0,6.72,1175.0,0.01,0.15,6.76
002121,科陆电子,5.01,5.14,5.15,235895.0,5.03,184.0,-0.13,-2.53,5.16
002123,梦网科技,8.62,8.62,8.64,204078.0,8.65,423.0,0.0,0.0,8.72
002124,天邦食品,2.25,2.29,2.31,660371.0,2.27,7465.0,-0.04,-1.75,2.32
002125,湘潭电化,12.64,12.64,12.64,125631.0,12.67,354.0,0.0,0.0,12.79
002126,银轮股份,41.98,41.46,41.62,152126.0,42.01,8.0,0.52,1.25,43.03
002127,南极电商,2.99,3.09,3.09,497793.0,3.02,6795.0,-0.1,-3.24,3.11
002128,电投能源,26.89,26.48,26.35,75049.0,26.91,1.0,0.41,1.55,26.96
002129,TCL中环,9.34,9.32,9.37,785925.0,9.37,2029.0,0.02,0.21,9.49
002130,沃尔核材,16.95,17.04,17.03,181877.0,16.98,1145.0,-0.09,-0.53,17.15
002131,利欧股份,5.33,5.56,5.4,10501103.0,5.35,27093.0,-0.23,-4.14,5.67
002132,恒星科技,4.4,4.27,4.27,532538.0,4.43,1453.0,0.13,3.04,4.4
002133,广宇集团,2.68,2.68,2.67,113390.0,2.7,1197.0,0.0,0.0,2.7
002134,天津普林,22.32,22.35,22.41,61594.0,22.34,3.0,-0.03,-0.13,22.8
002135,东南网架,6.14,6.11,6.14,90103.0,6.16,1674.0,0.03,0.49,6.17
002136,安 纳 达,11.94,12.07,12.09,49795.0,11.96,183.0,-0.13,-1.08,12.19
002137,实益达,7.96,7.92,7.95,187396.0,7.98,1416.0,0.04,0.51,8.0
002138,顺络电子,52.21,48.9,49.59,409745.0,52.24,227.0,3.31,6.77,52.39
002139,拓邦股份,9.82,9.87,9.87,114441.0,9.85,431.0,-0.05,-0.51,9.94
002140,东华科技,8.96,8.95,8.95,49121.0,8.99,609.0,0.01,0.11,9.0
002141,贤丰控股,6.48,6.65,6.74,1702429.0,6.51,2719.0,-0.17,-2.56,7.05
002142,宁波银行,32.2,32.29,32.2,180547.0,32.23,155.0,-0.09,-0.28,32.53
002144,宏达高科,10.82,10.77,10.77,27355.0,10.85,18.0,0.05,0.46,10.88
002145,钛能化学,4.41,4.45,4.46,317461.0,4.44,2105.0,-0.04,-0.9,4.48
002146,荣盛发展,1.18,1.21,1.22,1626513.0,1.2,25129.0,-0.03,-2.48,1.23
002148,北纬科技,6.62,6.58,6.58,176169.0,6.64,471.0,0.04,0.61,6.66
002149,西部材料,43.61,42.82,43.84,783606.0,43.64,31.0,0.79,1.84,44.5
002150,正泰电源,22.01,22.25,22.25,57358.0,22.04,11.0,-0.24,-1.08,22.39
002151,北斗星通,29.18,29.18,29.2,85903.0,29.21,189.0,0.0,0.0,29.39
002152,广电运通,9.98,10.09,10.1,225896.0,10.01,464.0,-0.11,-1.09,10.19
002153,石基信息,8.79,8.38,8.35,1036011.0,8.82,533.0,0.41,4.89,9.22
002154,报 喜 鸟,4.21,4.22,4.21,236526.0,4.24,991.0,-0.01,-0.24,4.26
002155,湖南黄金,24.65,24.73,24.48,346683.0,24.67,122.0,-0.08,-0.32,24.81
002156,通富微电,62.96,62.22,63.02,707119.0,62.99,1461.0,0.74,1.19,63.43
002157,正邦科技,2.95,3.02,3.01,1078863.0,2.98,18902.0,-0.07,-2.32,3.01
002158,汉钟精机,28.15,27.84,27.93,62467.0,28.17,123.0,0.31,1.11,28.47
002159,三特索道,13.56,13.54,13.55,24075.0,13.6,50.0,0.02,0.15,13.66
002160,常铝股份,3.89,3.9,3.9,127389.0,3.92,3705.0,-0.01,-0.26,3.93
002161,远 望 谷,5.87,5.91,5.9,108109.0,5.9,295.0,-0.04,-0.68,6.02
002162,悦心健康,4.1,4.09,4.11,254031.0,4.12,212.0,0.01,0.24,4.28
002163,海南发展,8.24,8.36,8.37,190318.0,8.27,210.0,-0.12,-1.44,8.4
002164,宁波东力,12.28,12.59,12.56,178202.0,12.3,467.0,-0.31,-2.46,12.61
002165,红 宝 丽,6.48,6.66,6.66,463162.0,6.51,2964.0,-0.18,-2.7,6.69
002166,莱茵生物,6.84,6.81,6.77,100379.0,6.86,806.0,0.03,0.44,6.9
002167,东方锆业,17.45,17.0,17.1,647030.0,17.48,2101.0,0.45,2.65,17.5
002169,智光电气,13.23,12.87,12.88,237232.0,13.25,688.0,0.36,2.8,13.35
002170,芭田股份,11.13,11.14,11.19,115137.0,11.16,110.0,-0.01,-0.09,11.25
002171,楚江新材,9.83,9.56,9.55,422863.0,9.85,6421.0,0.27,2.82,9.85
002172,澳洋健康,4.54,4.13,4.54,191005.0,0.0,0.0,0.41,9.93,4.54
002173,创新医疗,21.29,22.08,22.23,586645.0,21.32,226.0,-0.79,-3.58,22.25
002174,游族网络,13.16,13.38,13.21,1009321.0,13.19,709.0,-0.22,-1.64,13.27
002176,江特电机,9.4,9.47,9.57,711164.0,9.42,2505.0,-0.07,-0.74,9.73
002177,御银股份,5.64,5.69,5.69,218175.0,5.66,775.0,-0.05,-0.88,5.79
002178,延华智能,4.68,4.82,4.8,268085.0,4.71,338.0,-0.14,-2.9,4.82
002179,中航光电,36.08,35.47,35.85,276529.0,36.1,80.0,0.61,1.72,37.24
002180,奔图科技,18.01,17.7,17.6,213288.0,18.04,155.0,0.31,1.75,18.27
002181,粤 传 媒,9.02,9.2,9.27,420090.0,9.05,1370.0,-0.18,-1.96,9.32
002182,宝武镁业,12.33,12.17,12.13,152719.0,12.36,839.0,0.16,1.31,12.46
002183,怡 亚 通,4.53,4.59,4.58,395121.0,4.56,1853.0,-0.06,-1.31,4.61
002184,海得控制,10.03,10.04,10.04,44072.0,10.05,408.0,-0.01,-0.1,10.12
002185,华天科技,17.98,17.88,18.13,2451519.0,18.01,2624.0,0.1,0.56,18.39
002186,全 聚 德,9.43,9.39,9.4,45195.0,9.46,137.0,0.04,0.43,9.5
002187,广百股份,5.31,5.41,5.4,94413.0,5.33,415.0,-0.1,-1.85,5.4
002188,中天服务,5.35,5.35,5.35,59977.0,5.37,589.0,0.0,0.0,5.38
002189,中光学,19.22,19.05,19.0,25012.0,19.25,100.0,0.17,0.89,19.29
002190,成飞集成,25.21,23.62,23.49,263977.0,25.24,46.0,1.59,6.73,25.98
002191,劲嘉股份,3.77,3.76,3.76,86664.0,3.79,981.0,0.01,0.27,3.78
002192,融捷股份,73.35,70.95,72.19,174978.0,73.38,176.0,2.4,3.38,75.19
002194,武汉凡谷,10.45,10.58,10.77,539464.0,10.48,29.0,-0.13,-1.23,10.98
002195,岩山科技,6.77,6.91,6.86,1654033.0,6.8,8794.0,-0.14,-2.03,6.96
002196,方正电机,11.15,11.14,11.15,162190.0,11.17,181.0,0.01,0.09,11.2
002197,证通电子,7.19,7.21,7.18,376728.0,7.21,796.0,-0.02,-0.28,7.49
002199,东晶电子,12.7,12.83,12.87,72251.0,12.72,267.0,-0.13,-1.01,13.09
002200,交投生态,6.72,6.84,6.9,42483.0,6.77,50.0,-0.12,-1.75,6.96
002201,九鼎新材,8.45,8.29,8.38,141614.0,8.47,1282.0,0.16,1.93,8.49
002202,金风科技,20.93,20.93,20.94,920121.0,20.96,902.0,0.0,0.0,21.15
002203,海亮股份,19.08,19.31,19.26,149240.0,19.11,70.0,-0.23,-1.19,19.39
002204,大连重工,5.34,5.35,5.35,123247.0,5.37,1782.0,-0.01,-0.19,5.38
002205,国统股份,10.53,10.62,10.6,17484.0,10.58,224.0,-0.09,-0.85,10.72
002206,海 利 得,5.24,5.25,5.25,62172.0,5.27,1023.0,-0.01,-0.19,5.29
002208,合肥城建,11.28,11.31,11.31,327298.0,11.3,1196.0,-0.03,-0.27,11.38
002209,达 意 隆,11.51,11.26,11.29,46272.0,11.53,212.0,0.25,2.22,11.65
002210,飞马国际,2.26,2.29,2.29,575233.0,2.29,8839.0,-0.03,-1.31,2.3
002212,天融信,6.64,6.64,6.65,643372.0,6.67,1825.0,0.0,0.0,6.78
002213,大为股份,30.07,29.5,30.12,96157.0,30.1,287.0,0.57,1.93,30.3
002214,大立科技,14.27,14.41,14.23,74878.0,14.29,147.0,-0.14,-0.97,14.65
002215,诺 普 信,8.86,8.95,8.95,80585.0,8.9,702.0,-0.09,-1.01,8.95
002216,三全食品,13.04,12.72,13.46,222660.0,13.07,179.0,0.32,2.52,13.93
002218,拓日新能,4.06,4.13,4.13,510477.0,4.09,1451.0,-0.07,-1.69,4.15
002219,新里程,2.53,2.5,2.5,4587314.0,2.55,12335.0,0.03,1.2,2.62
002221,东华能源,5.42,5.49,5.45,182160.0,5.45,781.0,-0.07,-1.28,5.48
002222,福晶科技,64.96,63.69,64.38,209024.0,64.98,14.0,1.27,1.99,65.54
002223,鱼跃医疗,26.43,26.88,26.86,114507.0,26.46,88.0,-0.45,-1.67,27.17
002224,三 力 士,3.55,3.59,3.58,73643.0,3.58,745.0,-0.04,-1.11,3.61
002225,濮耐股份,3.81,3.81,3.84,300616.0,3.84,3170.0,0.0,0.0,3.85
002226,江南化工,5.09,5.24,5.23,213996.0,5.12,1583.0,-0.15,-2.86,5.25
002228,合兴包装,3.07,3.11,3.11,153912.0,3.1,3232.0,-0.04,-1.29,3.13
002229,鸿博股份,12.56,13.65,12.99,1561275.0,12.59,63.0,-1.09,-7.99,13.19
002230,科大讯飞,41.78,41.96,41.87,370474.0,41.8,254.0,-0.18,-0.43,42.74
002232,启明信息,14.54,14.63,14.57,32002.0,14.57,15.0,-0.09,-0.62,14.8
002233,塔牌集团,7.17,7.09,7.14,156552.0,7.2,175.0,0.08,1.13,7.22
002234,民和股份,7.63,7.74,7.75,51696.0,7.65,94.0,-0.11,-1.42,7.8
002235,安妮股份,10.43,9.85,10.24,671951.0,10.46,95.0,0.58,5.89,10.58
002236,大华股份,16.47,16.46,16.42,374592.0,16.49,515.0,0.01,0.06,16.64
002237,恒邦股份,13.74,13.73,13.61,145973.0,13.76,19.0,0.01,0.07,13.84
002238,天威视讯,6.11,6.15,6.15,83422.0,6.14,53.0,-0.04,-0.65,6.29
002239,奥特佳,2.48,2.51,2.51,472132.0,2.51,17327.0,-0.03,-1.2,2.52
002240,盛新锂能,33.89,32.97,33.56,438933.0,33.91,1296.0,0.92,2.79,34.71
002241,歌尔股份,21.88,22.12,22.17,587455.0,21.9,932.0,-0.24,-1.08,22.34
002242,九阳股份,9.08,9.13,9.13,108388.0,9.11,132.0,-0.05,-0.55,9.36
002243,力合科创,7.51,7.46,7.43,118964.0,7.54,898.0,0.05,0.67,7.59
002244,滨江集团,9.16,9.26,9.26,370491.0,9.19,4.0,-0.1,-1.08,9.39
002245,蔚蓝锂芯,18.86,18.51,18.4,654909.0,18.88,2477.0,0.35,1.89,18.98
002246,北化股份,21.07,21.49,21.41,136621.0,21.1,464.0,-0.42,-1.95,21.62
002247,聚力文化,2.35,2.33,2.33,180733.0,2.37,3851.0,0.02,0.86,2.35
002248,华东数控,11.78,11.74,11.66,861551.0,11.81,118.0,0.04,0.34,12.46
002249,大洋电机,7.3,7.35,7.35,243710.0,7.33,948.0,-0.05,-0.68,7.37
002250,联化科技,16.48,16.37,16.41,132667.0,16.5,257.0,0.11,0.67,16.67
002251,步步高,3.73,3.88,3.85,1166188.0,3.76,4374.0,-0.15,-3.87,3.86
002252,上海莱士,4.96,5.02,4.99,452401.0,4.98,1950.0,-0.06,-1.2,5.04
002253,川大智胜,9.85,9.95,9.93,35116.0,9.87,61.0,-0.1,-1.01,10.04
002254,泰和新材,12.75,12.46,12.5,229076.0,12.78,494.0,0.29,2.33,12.89
002255,海陆重工,8.43,8.4,8.4,78722.0,8.45,833.0,0.03,0.36,8.49
002256,兆新股份,3.6,3.72,3.73,840728.0,3.62,3012.0,-0.12,-3.23,3.76
002258,利尔化学,13.58,13.71,13.7,152741.0,13.61,152.0,-0.13,-0.95,13.77
002259,升达林业,3.92,3.97,3.99,91082.0,3.95,486.0,-0.05,-1.26,3.99
002261,拓维信息,26.44,26.15,26.2,551010.0,26.47,493.0,0.29,1.11,26.55
002262,恩华药业,21.96,22.14,22.03,84643.0,21.99,76.0,-0.18,-0.81,22.44
002263,大东南,3.05,3.04,3.03,432177.0,3.08,13743.0,0.01,0.33,3.09
002264,新 华 都,6.59,6.64,6.68,145290.0,6.61,543.0,-0.05,-0.75,6.7
002265,建设工业,20.35,20.6,20.59,209282.0,20.37,232.0,-0.25,-1.21,20.73
002266,浙富控股,4.92,4.91,4.91,471034.0,4.95,4721.0,0.01,0.2,4.95
002267,陕天然气,6.98,6.96,6.96,48342.0,7.02,1163.0,0.02,0.29,7.02
002268,电科网安,14.17,14.17,14.14,98535.0,14.2,410.0,0.0,0.0,14.34
002269,美邦服饰,1.46,1.49,1.49,507881.0,1.48,9605.0,-0.03,-2.01,1.49
002270,华明装备,20.11,20.32,20.21,110737.0,20.14,13.0,-0.21,-1.03,20.6
002271,东方雨虹,11.29,11.53,11.5,471131.0,11.32,901.0,-0.24,-2.08,11.58
002272,川润股份,15.12,15.0,15.17,228704.0,15.15,591.0,0.12,0.8,15.31
002273,水晶光电,27.62,26.96,27.08,368624.0,27.65,427.0,0.66,2.45,27.99
002274,华昌化工,5.73,5.64,5.65,112075.0,5.75,2119.0,0.09,1.6,5.73
002275,桂林三金,13.33,13.46,13.46,23222.0,13.35,19.0,-0.13,-0.97,13.51
002276,万马股份,10.29,10.41,10.43,117907.0,10.32,1024.0,-0.12,-1.15,10.45
002277,友阿股份,5.78,5.89,5.94,159835.0,5.81,335.0,-0.11,-1.87,5.95
002278,神开股份,8.07,7.99,8.0,123660.0,8.1,719.0,0.08,1.0,8.26
002279,久其软件,7.27,7.01,6.99,1330869.0,7.3,5471.0,0.26,3.71,7.71
002281,光迅科技,191.52,184.85,186.51,393359.0,191.55,105.0,6.67,3.61,193.0
002282,博深股份,5.89,5.87,5.86,36611.0,5.92,845.0,0.02,0.34,5.92
002283,天润工业,9.08,9.14,9.19,104654.0,9.11,4974.0,-0.06,-0.66,9.19
002284,亚太股份,9.39,9.34,9.32,121198.0,9.41,85.0,0.05,0.54,9.49
002285,世联行,2.14,2.22,2.21,471087.0,2.16,2319.0,-0.08,-3.6,2.22
002286,保龄宝,7.89,7.98,7.98,52491.0,7.92,585.0,-0.09,-1.13,8.04
002287,奇正藏药,20.58,20.88,20.91,31533.0,20.61,73.0,-0.3,-1.44,21.02
002289,宇顺电子,37.13,37.1,37.1,43126.0,37.15,21.0,0.03,0.08,38.33
002290,禾盛新材,63.43,62.25,62.68,54391.0,63.6,23.0,1.18,1.9,63.95
002291,遥望科技,5.49,5.61,5.58,381797.0,5.52,622.0,-0.12,-2.14,5.68
002292,奥飞娱乐,8.25,8.33,8.31,356052.0,8.28,767.0,-0.08,-0.96,8.39
002293,罗莱生活,11.07,10.9,10.9,48948.0,11.09,176.0,0.17,1.56,11.15
002294,信立泰,34.9,35.8,35.2,325727.0,34.93,221.0,-0.9,-2.51,36.07
002295,精艺股份,8.86,8.8,8.73,25979.0,8.88,30.0,0.06,0.68,8.9
002296,辉煌科技,9.03,9.03,9.02,64476.0,9.05,336.0,0.0,0.0,9.12
002297,博云新材,18.96,18.59,18.76,365819.0,18.98,957.0,0.37,1.99,19.05
002298,中电鑫龙,8.71,8.96,8.96,537098.0,8.74,1220.0,-0.25,-2.79,9.02
002299,圣农发展,16.13,16.19,16.21,93672.0,16.16,240.0,-0.06,-0.37,16.22
002300,太阳电缆,7.26,7.44,7.42,312762.0,7.28,1426.0,-0.18,-2.42,7.42
002301,齐心集团,7.84,7.69,7.69,178848.0,7.87,130.0,0.15,1.95,7.86
002302,西部建设,4.73,4.78,4.77,95478.0,4.75,427.0,-0.05,-1.05,4.78
002303,美盈森,5.2,5.26,5.26,394677.0,5.23,64.0,-0.06,-1.14,5.36
002304,洋河股份,40.58,41.57,41.56,60831.0,40.6,162.0,-0.99,-2.38,41.64
002307,北新路桥,2.97,3.01,3.0,244046.0,3.0,6776.0,-0.04,-1.33,3.01
002309,中利集团,3.26,3.37,3.37,1693475.0,3.29,13324.0,-0.11,-3.26,3.38
002310,东方新能,2.45,2.54,2.53,1623021.0,2.48,9074.0,-0.09,-3.54,2.53
002311,海大集团,44.94,45.5,45.39,46909.0,44.98,7.0,-0.56,-1.23,45.54
002312,川发龙蟒,8.38,8.39,8.4,123333.0,8.41,768.0,-0.01,-0.12,8.44
002313,日海智能,8.66,8.59,8.59,81964.0,8.68,188.0,0.07,0.81,8.76
002314,南山控股,2.12,2.16,2.16,269867.0,2.15,3492.0,-0.04,-1.85,2.17
002315,焦点科技,26.49,26.77,26.77,68832.0,26.52,103.0,-0.28,-1.05,27.06
002316,亚联发展,4.44,4.44,4.43,96240.0,4.46,99.0,0.0,0.0,4.48
002317,众生药业,27.45,29.0,28.49,550519.0,27.48,346.0,-1.55,-5.34,28.9
002318,久立特材,19.53,19.85,19.85,79763.0,19.56,36.0,-0.32,-1.61,19.97
002319,乐通股份,10.9,11.06,11.03,62597.0,10.94,2.0,-0.16,-1.45,11.1
002320,海峡股份,6.45,6.58,6.56,154476.0,6.48,1071.0,-0.13,-1.98,6.58
002321,华英农业,1.98,2.0,2.0,244075.0,2.0,6495.0,-0.02,-1.0,2.01
002322,理工能科,13.05,11.86,12.39,251109.0,0.0,0.0,1.19,10.03,13.05
002324,普利特,9.29,9.28,9.3,119746.0,9.32,607.0,0.01,0.11,9.35
002326,永太科技,19.58,19.31,19.33,293982.0,19.61,232.0,0.27,1.4,19.99
002327,富安娜,6.47,6.52,6.52,36748.0,6.49,54.0,-0.05,-0.77,6.54
002328,新朋股份,7.4,7.48,7.5,289974.0,7.43,326.0,-0.08,-1.07,7.55
002329,皇氏集团,4.27,4.62,4.16,2414756.0,4.29,140.0,-0.35,-7.58,4.71
002330,得利斯,4.06,4.15,4.12,436589.0,4.09,275.0,-0.09,-2.17,4.15
002331,皖通科技,7.01,7.09,7.12,89582.0,7.03,84.0,-0.08,-1.13,7.12
002332,仙琚制药,8.49,8.65,8.62,140954.0,8.52,185.0,-0.16,-1.85,8.69
002333,罗普斯金,5.57,5.53,5.51,49691.0,5.59,2119.0,0.04,0.72,5.58
002334,英威腾,6.73,6.8,6.8,87924.0,6.76,710.0,-0.07,-1.03,6.83
002335,科华数据,32.7,32.14,32.33,287792.0,32.72,62.0,0.56,1.74,32.86
002337,赛象科技,4.63,4.61,4.61,76624.0,4.65,1045.0,0.02,0.43,4.69
002338,奥普光电,44.89,44.15,44.6,49103.0,44.92,5.0,0.74,1.68,45.0
002339,积成电子,7.27,7.33,7.33,123952.0,7.29,294.0,-0.06,-0.82,7.33
002340,格林美,6.64,6.63,6.63,602013.0,6.67,9865.0,0.01,0.15,6.67
002342,巨力索具,8.19,8.2,8.17,342322.0,8.22,1009.0,-0.01,-0.12,8.22
002343,慈文传媒,5.15,5.2,5.22,115654.0,5.17,403.0,-0.05,-0.96,5.23
002344,海宁皮城,3.84,3.92,3.92,171995.0,3.86,1697.0,-0.08,-2.04,3.94
002345,潮宏基,10.25,10.63,10.56,257028.0,10.28,108.0,-0.38,-3.57,10.61
002346,柘中股份,22.33,21.61,21.49,59620.0,22.35,185.0,0.72,3.33,22.36
002347,泰尔股份,6.04,6.04,6.02,384697.0,6.07,589.0,0.0,0.0,6.48
002348,高乐股份,12.51,12.56,12.78,256259.0,12.53,692.0,-0.05,-0.4,12.81
002349,精华制药,7.15,7.08,7.03,216720.0,7.18,1401.0,0.07,0.99,7.21
002350,北京科锐,14.94,15.04,15.1,85347.0,14.97,195.0,-0.1,-0.66,15.26
002351,漫步者,9.82,9.89,9.89,69769.0,9.84,270.0,-0.07,-0.71,9.95
002352,顺丰控股,32.74,32.96,32.9,136592.0,32.76,136.0,-0.22,-0.67,32.98
002353,杰瑞股份,150.99,144.58,146.55,278555.0,151.01,1.0,6.41,4.43,154.45
002354,天娱数科,8.14,8.35,8.42,3526058.0,8.16,3207.0,-0.21,-2.51,8.62
002355,兴民智通,4.88,4.85,4.86,300435.0,4.91,116.0,0.03,0.62,4.9
002356,鹏飞绿能,2.71,2.73,2.73,151929.0,2.74,1831.0,-0.02,-0.73,2.73
002357,富临运业,10.43,10.39,10.32,225791.0,10.46,139.0,0.04,0.38,10.98
002358,森源电气,5.51,5.62,5.6,186167.0,5.54,743.0,-0.11,-1.96,5.65
002361,神剑股份,11.92,11.89,12.0,832317.0,11.95,1155.0,0.03,0.25,12.1
002362,汉王科技,16.11,16.09,16.09,27856.0,16.13,125.0,0.02,0.12,16.26
002363,隆基机械,6.46,6.47,6.47,31802.0,6.49,265.0,-0.01,-0.15,6.52
002364,中恒电气,45.0,43.0,43.5,507384.0,45.04,3.0,2.0,4.65,45.0
002365,永安药业,13.22,13.42,13.4,169087.0,13.25,272.0,-0.2,-1.49,13.48
002366,融发核电,6.03,6.0,6.07,414299.0,6.06,1501.0,0.03,0.5,6.14
002367,康力电梯,5.57,5.54,5.55,168416.0,5.59,121.0,0.03,0.54,5.7
002368,太极股份,14.3,14.43,14.4,68546.0,14.34,341.0,-0.13,-0.9,14.64
002369,卓翼科技,5.92,6.02,6.06,266665.0,5.94,699.0,-0.1,-1.66,6.08
002370,亚太药业,6.03,6.07,5.89,595333.0,6.06,929.0,-0.04,-0.66,6.08
002371,北方华创,738.66,738.6,743.84,67210.0,738.85,1.0,0.06,0.01,746.6
002372,伟星新材,8.33,8.47,8.47,87360.0,8.36,539.0,-0.14,-1.65,8.47
002373,千方科技,7.77,7.82,7.82,129717.0,7.8,363.0,-0.05,-0.64,7.88
002374,中锐股份,3.12,3.18,3.17,186583.0,3.14,597.0,-0.06,-1.89,3.19
002375,亚厦股份,3.62,3.61,3.64,147182.0,3.65,1757.0,0.01,0.28,3.64
002376,新北洋,6.82,6.65,6.68,227770.0,6.85,1160.0,0.17,2.56,6.92
002377,国创高新,2.67,2.67,2.67,209479.0,2.7,6943.0,0.0,0.0,2.68
002378,章源钨业,26.25,26.01,25.95,291153.0,26.28,302.0,0.24,0.92,26.53
002379,宏桥控股,19.29,20.2,19.5,629404.0,19.32,49.0,-0.91,-4.5,19.66
002380,科远智慧,28.84,28.88,28.89,39210.0,28.87,13.0,-0.04,-0.14,29.16
002381,双箭股份,5.43,5.4,5.41,38357.0,5.45,366.0,0.03,0.56,5.46
002382,蓝帆医疗,5.91,6.03,6.01,148696.0,5.94,604.0,-0.12,-1.99,6.05
002383,合众思壮,7.03,7.05,7.05,73106.0,7.05,249.0,-0.02,-0.28,7.1
002384,东山精密,205.19,202.11,203.24,559818.0,205.22,2.0,3.08,1.52,207.92
002385,大北农,2.99,3.03,3.04,430948.0,3.02,9054.0,-0.04,-1.32,3.04
002386,天原股份,5.74,5.72,5.72,90315.0,5.76,2034.0,0.02,0.35,5.76
002387,维信诺,7.09,7.09,7.12,99677.0,7.11,1316.0,0.0,0.0,7.14
002388,新亚制程,5.87,5.9,5.9,455184.0,5.9,4426.0,-0.03,-0.51,5.94
002389,航天彩虹,18.62,18.61,18.5,171369.0,18.65,270.0,0.01,0.05,18.9
002390,信邦制药,3.17,3.13,3.13,415567.0,3.19,6047.0,0.04,1.28,3.21
002391,长青股份,5.09,5.1,5.09,79450.0,5.12,510.0,-0.01,-0.2,5.15
002392,北京利尔,7.46,7.37,7.4,157949.0,7.48,435.0,0.09,1.22,7.62
002393,力生制药,14.9,14.98,14.96,23878.0,14.93,5.0,-0.08,-0.53,15.08
002394,联发股份,9.83,9.73,9.77,47238.0,9.85,181.0,0.1,1.03,9.86
002395,双象股份,12.35,12.32,12.32,25944.0,12.38,415.0,0.03,0.24,12.4
002396,星网锐捷,32.67,32.38,33.15,1296613.0,32.7,102.0,0.29,0.9,34.7
002397,梦洁股份,3.52,3.52,3.52,123707.0,3.54,892.0,0.0,0.0,3.54
002398,垒知集团,4.11,4.12,4.13,101822.0,4.14,1592.0,-0.01,-0.24,4.16
002399,海普瑞,10.61,10.73,10.7,84603.0,10.64,116.0,-0.12,-1.12,10.78
002400,省广集团,7.16,7.95,7.52,2490414.0,7.18,1161.0,-0.79,-9.94,7.62
002401,中远海科,12.29,12.33,12.3,22818.0,12.32,32.0,-0.04,-0.32,12.47
002402,和而泰,21.14,21.12,21.12,183489.0,21.17,941.0,0.02,0.09,21.32
002403,爱仕达,9.66,9.75,9.73,39501.0,9.68,41.0,-0.09,-0.92,9.81
002404,嘉欣丝绸,5.9,5.92,5.91,48223.0,5.93,484.0,-0.02,-0.34,5.95
002405,四维图新,6.5,6.58,6.56,379955.0,6.53,1203.0,-0.08,-1.22,6.62
002406,远东传动,6.78,6.79,6.79,76791.0,6.81,590.0,-0.01,-0.15,6.83
002407,多氟多,39.16,38.97,38.26,1975964.0,39.19,278.0,0.19,0.49,40.19
002408,齐翔腾达,5.02,4.92,4.93,250984.0,5.04,1117.0,0.1,2.03,5.1
002409,雅克科技,151.22,149.5,152.01,226483.0,151.25,8.0,1.72,1.15,153.5
002410,广联达,9.17,9.29,9.3,272532.0,9.19,1101.0,-0.12,-1.29,9.42
002412,汉森制药,7.32,7.34,7.28,226631.0,7.35,1450.0,-0.02,-0.27,7.42
002413,雷科防务,8.64,8.71,8.71,421427.0,8.67,762.0,-0.07,-0.8,8.78
002414,高德红外,13.92,13.83,13.9,492104.0,13.95,3786.0,0.09,0.65,13.99
002415,海康威视,34.88,35.66,35.62,987041.0,34.9,927.0,-0.78,-2.19,35.81
002416,爱施德,9.85,9.89,9.85,166164.0,9.89,60.0,-0.04,-0.4,9.98
002418,康盛股份,4.07,3.7,3.72,808262.0,0.0,0.0,0.37,10.0,4.07
002419,天虹股份,4.58,4.64,4.65,81153.0,4.61,286.0,-0.06,-1.29,4.66
002420,毅昌科技,5.76,5.76,5.75,70901.0,5.79,188.0,0.0,0.0,5.8
002421,达实智能,3.41,3.57,3.55,3625646.0,3.43,6696.0,-0.16,-4.48,3.58
002422,科伦药业,45.11,46.3,46.26,393646.0,45.13,7.0,-1.19,-2.57,46.88
002423,中粮资本,8.89,9.02,9.02,107947.0,8.92,427.0,-0.13,-1.44,9.03
002425,凯撒文化,3.25,3.33,3.25,930970.0,3.28,3818.0,-0.08,-2.4,3.36
002426,胜利精密,2.8,2.91,2.86,1352677.0,2.82,2944.0,-0.11,-3.78,2.88
002427,尤夫股份,4.36,4.33,4.35,79042.0,4.39,1140.0,0.03,0.69,4.39
002428,云南锗业,101.59,100.21,100.83,781174.0,101.62,13.0,1.38,1.38,105.5
002429,兆驰股份,8.55,8.28,8.4,778928.0,8.57,3461.0,0.27,3.26,8.57
002430,杭氧股份,23.5,23.67,23.66,101024.0,23.53,66.0,-0.17,-0.72,23.98
002432,九安医疗,73.21,72.35,73.5,230963.0,73.24,28.0,0.86,1.19,74.56
002434,万里扬,5.9,6.0,6.0,158811.0,5.93,258.0,-0.1,-1.67,6.04
002436,兴森科技,34.82,34.59,34.81,952550.0,34.85,556.0,0.23,0.66,35.59
002437,誉衡药业,4.53,4.25,4.43,9297517.0,4.56,3212.0,0.28,6.59,4.68
002438,江苏神通,13.92,13.97,13.95,69415.0,13.95,176.0,-0.05,-0.36,14.05
002439,启明星辰,13.92,14.08,14.03,248351.0,13.95,763.0,-0.16,-1.14,14.14
002440,闰土股份,12.37,12.59,12.65,517909.0,12.4,622.0,-0.22,-1.75,12.69
002441,众业达,7.97,8.01,7.99,38018.0,8.0,317.0,-0.04,-0.5,8.05
002442,龙星科技,4.96,4.95,4.95,55262.0,4.98,750.0,0.01,0.2,5.0
002443,金洲管道,9.1,8.78,8.72,313818.0,9.13,908.0,0.32,3.64,9.13
002444,巨星科技,29.7,29.73,29.77,49420.0,29.73,74.0,-0.03,-0.1,29.85
002445,中南文化,3.06,3.17,3.11,823113.0,3.09,3232.0,-0.11,-3.47,3.15
002446,盛路通信,9.11,8.65,8.76,474538.0,9.13,1288.0,0.46,5.32,9.16
002448,中原内配,12.39,12.12,12.17,228637.0,12.41,688.0,0.27,2.23,12.53
002449,国星光电,6.47,6.42,6.47,71392.0,6.49,658.0,0.05,0.78,6.52
002451,摩恩电气,7.4,7.44,7.49,68311.0,7.42,296.0,-0.04,-0.54,7.49
002452,长高电气,11.45,11.36,11.43,98564.0,11.48,571.0,0.09,0.79,11.47
002453,华软科技,4.39,4.45,4.48,98076.0,4.42,264.0,-0.06,-1.35,4.5
002454,松芝股份,5.05,5.0,5.04,92432.0,5.07,2407.0,0.05,1.0,5.06
002455,百川股份,7.2,7.19,7.2,294442.0,7.23,626.0,0.01,0.14,7.28
002456,欧菲光,7.27,7.34,7.36,580554.0,7.3,3161.0,-0.07,-0.95,7.4
002457,青龙管业,10.77,10.8,10.77,150670.0,10.79,306.0,-0.03,-0.28,10.85
002458,益生股份,9.74,10.02,10.05,562572.0,9.76,779.0,-0.28,-2.79,10.08
002459,晶澳科技,7.56,7.62,7.66,347650.0,7.59,3630.0,-0.06,-0.79,7.67
002460,赣锋锂业,53.85,53.16,53.52,344946.0,53.87,416.0,0.69,1.3,54.63
002461,珠江啤酒,8.56,8.63,8.61,39481.0,8.6,353.0,-0.07,-0.81,8.68
002462,嘉事堂,12.36,12.19,12.19,46031.0,12.38,64.0,0.17,1.39,12.58
002463,沪电股份,121.27,120.66,120.95,352649.0,121.29,11.0,0.61,0.51,122.5
002465,海格通信,10.6,10.55,10.59,405132.0,10.63,869.0,0.05,0.47,10.65
002466,天齐锂业,48.73,47.76,48.11,493232.0,48.76,273.0,0.97,2.03,49.11
002467,二六三,5.13,4.85,4.84,1478310.0,5.15,7003.0,0.28,5.77,5.34
002468,申通快递,14.19,14.06,14.06,101465.0,14.23,144.0,0.13,0.92,14.39
002469,三维化学,5.74,5.8,5.77,40459.0,5.76,129.0,-0.06,-1.03,5.82
002470,金正大,1.93,1.95,1.95,789478.0,1.96,11092.0,-0.02,-1.03,1.95
002471,中超控股,5.74,5.76,5.74,440699.0,5.76,1689.0,-0.02,-0.35,5.8
002472,双环传动,37.89,38.26,38.22,182843.0,37.92,124.0,-0.37,-0.97,38.79
002474,榕基软件,6.57,6.86,6.76,847547.0,6.6,1302.0,-0.29,-4.23,6.94
002475,立讯精密,56.58,56.06,56.6,717045.0,56.6,1306.0,0.52,0.93,56.88
002476,新叶股份,4.56,4.55,4.55,55018.0,4.59,1430.0,0.01,0.22,4.59
002478,常宝股份,6.24,6.24,6.24,79406.0,6.26,1728.0,0.0,0.0,6.25
002479,富春环保,5.64,5.68,5.68,152217.0,5.67,647.0,-0.04,-0.7,5.7
002480,新筑股份,5.68,5.63,5.6,61793.0,5.7,1017.0,0.05,0.89,5.69
002481,双塔食品,4.2,4.26,4.26,84133.0,4.23,1392.0,-0.06,-1.41,4.27
002482,广田集团,1.27,1.3,1.31,766683.0,1.29,15915.0,-0.03,-2.31,1.31
002483,润邦股份,5.5,5.76,5.68,391579.0,5.53,327.0,-0.26,-4.51,5.74
002484,江海股份,69.79,66.61,69.01,643481.0,69.82,25.0,3.18,4.77,71.7
002486,嘉麟杰,2.55,2.41,2.41,456019.0,2.57,4829.0,0.14,5.81,2.57
002487,大金重工,41.85,42.55,42.8,151852.0,41.88,12.0,-0.7,-1.65,42.93
002488,金固股份,8.45,8.62,8.64,192782.0,8.47,396.0,-0.17,-1.97,8.69
002489,浙江永强,2.72,2.74,2.74,215459.0,2.74,3728.0,-0.02,-0.73,2.75
002490,山东墨龙,7.49,7.63,7.46,453333.0,7.52,1698.0,-0.14,-1.83,7.56
002491,通鼎互联,19.65,18.94,18.82,2928491.0,19.67,197.0,0.71,3.75,19.95
002492,恒基达鑫,5.58,5.53,5.56,53670.0,5.61,57.0,0.05,0.9,5.6
002493,荣盛石化,12.59,12.7,12.6,432522.0,12.62,7.0,-0.11,-0.87,12.98
002494,华斯股份,4.74,4.74,4.72,79906.0,4.77,590.0,0.0,0.0,4.78
002495,佳隆股份,2.39,2.41,2.41,229649.0,2.41,1504.0,-0.02,-0.83,2.42
002496,辉丰股份,2.05,2.08,2.07,214564.0,2.07,1247.0,-0.03,-1.44,2.07
002497,雅化集团,19.18,18.83,19.01,340571.0,19.2,952.0,0.35,1.86,19.45
002498,汉缆股份,6.71,7.02,7.0,1290473.0,6.74,1508.0,-0.31,-4.42,7.0
002500,山西证券,5.29,5.36,5.35,169473.0,5.32,1380.0,-0.07,-1.31,5.36
002506,协鑫集成,2.67,2.69,2.69,1689451.0,2.7,21115.0,-0.02,-0.74,2.7
002507,涪陵榨菜,11.31,11.51,11.5,120324.0,11.34,101.0,-0.2,-1.74,11.5
002508,老板电器,15.81,15.98,15.98,57430.0,15.84,44.0,-0.17,-1.06,15.98
002510,天汽模,5.58,5.61,5.62,126230.0,5.61,1198.0,-0.03,-0.53,5.64
002511,中顺洁柔,7.03,7.17,7.15,130899.0,7.06,152.0,-0.14,-1.95,7.18
002513,蓝丰生化,5.21,5.17,5.2,55812.0,5.24,162.0,0.04,0.77,5.25
002515,金字火腿,7.52,7.04,7.05,999959.0,7.55,2013.0,0.48,6.82,7.65
002516,旷达科技,5.29,5.34,5.36,131487.0,5.32,643.0,-0.05,-0.94,5.38
002517,恺英网络,18.3,17.36,17.49,1081155.0,18.33,965.0,0.94,5.41,18.47
002518,科士达,35.38,35.01,35.47,107309.0,35.41,41.0,0.37,1.06,35.64
002519,银河电子,5.56,5.6,5.63,255853.0,5.58,2841.0,-0.04,-0.71,5.66
002520,日发精机,6.65,6.39,6.39,1205686.0,6.68,1622.0,0.26,4.07,7.03
002521,齐峰新材,6.92,7.0,7.01,38562.0,6.95,59.0,-0.08,-1.14,7.01
002522,浙江众成,5.05,4.98,4.98,248248.0,5.08,3393.0,0.07,1.41,5.07
002523,天桥起重,3.31,3.32,3.31,139145.0,3.34,2140.0,-0.01,-0.3,3.34
002524,光正眼科,3.96,3.96,3.95,120349.0,3.99,325.0,0.0,0.0,4.01
002526,山东矿机,2.74,2.75,2.75,152817.0,2.77,4898.0,-0.01,-0.36,2.77
002527,新时达,11.75,11.73,11.72,62406.0,11.78,198.0,0.02,0.17,11.8
002529,海源复材,7.06,7.02,7.05,37396.0,7.08,556.0,0.04,0.57,7.09
002530,金财互联,7.28,7.36,7.35,172417.0,7.31,202.0,-0.08,-1.09,7.46
002531,天顺风能,6.54,6.64,6.65,286828.0,6.57,631.0,-0.1,-1.51,6.65
002532,天山铝业,13.13,13.19,13.08,748996.0,13.16,432.0,-0.06,-0.45,13.26
002533,金杯电工,11.42,11.57,11.5,75658.0,11.45,142.0,-0.15,-1.3,11.59
002534,西子洁能,15.63,15.76,15.83,107191.0,15.66,8.0,-0.13,-0.82,15.86
002535,林州重机,2.48,2.49,2.48,121712.0,2.52,451.0,-0.01,-0.4,2.51
002536,飞龙股份,42.6,41.65,43.28,503159.0,42.63,39.0,0.95,2.28,44.92
002537,海联金汇,5.74,5.83,5.82,175704.0,5.77,946.0,-0.09,-1.54,5.87
002539,云图控股,12.25,12.38,12.39,140386.0,12.28,11.0,-0.13,-1.05,12.49
002540,亚太科技,5.1,5.08,5.06,68410.0,5.13,2024.0,0.02,0.39,5.13
002541,鸿路钢构,19.14,19.62,19.61,52205.0,19.17,726.0,-0.48,-2.45,19.63
002543,万和电气,6.99,7.33,7.29,233791.0,7.02,686.0,-0.34,-4.64,7.37
002544,普天科技,16.96,16.9,16.94,87893.0,16.99,45.0,0.06,0.36,17.07
002545,东方铁塔,17.15,17.31,17.36,139792.0,17.19,70.0,-0.16,-0.92,17.38
002546,新联电子,8.43,8.39,8.45,229670.0,8.46,1195.0,0.04,0.48,8.5
002548,金新农,4.05,4.12,4.12,230710.0,4.08,2052.0,-0.07,-1.7,4.13
002549,凯美特气,14.37,14.31,14.44,145404.0,14.4,946.0,0.06,0.42,14.49
002550,千红制药,7.2,7.05,6.95,681629.0,7.23,1490.0,0.15,2.13,7.28
002551,尚荣医疗,3.26,3.25,3.25,157448.0,3.29,644.0,0.01,0.31,3.33
002552,宝鼎科技,60.65,58.66,59.59,423843.0,60.68,5.0,1.99,3.39,60.8
002553,南方精工,15.61,15.74,15.72,44310.0,15.63,35.0,-0.13,-0.83,15.83
002554,惠博普,2.82,2.85,2.85,182394.0,2.85,2783.0,-0.03,-1.05,2.87
002555,三七互娱,19.8,19.21,19.2,621877.0,19.82,1413.0,0.59,3.07,19.85
002556,辉隆股份,5.01,4.97,4.97,96163.0,5.04,1530.0,0.04,0.8,5.05
002557,洽洽食品,18.97,19.36,19.34,79328.0,19.0,185.0,-0.39,-2.01,19.34
002558,巨人网络,28.84,28.57,28.4,857370.0,28.86,770.0,0.27,0.95,28.99
002559,亚威股份,10.0,9.74,9.88,238192.0,10.02,970.0,0.26,2.67,10.04
002560,通达股份,6.4,6.46,6.43,217739.0,6.43,811.0,-0.06,-0.93,6.47
002561,徐家汇,6.66,6.73,6.71,44767.0,6.68,154.0,-0.07,-1.04,6.76
002562,兄弟科技,4.89,4.97,4.95,410593.0,4.91,883.0,-0.08,-1.61,4.99
002563,森马服饰,5.76,5.84,5.84,152623.0,5.79,522.0,-0.08,-1.37,5.84
002564,天沃科技,4.56,4.58,4.59,111431.0,4.59,557.0,-0.02,-0.44,4.62
002565,顺灏股份,9.52,9.63,9.63,385458.0,9.54,694.0,-0.11,-1.14,9.68
002566,益盛药业,6.79,6.85,6.77,75005.0,6.82,289.0,-0.06,-0.88,6.92
002567,唐人神,3.59,3.67,3.67,178143.0,3.61,1491.0,-0.08,-2.18,3.67
002568,百润股份,18.99,19.68,19.69,141323.0,19.02,155.0,-0.69,-3.51,19.7
002570,贝因美,4.57,4.7,4.7,381293.0,4.6,2009.0,-0.13,-2.77,4.71
002571,德力股份,11.15,11.1,11.17,39611.0,11.19,10.0,0.05,0.45,11.32
002572,索菲亚,8.18,8.38,8.39,80390.0,8.21,60.0,-0.2,-2.39,8.39
002573,清新环境,3.3,3.38,3.4,341465.0,3.33,2440.0,-0.08,-2.37,3.41
002574,明牌珠宝,4.56,4.59,4.61,44391.0,4.59,217.0,-0.03,-0.65,4.62
002575,群兴玩具,5.61,6.08,5.97,1108794.0,5.64,85.0,-0.47,-7.73,5.97
002576,通达动力,14.29,14.57,14.37,38924.0,14.31,65.0,-0.28,-1.92,14.6
002577,雷柏科技,18.46,18.67,18.9,28680.0,18.48,65.0,-0.21,-1.12,18.9
002578,闽发铝业,3.41,3.32,3.28,256731.0,3.44,810.0,0.09,2.71,3.43
002579,中京电子,14.87,14.66,14.85,533865.0,14.9,1824.0,0.21,1.43,14.98
002580,圣阳股份,22.28,22.1,21.66,1136672.0,22.31,252.0,0.18,0.81,23.0
002582,好想你,11.05,11.5,11.5,537765.0,11.08,127.0,-0.45,-3.91,11.5
002583,海能达,8.29,8.38,8.39,139224.0,8.31,460.0,-0.09,-1.07,8.46
002584,西陇科学,8.24,8.13,8.19,180810.0,8.27,1582.0,0.11,1.35,8.29
002585,双星新材,10.87,11.3,11.01,1243207.0,10.89,1764.0,-0.43,-3.81,11.15
002587,奥拓电子,5.55,5.54,5.54,157813.0,5.57,890.0,0.01,0.18,5.56
002588,史丹利,8.46,8.56,8.56,82103.0,8.48,45.0,-0.1,-1.17,8.6
002589,瑞康医药,3.53,3.71,3.6,2547995.0,3.56,4723.0,-0.18,-4.85,3.77
002590,万安科技,9.44,9.45,9.45,39431.0,9.47,139.0,-0.01,-0.11,9.51
002591,恒大高新,6.31,6.25,6.26,65805.0,6.33,206.0,0.06,0.96,6.33
002593,日上集团,4.46,4.44,4.44,102583.0,4.49,1681.0,0.02,0.45,4.47
002594,比亚迪,88.9,89.71,89.3,205856.0,88.93,5.0,-0.81,-0.9,89.68
002595,豪迈科技,51.6,51.17,51.32,18688.0,51.67,112.0,0.43,0.84,51.73
002596,海南瑞泽,3.23,3.28,3.28,205000.0,3.25,1676.0,-0.05,-1.52,3.3
002597,金禾实业,19.65,19.72,19.72,33820.0,19.68,106.0,-0.07,-0.35,19.86
002599,盛通股份,6.03,6.08,6.09,96686.0,6.06,1210.0,-0.05,-0.82,6.11
002600,领益智造,12.69,12.55,12.55,850696.0,12.72,5881.0,0.14,1.12,12.75
002601,龙佰集团,15.43,15.61,15.61,119375.0,15.45,338.0,-0.18,-1.15,15.71
002602,世纪华通,14.6,13.73,13.95,1766817.0,14.63,3746.0,0.87,6.34,14.65
002603,以岭药业,16.96,17.1,17.11,323582.0,16.99,105.0,-0.14,-0.82,17.4
002605,姚记科技,18.04,17.96,17.91,60265.0,18.08,279.0,0.08,0.45,18.11
002606,大连电瓷,14.31,14.35,14.37,169069.0,14.33,208.0,-0.04,-0.28,14.62
002607,中公教育,2.1,2.14,2.14,1718342.0,2.13,17128.0,-0.04,-1.87,2.14
002608,江苏国信,7.15,7.3,7.28,210010.0,7.18,1876.0,-0.15,-2.05,7.29
002609,捷顺科技,7.79,7.74,7.75,42379.0,7.81,151.0,0.05,0.65,7.8
002611,东方精工,15.46,15.65,15.65,199307.0,15.49,177.0,-0.19,-1.21,15.77
002612,朗姿股份,16.07,15.85,15.74,99904.0,16.1,164.0,0.22,1.39,16.14
002613,北玻股份,3.38,3.41,3.43,244690.0,3.4,4240.0,-0.03,-0.88,3.47
002614,奥佳华,4.91,4.93,4.93,66277.0,4.94,272.0,-0.02,-0.41,5.0
002615,哈尔斯,6.65,6.59,6.62,54967.0,6.67,30.0,0.06,0.91,6.65
002616,长青集团,4.75,4.8,4.81,113747.0,4.77,858.0,-0.05,-1.04,4.81
002617,露笑科技,6.29,6.33,6.32,588039.0,6.32,3426.0,-0.04,-0.63,6.38
002622,皓宸医疗,2.51,2.53,2.53,370252.0,2.54,396.0,-0.02,-0.79,2.56
002623,亚玛顿,15.92,16.3,16.3,32895.0,15.95,74.0,-0.38,-2.33,16.3
002624,完美世界,11.66,11.76,11.58,718410.0,11.69,549.0,-0.1,-0.85,11.84
002625,光启技术,30.43,30.89,30.64,197946.0,30.46,488.0,-0.46,-1.49,31.0
002626,金达威,16.1,16.4,16.49,76719.0,16.13,137.0,-0.3,-1.83,16.62
002627,三峡旅游,6.4,6.43,6.46,55243.0,6.42,419.0,-0.03,-0.47,6.48
002628,成都路桥,5.56,5.05,5.07,547835.0,0.0,0.0,0.51,10.1,5.56
002629,仁智股份,4.68,4.67,4.67,74654.0,4.7,1187.0,0.01,0.21,4.75
002631,德尔未来,9.15,8.78,8.8,276539.0,9.18,49.0,0.37,4.21,9.24
002632,道明光学,8.53,8.27,8.35,213551.0,8.56,872.0,0.26,3.14,8.54
002633,申科股份,14.49,14.49,14.5,15066.0,14.51,110.0,0.0,0.0,14.6
002635,安洁科技,15.93,15.43,15.5,199555.0,15.96,200.0,0.5,3.24,16.15
002636,金安国纪,67.79,65.58,66.02,531067.0,67.81,5.0,2.21,3.37,68.72
002637,赞宇科技,10.71,10.39,10.48,114346.0,10.73,752.0,0.32,3.08,10.74
002638,勤上股份,3.54,3.52,3.5,309359.0,3.57,2071.0,0.02,0.57,3.59
002639,雪人集团,12.16,12.23,12.23,193489.0,12.18,1196.0,-0.07,-0.57,12.28
002640,跨境通,3.31,3.4,3.4,1015824.0,3.34,4347.0,-0.09,-2.65,3.42
002641,公元股份,3.87,3.89,3.88,53949.0,3.9,939.0,-0.02,-0.51,3.92
002642,荣联科技,7.43,7.39,7.38,145888.0,7.46,1242.0,0.04,0.54,7.47
002643,万润股份,14.27,13.85,13.88,248383.0,14.29,10.0,0.42,3.03,14.35
002644,佛慈制药,8.49,8.8,8.85,375121.0,8.53,320.0,-0.31,-3.52,8.95
002645,华宏科技,21.48,19.53,19.61,503024.0,0.0,0.0,1.95,9.98,21.48
002646,天佑德酒,7.04,7.12,7.12,53644.0,7.06,274.0,-0.08,-1.12,7.14
002647,仁东控股,11.47,11.29,11.39,231855.0,11.5,1682.0,0.18,1.59,11.49
002648,卫星化学,25.26,25.46,25.46,353598.0,25.29,1141.0,-0.2,-0.79,25.78
002649,博彦科技,10.11,10.23,10.28,433194.0,10.14,377.0,-0.12,-1.17,10.72
002651,利君股份,8.39,7.63,7.62,178388.0,0.0,0.0,0.76,9.96,8.39
002652,扬子新材,3.96,3.95,3.97,101378.0,3.98,541.0,0.01,0.25,3.98
002653,海思科,69.38,68.88,68.5,56898.0,69.4,92.0,0.5,0.73,70.13
002654,万润科技,13.88,13.07,13.28,694843.0,13.91,677.0,0.81,6.2,14.06
002655,共达电声,33.99,32.02,32.09,306520.0,34.02,14.0,1.97,6.15,34.0
002656,摩登大道,2.98,3.0,3.0,95919.0,3.0,4592.0,-0.02,-0.67,3.01
002657,中科金财,15.61,15.76,15.78,93818.0,15.63,137.0,-0.15,-0.95,15.93
002658,雪迪龙,8.23,7.48,7.48,229770.0,0.0,0.0,0.75,10.03,8.23
002659,凯文教育,4.58,4.67,4.63,170542.0,4.61,822.0,-0.09,-1.93,4.7
002660,茂硕电源,7.31,7.37,7.4,39905.0,7.33,390.0,-0.06,-0.81,7.44
002661,克明食品,7.72,7.75,7.79,24151.0,7.76,142.0,-0.03,-0.39,7.79
002662,峰璟股份,3.24,3.26,3.27,95147.0,3.26,1715.0,-0.02,-0.61,3.28
002663,普邦股份,1.66,1.67,1.67,316623.0,1.68,6262.0,-0.01,-0.6,1.68
002664,信质集团,16.32,16.42,16.55,31250.0,16.35,219.0,-0.1,-0.61,16.6
002666,德联集团,4.23,4.19,4.17,81231.0,4.26,390.0,0.04,0.95,4.23
002668,TCL智家,9.84,10.15,10.12,194089.0,9.87,145.0,-0.31,-3.05,10.21
002669,康达新材,12.44,12.2,12.23,118038.0,12.46,1039.0,0.24,1.97,12.46
002670,国盛证券,11.15,11.31,11.3,183923.0,11.18,521.0,-0.16,-1.41,11.36
002671,龙泉股份,3.92,3.92,3.94,88541.0,3.96,839.0,0.0,0.0,3.95
002672,东江环保,3.6,3.62,3.6,65098.0,3.63,340.0,-0.02,-0.55,3.63
002673,西部证券,6.63,6.69,6.68,226577.0,6.66,1185.0,-0.06,-0.9,6.72
002674,兴业科技,29.62,28.46,28.64,339538.0,29.64,27.0,1.16,4.08,31.31
002675,东诚药业,13.17,13.31,13.29,80329.0,13.2,38.0,-0.14,-1.05,13.44
002676,顺威股份,4.99,4.98,4.98,68704.0,5.02,676.0,0.01,0.2,5.01
002677,浙江美大,7.12,7.28,7.28,97841.0,7.14,88.0,-0.16,-2.2,7.28
002678,珠江钢琴,4.63,4.69,4.67,56003.0,4.65,938.0,-0.06,-1.28,4.72
002679,福建金森,8.96,8.95,8.93,23231.0,8.99,198.0,0.01,0.11,9.03
002681,奋达科技,4.49,4.58,4.57,293762.0,4.52,1512.0,-0.09,-1.97,4.6
002682,龙洲股份,4.64,5.12,4.89,983560.0,4.67,627.0,-0.48,-9.38,5.0
002683,广东宏大,28.42,28.8,28.82,58687.0,28.46,2.0,-0.38,-1.32,29.1
002685,华东重机,5.81,6.0,5.96,510177.0,5.83,1066.0,-0.19,-3.17,5.99
002686,亿利达,6.39,6.27,6.22,231949.0,6.42,644.0,0.12,1.91,6.39
002687,乔治白,6.54,6.15,6.15,435325.0,6.57,1872.0,0.39,6.34,6.59
002688,金河生物,5.2,5.23,5.22,59877.0,5.22,1375.0,-0.03,-0.57,5.27
002690,美亚光电,15.25,15.11,15.11,70119.0,15.29,13.0,0.14,0.93,15.32
002692,远程股份,4.2,4.24,4.23,90917.0,4.22,188.0,-0.04,-0.94,4.25
002693,双成药业,9.94,9.97,10.04,182514.0,9.97,306.0,-0.03,-0.3,10.16
002695,煌上煌,11.07,11.05,11.0,73354.0,11.1,398.0,0.02,0.18,11.12
002696,百洋股份,6.26,6.16,6.16,252969.0,6.29,452.0,0.1,1.62,6.46
002697,红旗连锁,4.64,4.69,4.7,144187.0,4.67,1165.0,-0.05,-1.07,4.7
002698,博实股份,12.72,13.98,13.94,493430.0,12.74,1900.0,-1.26,-9.01,14.04
002700,万憬能源,6.1,6.05,6.05,57181.0,6.13,362.0,0.05,0.83,6.16
002701,奥瑞金,4.77,4.82,4.85,148600.0,4.8,1986.0,-0.05,-1.04,4.85
002702,海欣食品,4.97,5.16,5.15,435445.0,5.0,1125.0,-0.19,-3.68,5.2
002703,浙江世宝,14.62,14.5,14.44,376516.0,14.64,819.0,0.12,0.83,14.99
002705,新宝股份,11.57,11.74,11.72,61198.0,11.6,219.0,-0.17,-1.45,11.75
002706,良信股份,10.01,9.99,9.82,876210.0,10.04,170.0,0.02,0.2,10.17
002707,众信旅游,5.12,5.17,5.17,137865.0,5.15,1243.0,-0.05,-0.97,5.19
002708,光洋股份,11.82,11.3,11.32,258700.0,11.84,957.0,0.52,4.6,11.84
002709,天赐材料,39.47,38.81,38.81,638523.0,39.5,1633.0,0.66,1.7,40.39
002712,思美传媒,4.78,4.85,4.87,164628.0,4.8,200.0,-0.07,-1.44,4.9
002713,东易日盛,10.3,10.15,10.3,178319.0,10.32,197.0,0.15,1.48,10.34
002714,牧原股份,39.29,40.15,40.0,441048.0,39.32,36.0,-0.86,-2.14,40.1
002715,登云股份,14.45,14.41,14.6,49071.0,14.47,97.0,0.04,0.28,14.75
002716,湖南白银,8.9,9.06,8.86,1813748.0,8.93,3303.0,-0.16,-1.77,9.0
002718,友邦吊顶,90.34,87.0,87.0,9092.0,90.5,5.0,3.34,3.84,90.5
002721,金一文化,2.68,2.83,2.81,1774321.0,2.71,2308.0,-0.15,-5.3,2.84
002722,物产金轮,12.72,12.77,12.73,17274.0,12.74,101.0,-0.05,-0.39,12.88
002723,小崧股份,7.2,7.03,7.01,89665.0,7.22,49.0,0.17,2.42,7.29
002724,海洋王,6.78,6.16,6.76,197247.0,0.0,0.0,0.62,10.06,6.78
002725,跃岭股份,11.76,11.62,11.55,58025.0,11.79,72.0,0.14,1.2,12.07
002727,一心堂,11.97,12.06,12.0,158323.0,12.01,239.0,-0.09,-0.75,12.39
002728,特一药业,9.4,9.49,9.44,192696.0,9.43,230.0,-0.09,-0.95,9.58
002729,好利科技,13.87,14.06,14.06,40284.0,13.9,128.0,-0.19,-1.35,14.13
002730,电光科技,23.79,23.81,23.75,69929.0,23.82,196.0,-0.02,-0.08,24.14
002732,燕塘乳业,13.69,13.81,13.9,15553.0,13.75,1.0,-0.12,-0.87,13.9
002733,雄韬股份,19.52,19.4,19.56,101882.0,19.54,214.0,0.12,0.62,19.68
002734,利民股份,15.44,15.44,15.43,87457.0,15.46,21.0,0.0,0.0,15.55
002735,王子新材,11.92,11.9,12.0,119941.0,11.95,266.0,0.02,0.17,12.07
002736,国信证券,10.0,10.11,10.1,281302.0,10.03,912.0,-0.11,-1.09,10.14
002737,葵花药业,13.51,13.63,13.62,58448.0,13.54,3.0,-0.12,-0.88,13.72
002738,中矿资源,54.1,52.4,52.6,206632.0,54.14,69.0,1.7,3.24,54.98
002739,儒意电影,9.59,10.23,10.02,2279000.0,9.62,1158.0,-0.64,-6.26,10.2
002741,光华科技,25.55,25.21,25.5,227575.0,25.57,155.0,0.34,1.35,25.73
002742,冀衡医药,4.27,4.35,4.35,208769.0,4.3,1350.0,-0.08,-1.84,4.53
002743,富煌钢构,4.01,4.0,3.98,62301.0,4.03,169.0,0.01,0.25,4.02
002745,木林森,11.75,11.66,11.89,495498.0,11.78,956.0,0.09,0.77,11.92
002746,仙坛股份,6.12,6.24,6.21,174167.0,6.15,5701.0,-0.12,-1.92,6.26
002747,埃斯顿,34.75,34.67,34.65,519356.0,34.78,204.0,0.08,0.23,34.92
002748,世龙实业,11.76,11.86,11.94,42076.0,11.79,20.0,-0.1,-0.84,11.98
002749,国光股份,8.63,8.6,8.6,31833.0,8.66,774.0,0.03,0.35,8.67
002752,昇兴股份,5.94,5.91,5.92,80342.0,5.96,3659.0,0.03,0.51,5.96
002753,永东股份,6.27,6.23,6.2,23174.0,6.3,1277.0,0.04,0.64,6.32
002755,奥赛康,13.74,13.92,13.93,97721.0,13.78,227.0,-0.18,-1.29,14.13
002756,永兴材料,48.33,47.86,48.01,113528.0,48.36,26.0,0.47,0.98,49.73
002757,南兴股份,18.01,17.44,17.46,244750.0,18.04,115.0,0.57,3.27,18.19
002758,浙农股份,7.82,7.81,7.8,39208.0,7.84,183.0,0.01,0.13,7.86
002760,凤形股份,17.56,17.46,17.41,26168.0,17.58,110.0,0.1,0.57,17.77
002761,浙江建投,7.19,7.3,7.3,85105.0,7.22,10.0,-0.11,-1.51,7.32
002762,金发拉比,10.18,10.13,10.08,269537.0,10.21,385.0,0.05,0.49,10.8
002763,汇洁股份,7.53,7.49,7.48,45407.0,7.56,219.0,0.04,0.53,7.58
002765,蓝黛科技,7.19,7.19,7.2,72871.0,7.23,684.0,0.0,0.0,7.27
002766,索菱股份,4.5,4.09,4.09,726362.0,0.0,0.0,0.41,10.02,4.5
002767,先锋电子,18.18,18.1,18.01,33413.0,18.24,38.0,0.08,0.44,18.36
002768,国恩股份,59.64,59.99,59.62,85742.0,59.85,39.0,-0.35,-0.58,61.2
002769,普路通,7.01,7.05,7.08,47790.0,7.04,959.0,-0.04,-0.57,7.12
002771,真视通,12.95,12.93,12.92,44712.0,12.97,36.0,0.02,0.15,13.07
002772,众兴菌业,10.48,10.57,10.56,80250.0,10.51,122.0,-0.09,-0.85,10.59
002773,康弘药业,22.65,23.05,22.98,72161.0,22.67,28.0,-0.4,-1.74,23.14
002774,快意电梯,17.55,15.95,15.86,112574.0,0.0,0.0,1.6,10.03,17.55
002775,文科股份,3.64,3.71,3.75,206098.0,3.66,627.0,-0.07,-1.89,3.77
002777,久远银海,12.9,13.01,13.05,100267.0,12.93,18.0,-0.11,-0.85,13.18
002778,中晟高科,15.69,15.62,15.67,13763.0,15.71,34.0,0.07,0.45,15.91
002779,中坚科技,76.3,79.0,78.97,33368.0,76.43,2.0,-2.7,-3.42,78.97
002780,三夫户外,13.27,13.19,13.18,30868.0,13.3,76.0,0.08,0.61,13.31
002782,可立克,15.89,15.76,15.86,98886.0,15.91,357.0,0.13,0.82,15.96
002783,凯龙股份,7.75,7.78,7.78,117202.0,7.77,537.0,-0.03,-0.39,7.91
002785,万里石,34.93,33.83,33.66,46649.0,34.96,108.0,1.1,3.25,35.05
002786,银宝山新,7.78,7.79,7.79,51743.0,7.81,1153.0,-0.01,-0.13,7.85
002787,华源控股,21.45,21.39,21.5,100364.0,21.47,19.0,0.06,0.28,21.76
002788,鹭燕医药,11.76,11.74,11.75,217409.0,11.78,768.0,0.02,0.17,11.89
002790,瑞尔特,5.8,5.83,5.85,36971.0,5.84,74.0,-0.03,-0.51,5.88
002791,坚朗五金,15.04,15.37,15.38,40682.0,15.06,25.0,-0.33,-2.15,15.38
002792,通宇通讯,36.34,38.63,37.86,792265.0,36.37,1751.0,-2.29,-5.93,39.54
002793,罗欣药业,5.29,5.28,5.27,438025.0,5.32,513.0,0.01,0.19,5.42
002795,永和智控,7.14,7.39,7.45,264208.0,7.17,173.0,-0.25,-3.38,7.53
002796,世嘉科技,31.71,31.48,31.51,70769.0,31.74,37.0,0.23,0.73,32.1
002797,第一创业,6.48,6.59,6.57,492565.0,6.51,2967.0,-0.11,-1.67,6.61
002798,帝欧水华,5.85,5.79,5.81,68096.0,5.87,5.0,0.06,1.04,5.9
002799,环球印务,6.79,6.88,6.93,61125.0,6.82,392.0,-0.09,-1.31,6.93
002800,天顺股份,13.32,13.46,13.47,22774.0,13.38,66.0,-0.14,-1.04,13.53
002801,微光股份,27.35,27.67,27.67,21350.0,27.41,57.0,-0.32,-1.16,27.97
002802,洪汇新材,11.43,11.42,11.47,18337.0,11.49,68.0,0.01,0.09,11.54
002803,吉宏股份,19.48,19.6,19.85,100804.0,19.51,3.0,-0.12,-0.61,19.96
002805,丰元股份,19.95,20.0,20.0,153020.0,19.98,59.0,-0.05,-0.25,20.37
002806,华锋股份,14.25,14.06,14.0,62156.0,14.27,585.0,0.19,1.35,14.65
002807,江阴银行,3.89,3.95,3.93,413821.0,3.92,5354.0,-0.06,-1.52,3.94
002809,红墙股份,8.28,8.26,8.29,43726.0,8.31,155.0,0.02,0.24,8.31
002810,山东赫达,20.13,20.14,20.2,38793.0,20.16,26.0,-0.01,-0.05,20.48
002811,郑中设计,11.3,10.27,10.35,86141.0,0.0,0.0,1.03,10.03,11.3
002812,恩捷股份,56.55,56.3,56.55,228917.0,56.58,16.0,0.25,0.44,58.88
002813,路畅科技,20.67,20.73,20.83,14585.0,20.74,29.0,-0.06,-0.29,21.06
002815,崇达技术,13.03,12.76,12.94,242252.0,13.05,1176.0,0.27,2.12,13.05
002817,黄山胶囊,6.56,6.55,6.55,44797.0,6.6,112.0,0.01,0.15,6.64
002818,富森美,10.85,10.85,10.85,20570.0,10.87,48.0,0.0,0.0,10.86
002819,东方中科,20.58,20.52,20.52,17752.0,20.62,20.0,0.06,0.29,20.89
002820,桂发祥,10.14,9.22,9.21,138202.0,0.0,0.0,0.92,9.98,10.14
002821,凯莱英,171.2,173.81,172.0,117477.0,171.23,1.0,-2.61,-1.5,175.29
002823,凯中精密,13.72,14.29,14.05,138530.0,13.75,12.0,-0.57,-3.99,14.1
002824,和胜股份,24.96,23.4,23.61,192302.0,25.0,143.0,1.56,6.67,25.12
002825,纳尔股份,9.3,9.3,9.39,45084.0,9.32,15.0,0.0,0.0,9.42
002826,易明医药,17.67,17.63,17.71,54976.0,17.7,27.0,0.04,0.23,18.4
002827,高争民爆,56.74,55.1,55.0,185638.0,56.8,138.0,1.64,2.98,57.99
002828,贝肯能源,11.78,12.04,11.97,219717.0,11.8,431.0,-0.26,-2.16,11.97
002829,星网宇达,21.05,21.43,21.4,93553.0,21.07,39.0,-0.38,-1.77,21.73
002830,名雕股份,13.78,13.85,13.84,28617.0,13.82,1.0,-0.07,-0.51,13.9
002831,裕同科技,27.04,27.73,27.73,147647.0,27.1,25.0,-0.69,-2.49,27.98
002832,比音勒芬,26.08,26.14,26.31,85617.0,26.11,149.0,-0.06,-0.23,26.32
002833,弘亚数控,18.29,18.08,17.98,29744.0,18.32,53.0,0.21,1.16,18.37
002835,同为股份,12.74,12.23,12.23,60621.0,12.77,95.0,0.51,4.17,13.25
002836,新宏泽,9.89,9.87,9.84,15963.0,9.91,103.0,0.02,0.2,9.97
002837,英维克,57.09,55.45,56.12,364903.0,57.11,81.0,1.64,2.96,57.37
002838,道恩股份,24.72,24.52,24.66,60561.0,24.74,50.0,0.2,0.82,24.84
002839,张家港行,4.26,4.3,4.3,273366.0,4.3,4159.0,-0.04,-0.93,4.31
002840,华统股份,8.29,8.54,8.57,208706.0,8.32,113.0,-0.25,-2.93,8.57
002841,视源股份,49.73,50.0,50.4,56932.0,49.8,22.0,-0.27,-0.54,51.12
002842,翔鹭钨业,39.72,39.8,39.8,409485.0,39.75,111.0,-0.08,-0.2,40.6
002843,泰嘉股份,16.35,16.46,16.32,60267.0,16.38,109.0,-0.11,-0.67,16.56
002845,同兴达,13.11,12.9,12.95,71233.0,13.13,405.0,0.21,1.63,13.12
002846,英联股份,10.7,10.72,10.7,68990.0,10.73,136.0,-0.02,-0.19,10.81
002847,盐津铺子,47.67,49.13,49.01,52154.0,47.7,12.0,-1.46,-2.97,49.05
002848,高斯贝尔,12.98,13.09,13.09,45088.0,13.01,94.0,-0.11,-0.84,13.24
002849,威星智能,16.87,16.87,17.07,47652.0,16.89,13.0,0.0,0.0,17.12
002850,科达利,183.56,190.69,190.13,59073.0,183.73,1.0,-7.13,-3.74,191.67
002851,麦格米特,131.4,131.86,132.1,310172.0,131.45,36.0,-0.46,-0.35,134.5
002852,道道全,7.76,7.78,7.78,34781.0,7.78,232.0,-0.02,-0.26,7.81
002853,皮阿诺,20.62,21.3,21.34,24072.0,20.68,10.0,-0.68,-3.19,21.41
002855,捷荣技术,10.02,10.07,10.09,21565.0,10.04,13.0,-0.05,-0.5,10.19
002857,三晖电气,18.5,17.66,17.6,68341.0,18.54,58.0,0.84,4.76,18.55
002858,力盛体育,11.66,11.71,11.71,30284.0,11.69,18.0,-0.05,-0.43,11.83
002859,洁美科技,73.06,74.79,74.47,246565.0,73.09,3.0,-1.73,-2.31,75.83
002860,星帅尔,16.31,16.61,16.63,93166.0,16.34,38.0,-0.3,-1.81,16.71
002861,瀛通通讯,16.84,16.42,16.46,36226.0,16.87,38.0,0.42,2.56,16.93
002862,实丰文化,13.89,13.81,13.78,35947.0,13.91,17.0,0.08,0.58,13.92
002863,今飞凯达,4.54,4.49,4.51,91757.0,4.56,801.0,0.05,1.11,4.54
002864,盘龙药业,22.4,22.46,22.34,38909.0,22.43,108.0,-0.06,-0.27,22.92
002865,钧达股份,44.95,45.31,45.31,63783.0,44.97,144.0,-0.36,-0.79,46.0
002866,传艺科技,15.71,15.63,15.63,70450.0,15.73,62.0,0.08,0.51,15.96
002867,周大生,12.33,12.46,12.46,37029.0,12.35,425.0,-0.13,-1.04,12.46
002868,绿康生化,22.73,23.22,23.22,11930.0,22.81,68.0,-0.49,-2.11,23.27
002869,金溢科技,15.93,16.0,15.99,18795.0,15.99,219.0,-0.07,-0.44,16.19
002870,香山股份,48.0,46.41,46.77,68381.0,48.02,26.0,1.59,3.43,48.74
002871,伟隆股份,17.13,17.34,17.43,37806.0,17.15,640.0,-0.21,-1.21,17.63
002873,新天药业,8.4,8.34,8.33,69654.0,8.44,66.0,0.06,0.72,8.48
002875,安奈儿,13.67,13.97,14.0,41929.0,13.69,14.0,-0.3,-2.15,14.09
002876,三利谱,29.07,27.31,27.35,79473.0,29.09,1.0,1.76,6.44,29.24
002877,智能自控,7.32,7.31,7.3,37189.0,7.36,256.0,0.01,0.14,7.37
002878,元隆雅图,12.49,12.66,12.66,54464.0,12.52,44.0,-0.17,-1.34,12.82
002879,长缆科技,17.28,17.45,17.47,156906.0,17.31,24.0,-0.17,-0.97,17.58
002880,卫光生物,20.57,21.03,21.0,18615.0,20.61,15.0,-0.46,-2.19,21.08
002881,美格智能,38.0,38.05,38.05,59678.0,38.02,49.0,-0.05,-0.13,38.88
002882,金龙羽,21.26,21.72,21.76,85127.0,21.29,358.0,-0.46,-2.12,21.9
002884,凌霄泵业,15.92,16.04,16.03,18832.0,15.94,10.0,-0.12,-0.75,16.06
002885,京泉华,31.09,31.74,31.89,300855.0,31.13,86.0,-0.65,-2.05,32.2
002886,沃特股份,20.26,20.32,20.2,137953.0,20.29,66.0,-0.06,-0.3,20.92
002887,绿茵生态,10.2,10.61,10.6,49774.0,10.22,8.0,-0.41,-3.86,10.67
002888,惠威科技,17.65,17.9,17.89,18995.0,17.73,20.0,-0.25,-1.4,17.98
002889,东方嘉盛,12.27,12.27,12.33,34864.0,12.29,134.0,0.0,0.0,12.41
002890,弘宇股份,14.21,14.01,14.02,11564.0,14.24,2.0,0.2,1.43,14.21
002891,中宠股份,30.0,31.65,31.6,153311.0,30.03,29.0,-1.65,-5.21,31.6
002892,科力尔,9.44,9.5,9.5,58779.0,9.47,142.0,-0.06,-0.63,9.58
002893,京能热力,9.66,9.8,9.8,58072.0,9.68,220.0,-0.14,-1.43,9.8
002895,川恒股份,33.23,33.55,33.63,40362.0,33.29,39.0,-0.32,-0.95,33.87
002896,中大力德,77.56,78.09,77.79,104512.0,77.59,1.0,-0.53,-0.68,78.5
002897,意华股份,59.98,58.3,59.34,81395.0,60.01,32.0,1.68,2.88,60.2
002899,英派斯,19.74,19.86,19.86,15532.0,19.79,1.0,-0.12,-0.6,20.01
002900,哈三联,13.92,14.22,14.22,258493.0,13.95,378.0,-0.3,-2.11,14.3
002901,大博医疗,44.85,45.25,45.24,15754.0,44.98,31.0,-0.4,-0.88,45.89
002902,铭普光磁,25.59,24.82,25.0,155820.0,25.61,93.0,0.77,3.1,25.63
002903,宇环数控,29.28,28.19,28.31,117790.0,29.31,49.0,1.09,3.87,29.49
002905,金逸影视,7.76,7.94,7.86,64918.0,7.78,82.0,-0.18,-2.27,7.93
002906,华阳集团,26.3,26.25,26.36,57271.0,26.35,255.0,0.05,0.19,26.98
002907,华森制药,15.26,13.87,15.26,54024.0,0.0,0.0,1.39,10.02,15.26
002908,德生科技,7.15,7.1,7.09,66212.0,7.17,108.0,0.05,0.7,7.16
002909,集泰股份,5.15,5.15,5.13,79545.0,5.18,378.0,0.0,0.0,5.19
002910,庄园牧场,9.42,9.51,9.51,80504.0,9.44,1.0,-0.09,-0.95,9.55
002911,佛燃能源,10.64,10.78,10.78,54222.0,10.67,21.0,-0.14,-1.3,10.81
002912,中新赛克,19.81,19.69,19.7,31671.0,19.85,190.0,0.12,0.61,20.0
002913,奥士康,56.75,55.65,56.32,52474.0,56.78,15.0,1.1,1.98,57.19
002915,中欣氟材,17.98,18.44,18.2,127492.0,18.0,202.0,-0.46,-2.49,18.35
002916,深南电路,378.0,377.98,380.0,66701.0,378.03,27.0,0.02,0.01,382.57
002917,金奥博,10.45,10.42,10.52,23838.0,10.48,45.0,0.03,0.29,10.53
002918,蒙娜丽莎,9.97,10.01,10.0,82155.0,10.0,273.0,-0.04,-0.4,10.04
002919,名臣健康,18.04,18.1,18.1,32631.0,18.06,64.0,-0.06,-0.33,18.28
002920,德赛西威,90.64,96.05,97.5,167813.0,90.67,10.0,-5.41,-5.63,97.96
002921,联诚精密,23.13,24.63,24.69,112786.0,23.16,8.0,-1.5,-6.09,24.88
002922,伊戈尔,26.44,26.8,27.3,182935.0,26.47,10.0,-0.36,-1.34,27.4
002923,润都股份,11.61,11.66,11.6,93239.0,11.64,81.0,-0.05,-0.43,11.87
002925,盈趣科技,23.41,23.1,23.0,169511.0,23.44,30.0,0.31,1.34,24.49
002926,华西证券,8.33,8.49,8.48,189044.0,8.36,161.0,-0.16,-1.88,8.52
002927,泰永长征,16.59,16.54,16.45,69748.0,16.63,24.0,0.05,0.3,16.68
002928,华夏航空,6.4,6.46,6.47,296364.0,6.43,278.0,-0.06,-0.93,6.48
002929,润建股份,57.01,55.3,55.35,235792.0,57.05,26.0,1.71,3.09,57.36
002930,宏川智慧,8.95,9.12,9.12,98525.0,8.98,296.0,-0.17,-1.86,9.19
002931,锋龙股份,51.23,51.4,51.71,62399.0,51.26,15.0,-0.17,-0.33,52.0
002933,新兴装备,26.66,26.67,26.67,11229.0,26.68,64.0,-0.01,-0.04,27.05
002935,天奥电子,16.88,16.55,16.65,39945.0,16.9,295.0,0.33,1.99,16.88
002936,郑州银行,1.76,1.77,1.77,792175.0,1.78,71473.0,-0.01,-0.56,1.78
002937,兴瑞科技,29.72,29.68,29.44,65650.0,29.78,5.0,0.04,0.13,30.09
002938,鹏鼎控股,95.36,95.72,96.45,253078.0,95.39,79.0,-0.36,-0.38,96.7
002939,长城证券,8.21,8.29,8.29,225181.0,8.24,1581.0,-0.08,-0.97,8.32
002940,昂利康,26.84,27.02,26.89,87806.0,26.86,15.0,-0.18,-0.67,27.44
002941,新疆交建,10.63,10.76,10.76,78408.0,10.66,113.0,-0.13,-1.21,10.76
002942,新农股份,15.27,15.34,15.33,15904.0,15.32,13.0,-0.07,-0.46,15.52
002943,宇晶股份,34.91,34.65,35.09,106157.0,34.94,32.0,0.26,0.75,35.49
002945,华林证券,14.48,14.64,14.6,86852.0,14.52,303.0,-0.16,-1.09,14.67
002946,新乳业,15.81,16.49,16.41,102154.0,15.85,86.0,-0.68,-4.12,16.53
002947,恒铭达,59.31,57.98,58.44,51551.0,59.34,4.0,1.33,2.29,59.98
002948,青岛银行,5.67,5.74,5.72,256970.0,5.7,1683.0,-0.07,-1.22,5.73
002949,华阳国际,10.51,10.45,10.47,23351.0,10.53,52.0,0.06,0.57,10.52
002950,奥美医疗,9.56,9.51,9.51,76201.0,9.58,220.0,0.05,0.53,9.67
002951,金时科技,18.14,16.49,16.53,162836.0,0.0,0.0,1.65,10.01,18.14
002952,亚世光电,20.05,19.92,19.96,21358.0,20.08,63.0,0.13,0.65,20.21
002953,日丰股份,9.55,9.63,9.59,56472.0,9.57,699.0,-0.08,-0.83,9.65
002955,鸿合科技,34.87,34.89,34.89,47212.0,34.9,80.0,-0.02,-0.06,35.65
002956,西麦食品,17.84,18.08,18.03,40170.0,17.86,5.0,-0.24,-1.33,18.13
002957,科瑞技术,41.28,39.68,40.47,201416.0,41.31,58.0,1.6,4.03,41.57
002958,青农商行,2.93,2.96,2.95,517322.0,2.96,23926.0,-0.03,-1.01,2.96
002959,小熊电器,33.48,34.16,33.46,19424.0,33.5,45.0,-0.68,-1.99,33.76
002960,青鸟智控,8.2,8.32,8.32,74530.0,8.23,266.0,-0.12,-1.44,8.4
002961,瑞达期货,18.9,19.31,19.3,43389.0,18.93,21.0,-0.41,-2.12,19.38
002962,五方光电,13.04,12.86,12.9,68593.0,13.07,104.0,0.18,1.4,13.07
002963,豪尔赛,17.83,18.1,18.18,95163.0,17.87,3.0,-0.27,-1.49,18.58
002965,祥鑫科技,33.11,31.68,32.0,141697.0,33.14,21.0,1.43,4.51,33.2
002966,苏州银行,8.47,8.44,8.44,459791.0,8.5,1691.0,0.03,0.36,8.62
002967,广电计量,17.53,17.57,17.76,31534.0,17.57,29.0,-0.04,-0.23,17.76
002968,新大正,9.06,9.05,9.05,24633.0,9.11,26.0,0.01,0.11,9.11
002969,嘉美包装,14.02,14.28,14.42,480591.0,14.05,864.0,-0.26,-1.82,14.46
002970,锐明技术,52.37,52.19,52.27,25802.0,52.4,22.0,0.18,0.34,52.6
002971,和远气体,45.15,44.66,44.66,223416.0,45.17,7.0,0.49,1.1,45.86
002972,科安达,13.61,13.54,13.6,34308.0,13.64,21.0,0.07,0.52,13.75
002973,侨银股份,11.88,12.0,12.1,58555.0,11.9,78.0,-0.12,-1.0,12.1
002975,博杰股份,99.99,96.42,97.52,86129.0,100.05,3.0,3.57,3.7,99.99
002976,瑞玛精密,23.3,22.89,23.03,38661.0,23.33,24.0,0.41,1.79,23.52
002978,安宁股份,26.04,25.96,25.86,22491.0,26.12,32.0,0.08,0.31,26.15
002979,雷赛智能,60.42,61.31,61.0,153411.0,60.44,318.0,-0.89,-1.45,61.46
002980,华盛昌,95.08,90.21,90.58,140247.0,95.1,13.0,4.87,5.4,99.23
002981,朝阳科技,23.09,22.98,22.97,14035.0,23.12,14.0,0.11,0.48,23.3
002982,湘佳股份,12.36,12.34,12.39,33801.0,12.38,100.0,0.02,0.16,12.43
002983,芯瑞达,19.86,19.58,19.7,15830.0,19.89,34.0,0.28,1.43,19.86
002984,森麒麟,13.92,14.09,14.09,72413.0,13.95,249.0,-0.17,-1.21,14.15
002985,北摩高科,26.15,25.92,25.93,33825.0,26.17,43.0,0.23,0.89,26.5
002986,宇新股份,13.28,13.09,13.1,43589.0,13.31,13.0,0.19,1.45,13.35
002987,京北方,10.98,11.21,11.21,142006.0,11.01,292.0,-0.23,-2.05,11.29
002988,豪美新材,23.3,21.18,21.14,60460.0,0.0,0.0,2.12,10.01,23.3
002989,中天精装,25.36,23.05,23.2,95947.0,0.0,0.0,2.31,10.02,25.36
002990,盛视科技,53.05,53.45,53.07,157484.0,53.09,17.0,-0.4,-0.75,53.45
002991,甘源食品,42.85,42.88,42.88,8739.0,42.93,10.0,-0.03,-0.07,43.07
002992,宝明科技,35.51,35.31,35.32,12049.0,35.55,159.0,0.2,0.57,35.93
002993,奥海科技,39.0,39.39,39.89,51005.0,39.05,110.0,-0.39,-0.99,39.95
002995,天地在线,17.84,18.13,18.07,92795.0,17.87,64.0,-0.29,-1.6,18.38
002996,顺博合金,6.23,6.23,6.25,53803.0,6.26,907.0,0.0,0.0,6.26
002997,瑞鹄模具,27.01,26.88,27.0,18316.0,27.04,41.0,0.13,0.48,27.07
002998,优彩资源,7.93,7.99,7.98,90898.0,7.96,177.0,-0.06,-0.75,8.07
002999,天禾股份,5.81,5.81,5.82,41937.0,5.85,275.0,0.0,0.0,5.87
