code,name,price,prev_close,open,volume,high,low,amount,pct_change,turnover
600000,浦发银行,9.67,9.67,9.68,102777.0,9.7,1032.0,0.0,0.0,9.72
600004,白云机场,8.38,8.26,8.4,37908.0,8.41,1321.0,0.12,1.45,8.41
600006,东风股份,5.97,5.78,5.82,40138.0,5.99,1432.0,0.19,3.29,5.99
600007,中国国贸,19.75,19.78,19.83,11305.0,19.77,5.0,-0.03,-0.15,19.85
600008,首创环保,3.17,3.16,3.16,116604.0,3.19,15218.0,0.01,0.32,3.17
600009,上海机场,24.62,24.28,24.48,26118.0,24.65,86.0,0.34,1.4,24.68
600010,包钢股份,2.43,2.39,2.42,1131230.0,2.46,119594.0,0.04,1.67,2.45
600011,华能国际,8.03,8.05,8.05,238862.0,8.05,2942.0,-0.02,-0.25,8.06
600012,皖通高速,16.49,16.46,16.58,12636.0,16.55,11.0,0.03,0.18,16.63
600015,华夏银行,7.0,6.99,6.98,124829.0,7.02,3315.0,0.01,0.14,7.01
600016,民生银行,3.63,3.63,3.63,296388.0,3.66,66799.0,0.0,0.0,3.64
600017,日照港,2.76,2.69,2.69,75567.0,2.78,5121.0,0.07,2.6,2.76
600018,上港集团,5.12,5.04,5.05,135685.0,5.14,9684.0,0.08,1.59,5.12
600019,宝钢股份,6.12,6.02,6.08,250120.0,6.14,9097.0,0.1,1.66,6.13
600020,中原高速,3.96,3.96,3.97,26533.0,3.98,1114.0,0.0,0.0,3.98
600021,上海电力,17.35,17.2,17.24,80723.0,17.37,251.0,0.15,0.87,17.39
600022,山东钢铁,1.37,1.33,1.33,255154.0,1.39,14236.0,0.04,3.01,1.37
600023,浙能电力,6.27,6.26,6.26,101100.0,6.29,971.0,0.01,0.16,6.28
600025,华能水电,9.7,9.86,9.83,87980.0,9.72,197.0,-0.16,-1.62,9.84
600026,中远海能,19.25,17.5,19.25,73603.0,0.0,0.0,1.75,10.0,19.25
600027,华电国际,5.13,5.12,5.15,130907.0,5.15,9422.0,0.01,0.2,5.15
600028,中国石化,5.02,4.94,4.95,793674.0,5.04,25503.0,0.08,1.62,5.03
600029,南方航空,5.63,5.27,5.54,904877.0,5.65,10326.0,0.36,6.83,5.66
600030,中信证券,27.2,26.29,26.45,647894.0,27.23,455.0,0.91,3.46,27.26
600031,三一重工,19.56,18.91,19.32,194238.0,19.57,260.0,0.65,3.44,19.89
600032,浙江新能,8.7,8.62,8.65,57285.0,8.73,57.0,0.08,0.93,8.74
600033,福建高速,3.61,3.56,3.59,32201.0,3.63,3725.0,0.05,1.4,3.61
600035,楚天高速,3.82,3.79,3.81,13942.0,3.84,5242.0,0.03,0.79,3.82
600036,招商银行,39.33,39.34,39.21,114285.0,39.35,150.0,-0.01,-0.03,39.37
600037,歌华有线,6.77,6.63,6.66,31815.0,6.8,689.0,0.14,2.11,6.8
600038,中直股份,28.38,28.53,28.24,26056.0,28.41,42.0,-0.15,-0.53,28.43
600039,四川路桥,8.33,8.25,8.27,33991.0,8.37,769.0,0.08,0.97,8.35
600048,保利发展,5.26,5.21,5.22,148948.0,5.28,7665.0,0.05,0.96,5.26
600050,中国联通,4.42,4.37,4.39,216983.0,4.44,23883.0,0.05,1.14,4.43
600051,宁波联合,6.43,6.31,6.34,12506.0,6.45,191.0,0.12,1.9,6.46
600052,东望时代,3.68,3.65,3.64,17417.0,3.7,1650.0,0.03,0.82,3.7
600054,黄山旅游,11.17,11.1,11.0,12141.0,11.21,159.0,0.07,0.63,11.22
600055,万东医疗,11.66,11.57,11.58,8049.0,11.68,63.0,0.09,0.78,11.7
600056,中国医药,9.27,9.15,9.15,17960.0,9.29,632.0,0.12,1.31,9.27
600057,厦门象屿,6.27,6.18,6.2,35426.0,6.29,615.0,0.09,1.46,6.27
600058,五矿发展,10.55,10.3,10.34,52772.0,10.57,245.0,0.25,2.43,10.56
600059,古越龙山,8.03,7.96,7.95,12184.0,8.05,192.0,0.07,0.88,8.05
600060,海信视像,26.78,27.73,27.2,40610.0,26.8,30.0,-0.95,-3.43,27.58
600061,国投资本,6.66,6.46,6.49,145161.0,6.68,1909.0,0.2,3.1,6.66
600062,华润双鹤,17.15,17.17,17.15,8490.0,17.19,125.0,-0.02,-0.12,17.21
600063,皖维高新,7.65,7.41,7.42,414457.0,7.69,473.0,0.24,3.24,7.75
600064,南京高科,7.61,7.49,7.5,36292.0,7.63,1777.0,0.12,1.6,7.62
600066,宇通客车,29.06,28.85,28.87,18944.0,29.08,186.0,0.21,0.73,29.09
600067,冠城新材,3.58,3.48,3.45,496378.0,3.6,5749.0,0.1,2.87,3.59
600071,凤凰光学,16.88,16.5,16.5,5060.0,16.92,45.0,0.38,2.3,16.92
600072,中船科技,10.03,9.74,9.78,44134.0,10.05,634.0,0.29,2.98,10.03
600073,光明肉业,5.1,5.03,5.03,12137.0,5.12,421.0,0.07,1.39,5.11
600075,新疆天业,4.84,4.75,4.82,42003.0,4.86,197.0,0.09,1.89,4.85
600076,康欣新材,3.5,3.47,3.51,28597.0,3.53,685.0,0.03,0.86,3.53
600078,澄星股份,12.95,12.85,12.8,96600.0,12.97,2.0,0.1,0.78,13.14
600081,东风科技,10.3,10.1,10.09,5407.0,10.33,52.0,0.2,1.98,10.31
600085,同仁堂,24.94,24.95,25.0,8281.0,24.96,3.0,-0.01,-0.04,25.0
600088,中视传媒,14.03,14.22,14.14,26754.0,14.13,9.0,-0.19,-1.34,14.2
600089,特变电工,23.63,23.03,23.48,297357.0,23.65,1105.0,0.6,2.61,23.87
600094,大名城,4.22,3.9,3.93,142334.0,4.24,304.0,0.32,8.21,4.29
600095,湘财股份,8.25,7.86,7.88,82397.0,8.28,546.0,0.39,4.96,8.28
600096,云天化,30.6,29.6,30.2,159745.0,30.62,18.0,1.0,3.38,30.95
600097,开创国际,8.83,8.67,8.68,4189.0,8.86,8.0,0.16,1.85,8.89
600098,广州发展,7.0,6.99,6.97,55066.0,7.02,1409.0,0.01,0.14,7.01
600099,林海股份,9.29,9.09,9.18,5565.0,9.32,10.0,0.2,2.2,9.4
600100,同方股份,7.23,7.11,7.12,75329.0,7.26,1099.0,0.12,1.69,7.24
600101,明星电力,9.19,9.15,9.15,35200.0,9.22,480.0,0.04,0.44,9.21
600103,青山纸业,3.62,3.5,3.51,240662.0,3.64,3984.0,0.12,3.43,3.62
600104,上汽集团,11.07,10.92,10.97,161611.0,11.1,3476.0,0.15,1.37,11.08
600105,永鼎股份,51.05,51.3,52.29,220075.0,51.11,42.0,-0.25,-0.49,52.35
600106,重庆路桥,5.06,5.0,5.03,25706.0,5.09,1225.0,0.06,1.2,5.08
600108,亚盛集团,3.67,3.59,3.57,493220.0,3.69,2055.0,0.08,2.23,3.73
600109,国金证券,8.95,8.49,8.58,243054.0,8.97,248.0,0.46,5.42,9.0
600110,诺德股份,14.23,12.94,13.6,594090.0,0.0,0.0,1.29,9.97,14.23
600111,北方稀土,50.07,49.43,50.45,259777.0,50.11,85.0,0.64,1.29,50.45
600113,浙江东日,36.04,35.85,35.8,7430.0,36.11,5.0,0.19,0.53,36.14
600114,东睦股份,40.35,38.57,39.36,79286.0,40.37,18.0,1.78,4.61,40.48
600115,中国东航,4.18,3.9,4.14,1209951.0,4.2,14047.0,0.28,7.18,4.21
600116,三峡水利,6.32,6.27,6.24,55659.0,6.34,398.0,0.05,0.8,6.32
600117,西宁特钢,2.36,2.27,2.29,58229.0,2.39,6258.0,0.09,3.96,2.39
600118,中国卫星,75.17,78.0,76.99,137890.0,75.22,3.0,-2.83,-3.63,77.2
600120,浙江东方,4.61,4.47,4.53,75629.0,4.64,1029.0,0.14,3.13,4.62
600121,郑州煤电,4.46,4.51,4.46,163346.0,4.49,1474.0,-0.05,-1.11,4.49
600123,兰花科创,6.93,6.99,6.9,76475.0,6.95,837.0,-0.06,-0.86,6.93
600125,铁龙物流,5.58,5.46,5.48,20220.0,5.61,660.0,0.12,2.2,5.59
600126,杭钢股份,7.0,6.75,6.84,98953.0,7.03,1517.0,0.25,3.7,7.02
600127,金健米业,5.89,5.84,5.82,13173.0,5.91,157.0,0.05,0.86,5.89
600128,苏豪弘业,8.9,8.74,8.75,9502.0,8.93,49.0,0.16,1.83,8.94
600129,太极集团,13.53,13.39,13.36,8571.0,13.56,11.0,0.14,1.05,13.55
600130,波导股份,4.61,4.53,4.56,31283.0,4.63,865.0,0.08,1.77,4.61
600131,国网信通,15.57,15.24,15.28,17451.0,15.59,24.0,0.33,2.17,15.6
600132,重庆啤酒,50.28,50.46,50.15,9894.0,50.34,6.0,-0.18,-0.36,50.45
600133,东湖高新,8.2,7.99,7.97,31746.0,8.22,143.0,0.21,2.63,8.2
600135,乐凯胶片,9.18,9.09,9.09,28176.0,9.22,79.0,0.09,0.99,9.26
600137,浪莎股份,19.0,18.78,18.82,1842.0,19.06,10.0,0.22,1.17,19.18
600138,中青旅,7.53,7.4,7.4,20824.0,7.56,145.0,0.13,1.76,7.54
600141,兴发集团,35.0,34.15,34.7,175701.0,35.02,29.0,0.85,2.49,35.33
600143,金发科技,16.59,16.02,16.2,97542.0,16.62,423.0,0.57,3.56,16.62
600148,长春一东,16.64,16.56,16.66,4430.0,16.68,62.0,0.08,0.48,16.75
600149,廊坊发展,5.19,5.12,5.1,16393.0,5.21,521.0,0.07,1.37,5.21
600150,中国船舶,35.68,34.89,35.35,218555.0,35.71,97.0,0.79,2.26,35.9
600151,航天机电,11.73,11.66,11.66,64051.0,11.75,45.0,0.07,0.6,11.78
600152,维科技术,11.03,10.5,10.53,67643.0,11.08,187.0,0.53,5.05,11.06
600153,建发股份,9.63,9.54,9.59,23116.0,9.65,67.0,0.09,0.94,9.68
600155,华创云信,5.62,5.38,5.43,87332.0,5.65,1199.0,0.24,4.46,5.64
600156,华升股份,9.22,9.1,9.11,15486.0,9.25,104.0,0.12,1.32,9.29
600157,永泰能源,1.72,1.7,1.7,872298.0,1.74,256773.0,0.02,1.18,1.72
600158,中体产业,8.38,8.41,8.39,109597.0,8.4,1060.0,-0.03,-0.36,8.48
600159,大龙地产,2.67,2.63,2.65,33765.0,2.7,1537.0,0.04,1.52,2.69
600160,巨化股份,42.5,42.39,45.0,317685.0,42.57,271.0,0.11,0.26,45.0
600161,天坛生物,12.91,12.87,12.66,44422.0,12.93,163.0,0.04,0.31,12.94
600162,香江控股,3.55,3.47,3.3,1340973.0,3.57,1623.0,0.08,2.31,3.61
600163,中闽能源,6.05,6.23,6.07,135025.0,6.08,111.0,-0.18,-2.89,6.14
600166,福田汽车,3.23,3.1,3.17,556858.0,3.25,4830.0,0.13,4.19,3.28
600167,联美控股,6.02,5.95,5.99,14376.0,6.04,431.0,0.07,1.18,6.03
600168,武汉控股,4.49,4.46,4.48,5880.0,4.52,744.0,0.03,0.67,4.5
600170,上海建工,2.49,2.42,2.44,414416.0,2.51,26935.0,0.07,2.89,2.49
600171,上海贝岭,26.6,26.32,26.4,18263.0,26.62,9.0,0.28,1.06,26.6
600172,黄河旋风,11.77,11.83,11.86,522646.0,11.79,183.0,-0.06,-0.51,11.95
600173,卧龙新能,6.64,6.54,6.58,10866.0,6.66,157.0,0.1,1.53,6.67
600176,中国巨石,41.88,41.61,43.0,302720.0,41.96,8.0,0.27,0.65,43.68
600177,雅戈尔,7.51,7.51,7.48,37325.0,7.53,530.0,0.0,0.0,7.55
600178,东安动力,10.07,10.04,10.03,76316.0,10.12,63.0,0.03,0.3,10.15
600179,安通控股,4.64,4.56,4.63,126661.0,4.67,5570.0,0.08,1.75,4.68
600182,S佳通,14.08,13.93,13.92,4994.0,14.1,96.0,0.15,1.08,14.21
600183,生益科技,159.01,151.28,159.11,194390.0,159.25,8.0,7.73,5.11,162.05
600184,光电股份,25.64,25.05,25.04,45391.0,25.66,4.0,0.59,2.36,25.69
600185,珠免集团,5.13,5.02,5.02,24741.0,5.15,2149.0,0.11,2.19,5.13
600186,莲花控股,11.6,11.57,11.6,666502.0,11.66,1042.0,0.03,0.26,11.9
600188,兖矿能源,21.64,22.95,22.28,232772.0,21.66,31.0,-1.31,-5.71,22.28
600189,泉阳泉,7.99,7.85,7.87,15913.0,8.02,106.0,0.14,1.78,8.02
600191,华资实业,10.95,10.96,10.94,3383.0,10.98,183.0,-0.01,-0.09,11.07
600192,长城电工,7.0,6.83,6.83,10673.0,7.02,299.0,0.17,2.49,7.03
600195,中牧股份,6.77,6.75,6.75,9489.0,6.8,278.0,0.02,0.3,6.8
600196,复星医药,22.49,22.36,22.35,26703.0,22.51,17.0,0.13,0.58,22.56
600197,伊力特,10.69,10.53,10.53,11443.0,10.72,72.0,0.16,1.52,10.72
600198,大唐电信,9.12,9.19,9.11,97083.0,9.15,131.0,-0.07,-0.76,9.25
600199,金种子酒,6.88,6.8,6.8,15208.0,6.91,22.0,0.08,1.18,6.89
600201,生物股份,12.37,12.28,12.45,30750.0,12.39,8.0,0.09,0.73,12.46
600202,哈空调,5.2,5.08,5.11,11890.0,5.23,183.0,0.12,2.36,5.24
600203,福日电子,11.64,11.12,11.21,65011.0,11.68,307.0,0.52,4.68,11.65
600206,有研新材,33.29,32.99,33.18,250468.0,33.32,20.0,0.3,0.91,33.94
600207,安彩高科,6.18,6.06,6.09,49486.0,6.21,397.0,0.12,1.98,6.21
600208,衢州发展,3.04,2.97,2.95,518853.0,3.06,9455.0,0.07,2.36,3.07
600210,紫江企业,6.67,6.6,6.61,33180.0,6.69,1112.0,0.07,1.06,6.68
600211,西藏药业,36.59,36.59,36.41,5008.0,36.64,25.0,0.0,0.0,36.69
600212,绿能慧充,5.96,5.89,6.06,10921.0,5.98,1818.0,0.07,1.19,6.06
600215,派斯林,6.4,6.24,6.25,27464.0,6.43,142.0,0.16,2.56,6.44
600216,浙江医药,12.15,12.01,12.01,21384.0,12.18,211.0,0.14,1.17,12.16
600217,中再资环,3.2,3.15,3.18,23806.0,3.23,896.0,0.05,1.59,3.21
600218,全柴动力,8.28,8.03,8.08,11488.0,8.31,72.0,0.25,3.11,8.3
600219,南山铝业,4.83,4.73,4.79,508988.0,4.86,4802.0,0.1,2.11,4.89
600221,海航控股,1.57,1.53,1.59,1334238.0,1.59,281619.0,0.04,2.61,1.6
600222,太龙药业,7.9,7.9,7.97,16686.0,7.93,32.0,0.0,0.0,7.97
600223,福瑞达,5.75,5.69,5.7,13654.0,5.78,369.0,0.06,1.05,5.8
600226,亨通股份,7.68,7.5,7.5,383090.0,7.73,469.0,0.18,2.4,7.77
600227,赤天化,2.87,2.87,2.82,165331.0,2.9,7123.0,0.0,0.0,2.88
600228,返利科技,7.93,7.48,7.34,98891.0,7.97,228.0,0.45,6.02,7.95
600229,城市传媒,5.8,6.19,5.83,105966.0,5.83,501.0,-0.39,-6.3,5.92
600230,沧州大化,15.3,14.63,14.8,34883.0,15.33,86.0,0.67,4.58,15.4
600231,凌钢股份,1.93,1.89,1.9,14418.0,1.96,2152.0,0.04,2.12,1.94
600232,金鹰股份,7.14,7.11,7.11,14593.0,7.17,43.0,0.03,0.42,7.22
600233,圆通速递,17.32,17.17,17.2,19181.0,17.34,20.0,0.15,0.87,17.5
600234,科新发展,24.74,24.39,24.88,3320.0,24.81,6.0,0.35,1.44,25.12
600235,民丰特纸,5.77,5.65,5.68,12336.0,5.8,83.0,0.12,2.12,5.82
600236,桂冠电力,9.95,9.9,9.87,22068.0,9.97,340.0,0.05,0.51,9.98
600237,铜峰电子,10.68,9.71,9.88,422884.0,0.0,0.0,0.97,9.99,10.68
600241,时代万恒,7.48,7.34,7.35,6845.0,7.52,56.0,0.14,1.91,7.52
600246,万通发展,16.01,16.07,16.05,253843.0,16.06,293.0,-0.06,-0.37,16.26
600248,陕建股份,3.07,3.02,3.02,28834.0,3.09,1295.0,0.05,1.66,3.07
600249,两面针,5.21,5.14,5.16,8510.0,5.23,1171.0,0.07,1.36,5.24
600250,南京商旅,9.04,8.82,8.85,10268.0,9.07,124.0,0.22,2.49,9.05
600251,冠农股份,10.01,9.86,9.95,16236.0,10.04,213.0,0.15,1.52,10.03
600252,中恒集团,2.16,2.16,2.13,108574.0,2.18,5276.0,0.0,0.0,2.16
600255,鑫科材料,4.32,4.15,4.26,641158.0,4.34,1241.0,0.17,4.1,4.45
600256,广汇能源,6.19,6.6,6.39,555057.0,6.21,329.0,-0.41,-6.21,6.39
600257,大湖股份,5.17,5.07,5.19,18524.0,5.19,260.0,0.1,1.97,5.21
600258,首旅酒店,13.03,12.75,12.8,33879.0,13.06,478.0,0.28,2.2,13.05
600259,中稀有色,96.8,93.94,95.5,37157.0,96.83,3.0,2.86,3.04,96.8
600261,阳光照明,3.26,3.19,3.2,14363.0,3.28,940.0,0.07,2.19,3.26
600262,北方股份,21.96,21.43,21.7,5958.0,21.98,33.0,0.53,2.47,22.06
600266,城建发展,4.55,4.43,4.44,70410.0,4.57,2505.0,0.12,2.71,4.56
600267,海正药业,10.03,10.0,9.97,24728.0,10.05,255.0,0.03,0.3,10.09
600268,国电南自,12.72,12.36,12.4,38875.0,12.75,724.0,0.36,2.91,12.74
600269,赣粤高速,4.25,4.2,4.2,52250.0,4.28,1720.0,0.05,1.19,4.27
600271,航天信息,7.12,7.08,7.08,18047.0,7.14,123.0,0.04,0.56,7.13
600272,开开实业,11.24,11.11,11.2,3007.0,11.27,3.0,0.13,1.17,11.29
600273,嘉化能源,7.15,6.97,7.02,34743.0,7.18,747.0,0.18,2.58,7.16
600276,恒瑞医药,48.59,48.49,48.44,107474.0,48.59,26.0,0.1,0.21,48.8
600278,东方创业,6.4,6.25,6.29,9664.0,6.42,311.0,0.15,2.4,6.4
600279,重庆港,4.53,4.44,4.42,79845.0,4.56,1986.0,0.09,2.03,4.58
600280,中央商场,3.05,2.93,2.92,263765.0,3.08,2473.0,0.12,4.1,3.1
600281,华阳新材,5.04,4.9,4.94,17315.0,5.06,272.0,0.14,2.86,5.08
600282,南钢股份,5.02,4.84,5.14,175870.0,5.04,1199.0,0.18,3.72,5.17
600283,钱江水利,8.42,8.34,8.39,6333.0,8.44,210.0,0.08,0.96,8.44
600284,浦东建设,5.44,5.3,5.39,16199.0,5.47,984.0,0.14,2.64,5.47
600285,羚锐制药,20.9,20.83,20.76,9132.0,20.92,159.0,0.07,0.34,20.99
600287,苏豪时尚,4.99,4.9,4.95,7351.0,5.01,104.0,0.09,1.84,5.02
600288,大恒科技,12.48,12.25,12.25,8154.0,12.5,115.0,0.23,1.88,12.5
600292,电投水电,14.74,14.51,14.71,78876.0,14.76,26.0,0.23,1.59,14.86
600293,三峡新材,3.64,3.41,3.42,386471.0,3.67,1819.0,0.23,6.74,3.65
600295,鄂尔多斯,13.97,13.7,13.66,13960.0,13.99,757.0,0.27,1.97,13.98
600298,安琪酵母,36.67,36.7,36.9,12549.0,36.7,6.0,-0.03,-0.08,36.9
600299,安迪苏,10.28,10.16,10.12,25758.0,10.3,266.0,0.12,1.18,10.36
600300,维维股份,3.11,3.07,3.07,33151.0,3.14,2406.0,0.04,1.3,3.13
600301,华锡有色,66.76,63.0,65.09,77625.0,66.86,18.0,3.76,5.97,67.87
600303,曙光股份,3.22,3.04,3.07,137253.0,3.26,958.0,0.18,5.92,3.25
600305,恒顺醋业,6.91,6.88,6.89,10014.0,6.93,1987.0,0.03,0.44,6.93
600307,酒钢宏兴,1.62,1.57,1.58,131019.0,1.64,13837.0,0.05,3.18,1.62
600308,华泰股份,3.45,3.36,3.36,24154.0,3.47,1487.0,0.09,2.68,3.47
600309,万华化学,75.48,71.67,73.52,176763.0,75.51,1.0,3.81,5.32,76.0
600310,广西能源,4.88,4.63,4.74,309050.0,4.9,1447.0,0.25,5.4,4.94
600312,平高电气,19.12,18.49,18.87,66958.0,19.14,437.0,0.63,3.41,19.14
600313,农发种业,5.94,5.9,5.91,30000.0,5.96,651.0,0.04,0.68,5.95
600315,上海家化,18.7,18.69,18.6,10953.0,18.75,53.0,0.01,0.05,18.79
600316,洪都航空,27.8,27.67,27.17,24432.0,27.84,3.0,0.13,0.47,27.8
600318,XD新力金,6.65,6.35,6.4,36710.0,6.67,524.0,0.3,4.72,6.67
600319,亚星化学,7.22,7.07,7.07,5512.0,7.24,56.0,0.15,2.12,7.29
600320,振华重工,4.54,4.4,4.43,123029.0,4.57,730.0,0.14,3.18,4.65
600322,津投城开,2.68,2.68,2.68,115350.0,2.71,4017.0,0.0,0.0,2.72
600323,瀚蓝环境,30.72,30.48,30.55,7022.0,30.74,10.0,0.24,0.79,30.85
600325,华发股份,2.67,2.63,2.63,69073.0,2.69,7865.0,0.04,1.52,2.68
600326,西藏天路,7.29,7.17,7.18,43296.0,7.32,681.0,0.12,1.67,7.33
600327,大东方,3.55,3.5,3.52,14273.0,3.58,1037.0,0.05,1.43,3.57
600328,中盐化工,6.92,6.77,6.8,42191.0,6.94,999.0,0.15,2.22,6.94
600329,达仁堂,38.75,38.3,38.3,5983.0,38.78,30.0,0.45,1.17,38.83
600330,天通股份,29.58,28.25,29.15,193843.0,29.6,24.0,1.33,4.71,29.75
600331,宏达股份,13.59,13.18,13.67,147848.0,13.64,86.0,0.41,3.11,13.84
600332,白云山,21.79,21.69,21.69,16583.0,21.81,65.0,0.1,0.46,21.79
600333,长春燃气,5.5,5.48,5.46,16585.0,5.52,808.0,0.02,0.36,5.53
600335,国机汽车,5.46,5.29,5.35,24536.0,5.49,700.0,0.17,3.21,5.49
600336,澳柯玛,7.53,7.14,7.16,39796.0,7.56,188.0,0.39,5.46,7.66
600338,西藏珠峰,18.39,17.87,18.0,209510.0,18.42,255.0,0.52,2.91,18.48
600339,中油工程,3.39,3.31,3.33,165930.0,3.41,2128.0,0.08,2.42,3.4
600343,航天动力,24.69,25.08,24.7,88330.0,24.72,39.0,-0.39,-1.56,24.83
600345,长江通信,56.92,57.47,57.47,41018.0,56.96,22.0,-0.55,-0.96,57.95
600346,恒力石化,18.64,17.46,18.0,285936.0,18.66,67.0,1.18,6.76,19.15
600348,华阳股份,9.0,9.06,9.0,64617.0,9.02,159.0,-0.06,-0.66,9.05
600350,山东高速,10.89,11.2,10.87,30056.0,10.91,8.0,-0.31,-2.77,11.11
600351,XD亚宝药,6.19,6.14,6.17,14870.0,6.21,879.0,0.05,0.81,6.22
600352,浙江龙盛,12.1,11.46,11.54,402635.0,12.13,8.0,0.64,5.58,12.4
600353,旭光电子,31.56,28.69,30.0,208083.0,0.0,0.0,2.87,10.0,31.56
600354,敦煌种业,5.42,5.39,5.39,16474.0,5.45,833.0,0.03,0.56,5.44
600356,恒丰纸业,8.72,8.54,8.61,9560.0,8.75,142.0,0.18,2.11,8.73
600358,国旅联合,5.78,5.81,5.81,6543.0,5.81,51.0,-0.03,-0.52,5.83
600359,新农开发,6.48,6.44,6.49,14670.0,6.51,698.0,0.04,0.62,6.58
600360,华微电子,11.07,10.73,10.94,108497.0,11.09,553.0,0.34,3.17,11.08
600361,创新新材,4.28,4.13,4.13,199756.0,4.3,4804.0,0.15,3.63,4.28
600362,江西铜业,46.13,43.05,44.3,256390.0,46.17,3.0,3.08,7.15,46.28
600363,联创光电,33.76,32.98,32.99,26847.0,33.78,58.0,0.78,2.37,33.79
600366,宁波韵升,13.31,13.28,13.2,105006.0,13.33,196.0,0.03,0.23,13.34
600367,红星发展,53.51,53.03,53.24,128793.0,53.53,340.0,0.48,0.91,53.88
600368,五洲交通,3.78,3.78,3.73,34902.0,3.81,1239.0,0.0,0.0,3.79
600369,西南证券,4.15,3.99,4.01,165969.0,4.18,2095.0,0.16,4.01,4.16
600371,万向德农,7.23,7.14,7.14,7017.0,7.25,54.0,0.09,1.26,7.3
600372,中航机载,11.17,11.14,11.01,72645.0,11.19,387.0,0.03,0.27,11.19
600373,中文传媒,7.68,7.69,7.65,11543.0,7.72,361.0,-0.01,-0.13,7.75
600375,汉马科技,4.33,3.94,4.24,103259.0,0.0,0.0,0.39,9.9,4.33
600376,首开股份,3.5,3.4,3.43,135610.0,3.53,1723.0,0.1,2.94,3.53
600377,宁沪高速,12.21,12.54,12.38,41130.0,12.23,140.0,-0.33,-2.63,12.4
600378,昊华科技,54.01,57.15,57.1,298015.0,54.03,5.0,-3.14,-5.49,57.85
600379,宝光股份,12.15,11.88,11.95,19443.0,12.18,280.0,0.27,2.27,12.19
600380,健康元,10.08,10.04,10.03,23540.0,10.1,158.0,0.04,0.4,10.11
600382,广东明珠,8.16,8.15,8.15,25523.0,8.2,858.0,0.01,0.12,8.19
600383,金地集团,2.55,2.51,2.52,75423.0,2.58,5490.0,0.04,1.59,2.56
600386,北巴传媒,3.56,3.5,3.55,15414.0,3.58,223.0,0.06,1.71,3.59
600388,龙净环保,17.65,17.27,17.62,24886.0,17.67,60.0,0.38,2.2,17.69
600389,江山股份,23.68,23.14,23.35,18607.0,23.72,2.0,0.54,2.33,24.2
600390,五矿资本,4.87,4.65,4.68,107138.0,4.9,1603.0,0.22,4.73,4.88
600391,航发科技,35.82,35.01,34.16,64799.0,35.9,40.0,0.81,2.31,36.09
600392,盛和资源,26.01,25.8,26.0,306904.0,26.06,237.0,0.21,0.81,26.2
600395,盘江股份,5.43,5.56,5.49,73326.0,5.45,484.0,-0.13,-2.34,5.49
600396,华电辽能,17.18,17.5,16.99,341631.0,17.21,60.0,-0.32,-1.83,17.2
600397,江钨装备,15.16,14.72,15.45,223255.0,15.19,258.0,0.44,2.99,15.59
600398,海澜之家,6.0,5.96,5.98,40475.0,6.02,632.0,0.04,0.67,6.02
600399,抚顺特钢,4.48,4.32,4.39,155837.0,4.51,1324.0,0.16,3.7,4.49
600400,红豆股份,2.65,2.61,2.61,44979.0,2.68,4579.0,0.04,1.53,2.69
600403,大有能源,6.53,7.25,6.6,199423.0,6.55,1698.0,-0.72,-9.93,6.73
600405,动力源,4.32,4.26,4.26,10837.0,4.35,410.0,0.06,1.41,4.33
600406,国电南瑞,23.69,23.24,23.49,136125.0,23.71,157.0,0.45,1.94,23.8
600408,安泰集团,2.91,2.88,2.83,119598.0,2.93,1561.0,0.03,1.04,2.91
600409,三友化工,6.51,6.17,6.18,125909.0,6.54,1328.0,0.34,5.51,6.6
600410,华胜天成,17.76,17.45,17.66,58236.0,17.8,942.0,0.31,1.78,17.8
600415,小商品城,11.34,11.3,11.42,120632.0,11.38,796.0,0.04,0.35,11.45
600416,湘电股份,10.03,9.76,9.92,45861.0,10.05,395.0,0.27,2.77,10.05
600418,江淮汽车,33.44,31.51,32.0,145947.0,33.48,20.0,1.93,6.13,33.5
600419,天润乳业,8.1,8.03,8.02,4954.0,8.12,57.0,0.07,0.87,8.12
600420,国药现代,8.72,8.71,8.71,12355.0,8.74,646.0,0.01,0.11,8.75
600422,昆药集团,8.64,8.55,8.53,8871.0,8.66,84.0,0.09,1.05,8.67
600425,青松建化,3.58,3.54,3.59,14728.0,3.6,1856.0,0.04,1.13,3.59
600426,华鲁恒升,29.27,28.33,28.98,108634.0,29.28,125.0,0.94,3.32,29.93
600428,中远海特,8.2,7.99,8.18,164311.0,8.23,185.0,0.21,2.63,8.43
600429,三元股份,4.49,4.4,4.43,22419.0,4.51,924.0,0.09,2.05,4.51
600433,冠豪高新,3.55,3.53,3.58,60245.0,3.58,2117.0,0.02,0.57,3.58
600435,北方导航,12.39,12.3,12.15,48949.0,12.41,16.0,0.09,0.73,12.39
600436,片仔癀,120.01,119.56,119.56,5102.0,120.1,2.0,0.45,0.38,120.28
600438,通威股份,13.62,13.7,13.58,131705.0,13.65,615.0,-0.08,-0.58,13.66
600439,瑞贝卡,2.33,2.27,2.27,101855.0,2.35,3829.0,0.06,2.64,2.34
600444,国机通用,14.51,14.21,14.28,3058.0,14.54,10.0,0.3,2.11,14.57
600446,金证股份,12.08,11.53,11.6,46359.0,12.11,48.0,0.55,4.77,12.17
600448,华纺股份,2.98,2.9,2.92,50284.0,3.01,1167.0,0.08,2.76,2.99
600449,宁夏建材,12.94,12.9,12.9,8468.0,12.97,139.0,0.04,0.31,13.06
600452,涪陵电力,10.78,10.55,10.55,47910.0,10.8,445.0,0.23,2.18,10.81
600455,博通股份,24.55,24.39,24.63,4297.0,24.62,2.0,0.16,0.66,24.77
600456,宝钛股份,30.2,29.8,30.1,23301.0,30.23,17.0,0.4,1.34,30.2
600458,时代新材,16.09,15.67,15.95,122968.0,16.11,562.0,0.42,2.68,16.2
600459,贵研铂业,25.45,24.99,25.3,140981.0,25.48,40.0,0.46,1.84,25.45
600460,士兰微,33.69,32.15,32.91,187946.0,33.72,31.0,1.54,4.79,33.7
600461,洪城环境,9.47,9.48,9.5,15575.0,9.49,207.0,-0.01,-0.11,9.51
600463,空港股份,9.22,9.0,9.11,5117.0,9.24,74.0,0.22,2.44,9.29
600467,好当家,2.21,2.19,2.19,26387.0,2.24,7224.0,0.02,0.91,2.22
600468,百利电气,5.86,5.74,5.76,27365.0,5.88,1379.0,0.12,2.09,5.87
600469,风神股份,5.76,5.68,5.72,10984.0,5.79,1042.0,0.08,1.41,5.79
600470,六国化工,5.91,5.99,5.78,150956.0,5.93,921.0,-0.08,-1.34,5.96
600475,华光环能,14.95,14.63,14.62,13415.0,14.97,34.0,0.32,2.19,14.96
600477,杭萧钢构,2.64,2.59,2.61,46230.0,2.66,3364.0,0.05,1.93,2.65
600478,科力远,5.74,5.57,5.65,67355.0,5.76,716.0,0.17,3.05,5.74
600479,千金药业,9.9,9.85,9.85,10541.0,9.93,133.0,0.05,0.51,9.92
600480,凌云股份,9.89,9.65,9.62,29603.0,9.91,175.0,0.24,2.49,9.9
600481,双良节能,5.0,5.04,5.02,219828.0,5.02,733.0,-0.04,-0.79,5.02
600482,中国动力,31.95,31.22,31.42,54083.0,32.0,976.0,0.73,2.34,31.98
600483,福能股份,11.45,11.61,11.52,41708.0,11.47,309.0,-0.16,-1.38,11.7
600486,扬农化工,58.13,55.96,56.5,15214.0,58.16,12.0,2.17,3.88,58.87
600487,亨通光电,94.28,97.0,98.94,400057.0,94.36,62.0,-2.72,-2.8,99.6
600488,津药药业,4.77,4.76,4.7,136614.0,4.79,1161.0,0.01,0.21,4.78
600489,中金黄金,22.68,21.51,22.39,267241.0,22.7,50.0,1.17,5.44,22.94
600490,鹏欣资源,7.49,7.1,7.3,174255.0,7.52,205.0,0.39,5.49,7.52
600493,凤竹纺织,6.23,6.02,6.05,10021.0,6.26,224.0,0.21,3.49,6.33
600495,晋西车轴,3.84,3.8,3.79,10312.0,3.87,1215.0,0.04,1.05,3.87
600496,XD精工钢,3.69,3.62,3.68,54100.0,3.71,3011.0,0.07,1.93,3.7
600497,驰宏锌锗,9.87,9.28,9.74,1094728.0,9.89,3142.0,0.59,6.36,9.95
600498,烽火通信,64.0,63.13,64.38,288053.0,64.09,22.0,0.87,1.38,65.77
600499,科达制造,15.96,15.66,16.02,63366.0,15.98,45.0,0.3,1.92,16.2
600500,中化国际,7.95,7.93,7.85,1414046.0,7.97,2972.0,0.02,0.25,7.98
600501,航天晨光,17.78,17.71,17.71,9634.0,17.8,17.0,0.07,0.4,17.97
600502,安徽建工,4.79,4.68,4.7,74778.0,4.81,50.0,0.11,2.35,4.79
600503,华丽家族,2.49,2.46,2.46,51598.0,2.52,2491.0,0.03,1.22,2.5
600505,西昌电力,14.34,14.65,14.3,45122.0,14.38,206.0,-0.31,-2.12,14.48
600506,统一股份,16.67,16.34,16.44,10946.0,16.7,154.0,0.33,2.02,16.68
600507,方大特钢,4.4,4.29,4.33,51938.0,4.42,2055.0,0.11,2.56,4.42
600508,上海能源,13.14,13.14,13.0,16610.0,13.17,45.0,0.0,0.0,13.17
600509,天富能源,8.18,8.13,8.13,47954.0,8.2,1768.0,0.05,0.62,8.21
600510,黑牡丹,7.8,7.68,7.73,14325.0,7.84,19.0,0.12,1.56,7.85
600511,国药股份,27.8,27.85,27.76,7558.0,27.83,25.0,-0.05,-0.18,27.98
600512,腾达建设,2.12,2.08,2.08,37130.0,2.14,5954.0,0.04,1.92,2.12
600513,联环药业,16.09,15.9,15.82,7922.0,16.11,22.0,0.19,1.19,16.1
600515,海南机场,3.05,2.98,3.02,295561.0,3.07,12201.0,0.07,2.35,3.06
600516,方大炭素,5.89,5.7,5.76,361355.0,5.91,4848.0,0.19,3.33,5.91
600517,国网英大,5.06,4.89,4.92,87386.0,5.08,879.0,0.17,3.48,5.06
600518,康美药业,1.43,1.4,1.41,441311.0,1.46,58466.0,0.03,2.14,1.44
600519,贵州茅台,1280.8,1291.91,1292.7,9012.0,1282.16,3.0,-11.11,-0.86,1292.7
600520,三佳科技,27.36,26.89,27.01,22563.0,27.39,20.0,0.47,1.75,27.58
600521,华海药业,14.68,14.45,14.45,31532.0,14.71,146.0,0.23,1.59,14.75
600522,中天科技,47.87,48.6,49.97,540763.0,47.9,145.0,-0.73,-1.5,50.0
600523,贵航股份,11.65,11.34,11.25,10852.0,11.66,54.0,0.31,2.73,11.76
600526,菲达环保,4.57,4.49,4.49,12997.0,4.59,1791.0,0.08,1.78,4.58
600527,江南高纤,2.41,2.32,2.33,144218.0,2.43,5265.0,0.09,3.88,2.43
600528,中铁工业,7.29,7.12,7.16,36625.0,7.31,444.0,0.17,2.39,7.29
600529,山东药玻,18.51,18.16,18.16,17218.0,18.54,89.0,0.35,1.93,18.52
600530,交大昂立,6.32,6.13,6.25,59679.0,6.34,546.0,0.19,3.1,6.4
600531,豫光金铅,13.45,13.09,13.2,359684.0,13.49,479.0,0.36,2.75,13.6
600533,栖霞建设,2.24,2.19,2.18,43528.0,2.27,1316.0,0.05,2.28,2.26
600535,天士力,14.45,14.41,14.41,20543.0,14.47,122.0,0.04,0.28,14.5
600536,中国软件,29.67,29.82,28.93,193152.0,29.69,69.0,-0.15,-0.5,29.74
600538,国发股份,5.83,5.8,5.95,9666.0,5.86,579.0,0.03,0.52,5.96
600539,狮头股份,16.95,16.34,16.89,60634.0,16.98,10.0,0.61,3.73,17.18
600540,新赛股份,4.5,4.46,4.43,39670.0,4.53,804.0,0.04,0.9,4.56
600545,卓郎智能,5.98,5.44,5.56,480974.0,0.0,0.0,0.54,9.93,5.98
600546,山煤国际,13.13,13.27,13.07,54164.0,13.14,128.0,-0.14,-1.06,13.3
600547,山东黄金,28.9,27.79,28.82,198155.0,28.94,43.0,1.11,3.99,29.32
600548,深高速,8.7,8.65,8.66,5897.0,8.72,324.0,0.05,0.58,8.71
600549,厦门钨业,66.49,64.8,66.1,262323.0,66.51,29.0,1.69,2.61,67.8
600550,保变电气,12.59,12.13,12.25,92813.0,12.62,239.0,0.46,3.79,12.68
600551,时代出版,7.45,7.42,7.41,3384.0,7.47,295.0,0.03,0.4,7.47
600552,XD凯盛科,19.93,18.95,19.26,220402.0,19.94,78.0,0.98,5.17,19.93
600556,天下秀,4.99,4.89,4.89,86733.0,5.01,926.0,0.1,2.04,4.99
600557,康缘药业,12.26,12.12,12.12,6526.0,12.28,17.0,0.14,1.16,12.27
600558,大西洋,5.46,5.42,5.45,21100.0,5.49,774.0,0.04,0.74,5.49
600559,老白干酒,12.55,12.35,12.35,22895.0,12.57,372.0,0.2,1.62,12.57
600560,金自天正,12.2,12.0,12.07,4914.0,12.23,27.0,0.2,1.67,12.32
600561,江西长运,5.72,5.58,5.66,8128.0,5.74,150.0,0.14,2.51,5.77
600562,国睿科技,21.74,21.54,21.54,14516.0,21.76,22.0,0.2,0.93,21.84
600563,法拉电子,151.61,143.0,145.0,19459.0,151.71,1.0,8.61,6.02,151.61
600566,济川药业,27.14,27.11,27.0,11398.0,27.17,7.0,0.03,0.11,27.14
600567,山鹰国际,1.43,1.44,1.42,1164777.0,1.46,41894.0,-0.01,-0.69,1.45
600569,安阳钢铁,1.9,1.87,1.87,28394.0,1.93,4797.0,0.03,1.6,1.92
600570,恒生电子,22.81,21.71,22.09,92743.0,22.85,75.0,1.1,5.07,22.85
600571,信雅达,10.75,10.46,10.53,13365.0,10.78,62.0,0.29,2.77,10.82
600572,康恩贝,4.17,4.13,4.13,51762.0,4.2,8286.0,0.04,0.97,4.18
600573,惠泉啤酒,12.79,13.59,13.35,75065.0,12.81,21.0,-0.8,-5.89,13.36
600575,淮河能源,3.96,3.99,4.0,162039.0,3.99,1081.0,-0.03,-0.75,4.02
600576,祥源文旅,6.27,6.18,6.18,110494.0,6.3,1437.0,0.09,1.46,6.31
600577,精达股份,11.64,11.55,11.5,101796.0,11.67,540.0,0.09,0.78,11.69
600578,京能电力,7.57,7.49,7.45,286153.0,7.59,1526.0,0.08,1.07,7.59
600579,中化装备,6.79,6.61,6.61,33238.0,6.82,316.0,0.18,2.72,6.84
600580,卧龙电驱,34.6,34.09,34.69,55258.0,34.63,44.0,0.51,1.5,34.77
600582,天地科技,5.34,5.29,5.28,38710.0,5.36,1803.0,0.05,0.95,5.34
600583,海油工程,5.58,5.5,5.49,77534.0,5.6,3198.0,0.08,1.45,5.59
600584,长电科技,70.03,68.92,70.3,296760.0,70.05,106.0,1.11,1.61,70.6
600585,海螺水泥,18.96,18.71,18.8,40456.0,18.99,821.0,0.25,1.34,18.98
600586,金晶科技,4.66,4.57,4.59,46369.0,4.68,1096.0,0.09,1.97,4.67
600587,新华医疗,12.87,12.74,12.78,8256.0,12.89,275.0,0.13,1.02,12.87
600588,用友网络,10.23,10.0,10.1,67523.0,10.26,369.0,0.23,2.3,10.24
600589,大位科技,9.94,9.35,9.53,194866.0,9.97,412.0,0.59,6.31,9.95
600590,泰豪科技,12.03,11.8,12.0,34565.0,12.06,121.0,0.23,1.95,12.1
600592,龙溪股份,15.71,15.56,15.6,22226.0,15.72,128.0,0.15,0.96,15.75
600593,大连圣亚,40.74,41.4,40.64,20711.0,40.94,11.0,-0.66,-1.59,41.2
600594,益佰制药,3.35,3.29,3.32,21806.0,3.38,1374.0,0.06,1.82,3.37
600595,中孚实业,6.91,6.9,6.92,178049.0,6.94,694.0,0.01,0.14,7.1
600596,新安股份,14.52,14.36,14.7,155112.0,14.55,268.0,0.16,1.11,14.86
600597,光明乳业,6.85,6.79,6.77,12849.0,6.88,473.0,0.06,0.88,6.86
600598,北大荒,14.31,14.3,14.27,28745.0,14.34,356.0,0.01,0.07,14.35
600600,青岛啤酒,60.14,60.56,60.3,11523.0,60.16,31.0,-0.42,-0.69,60.31
600601,方正科技,13.05,12.89,12.9,620315.0,13.09,746.0,0.16,1.24,13.09
600602,云赛智联,17.57,17.1,17.28,31719.0,17.59,261.0,0.47,2.75,17.58
600603,广汇物流,4.69,4.64,4.7,17262.0,4.71,569.0,0.05,1.08,4.73
600604,市北高新,4.29,4.22,4.22,12233.0,4.31,240.0,0.07,1.66,4.29
600605,汇通能源,30.75,30.15,30.27,4813.0,30.83,2.0,0.6,1.99,30.99
600606,绿地控股,1.41,1.38,1.39,134701.0,1.43,36257.0,0.03,2.17,1.41
600609,金杯汽车,3.58,3.44,3.44,56101.0,3.6,2724.0,0.14,4.07,3.6
600610,中毅达,8.07,8.14,8.0,28499.0,8.1,505.0,-0.07,-0.86,8.14
600611,大众交通,4.29,4.18,4.21,94070.0,4.31,1230.0,0.11,2.63,4.3
600612,老凤祥,35.69,35.38,35.57,3803.0,35.74,5.0,0.31,0.88,35.89
600613,神奇制药,5.03,4.95,4.98,8032.0,5.06,246.0,0.08,1.62,5.05
600615,鑫源智造,9.59,9.35,9.53,4741.0,9.62,4.0,0.24,2.57,9.68
600616,金枫酒业,4.35,4.26,4.26,12406.0,4.38,462.0,0.09,2.11,4.36
600617,国新能源,3.15,3.13,3.12,31324.0,3.18,2180.0,0.02,0.64,3.16
600618,氯碱化工,10.84,10.61,10.64,36945.0,10.86,75.0,0.23,2.17,10.84
600619,海立股份,14.9,14.9,14.94,41941.0,14.93,244.0,0.0,0.0,14.97
600620,天宸股份,4.58,4.53,4.52,9851.0,4.61,98.0,0.05,1.1,4.61
600621,华鑫股份,12.89,12.41,12.46,32004.0,12.91,110.0,0.48,3.87,12.95
600622,光大嘉宝,2.34,2.3,2.3,41060.0,2.37,3539.0,0.04,1.74,2.36
600623,华谊集团,8.71,8.66,8.6,24679.0,8.74,533.0,0.05,0.58,8.75
600626,申达股份,3.57,3.47,3.47,32452.0,3.59,765.0,0.1,2.88,3.61
600628,新世界,6.22,6.16,6.18,9990.0,6.24,274.0,0.06,0.97,6.23
600629,华建集团,16.1,15.91,15.89,23348.0,16.13,100.0,0.19,1.19,16.12
600630,龙头股份,8.65,8.88,8.88,59270.0,8.68,233.0,-0.23,-2.59,8.88
600633,浙数文化,11.02,10.75,10.82,34914.0,11.05,267.0,0.27,2.51,11.03
600635,大众公用,4.85,4.78,4.8,56307.0,4.87,1418.0,0.07,1.46,4.85
600637,东方明珠,8.67,8.6,8.63,81886.0,8.69,940.0,0.07,0.81,8.69
600638,新黄浦,5.38,5.26,5.26,20107.0,5.4,375.0,0.12,2.28,5.4
600639,浦东金桥,9.85,9.81,9.82,4633.0,9.88,959.0,0.04,0.41,9.88
600640,国脉文化,10.85,10.6,10.67,10148.0,10.89,393.0,0.25,2.36,10.89
600641,先导基电,29.13,28.48,28.55,113546.0,29.15,76.0,0.65,2.28,29.17
600642,申能股份,9.63,9.63,9.64,39392.0,9.66,202.0,0.0,0.0,9.65
600643,爱建集团,4.18,4.05,4.05,35607.0,4.2,1121.0,0.13,3.21,4.2
600644,乐山电力,9.99,9.9,9.86,14034.0,10.01,96.0,0.09,0.91,9.99
600645,中源协和,18.82,18.72,18.61,15128.0,18.85,75.0,0.1,0.53,18.88
600648,外高桥,9.02,8.88,8.88,6284.0,9.05,56.0,0.14,1.58,9.02
600649,城投控股,3.74,3.69,3.7,22647.0,3.77,1953.0,0.05,1.36,3.75
600650,锦江在线,10.54,10.28,10.29,6560.0,10.57,51.0,0.26,2.53,10.62
600651,飞乐音响,6.24,6.16,6.19,37423.0,6.26,625.0,0.08,1.3,6.31
600653,申华控股,1.67,1.66,1.65,13891.0,1.7,8994.0,0.01,0.6,1.68
600654,中安科,2.99,2.87,2.89,117973.0,3.02,1275.0,0.12,4.18,3.0
600655,豫园股份,4.51,4.42,4.43,30689.0,4.53,1335.0,0.09,2.04,4.51
600657,信达地产,2.8,2.75,2.75,52699.0,2.82,1673.0,0.05,1.82,2.8
600658,电子城,4.42,4.35,4.34,18000.0,4.44,1030.0,0.07,1.61,4.43
600660,福耀玻璃,52.74,52.35,52.6,11534.0,52.76,84.0,0.39,0.74,52.88
600661,昂立教育,8.12,7.97,7.99,5572.0,8.15,157.0,0.15,1.88,8.16
600662,外服控股,4.36,4.28,4.28,17887.0,4.39,816.0,0.08,1.87,4.37
600663,陆家嘴,6.77,6.65,6.7,19680.0,6.79,63.0,0.12,1.8,6.83
600664,哈药股份,3.2,3.16,3.17,49997.0,3.22,3856.0,0.04,1.27,3.2
600665,天地源,3.86,3.99,3.85,123587.0,3.89,1425.0,-0.13,-3.26,3.93
600666,奥瑞德,4.47,4.34,4.39,189595.0,4.49,5324.0,0.13,3.0,4.48
600667,太极实业,16.87,16.42,16.89,816209.0,16.91,399.0,0.45,2.74,17.2
600668,尖峰集团,7.61,7.5,7.55,6442.0,7.64,1085.0,0.11,1.47,7.63
600671,天目药业,16.66,16.47,16.48,2296.0,16.69,54.0,0.19,1.15,16.74
600673,东阳光,32.13,31.46,32.66,101239.0,32.18,16.0,0.67,2.13,32.71
600674,川投能源,15.34,15.6,15.61,79050.0,15.36,201.0,-0.26,-1.67,15.61
600675,中华企业,2.45,2.41,2.41,43573.0,2.47,2142.0,0.04,1.66,2.45
600676,交运股份,6.55,6.52,6.6,15577.0,6.57,110.0,0.03,0.46,6.6
600679,上海凤凰,9.59,9.46,9.38,6417.0,9.61,33.0,0.13,1.37,9.62
600681,百川能源,3.6,3.56,3.55,14895.0,3.62,2289.0,0.04,1.12,3.61
600682,南京新百,5.87,5.83,5.86,22861.0,5.9,466.0,0.04,0.69,5.89
600683,京投发展,12.29,12.38,12.0,43378.0,12.35,59.0,-0.09,-0.73,12.5
600684,珠江股份,3.51,3.43,3.38,110104.0,3.54,1506.0,0.08,2.33,3.52
600685,中船防务,26.86,25.99,26.09,25502.0,26.89,17.0,0.87,3.35,26.94
600686,金龙汽车,13.8,12.97,13.37,60543.0,13.82,53.0,0.83,6.4,13.96
600688,上海石化,2.95,2.91,2.89,222664.0,2.98,6252.0,0.04,1.37,2.96
600689,上海三毛,11.4,11.09,11.2,5806.0,11.42,20.0,0.31,2.8,11.44
600690,海尔智家,21.16,21.13,21.2,64835.0,21.2,399.0,0.03,0.14,21.23
600691,潞化科技,2.67,2.65,2.64,57698.0,2.7,4340.0,0.02,0.75,2.68
600692,亚通股份,6.58,6.42,6.42,9428.0,6.6,565.0,0.16,2.49,6.63
600693,东百集团,9.01,8.79,8.6,119276.0,9.04,177.0,0.22,2.5,9.12
600694,大商股份,14.79,14.66,14.68,4246.0,14.81,10.0,0.13,0.89,14.84
600697,欧亚集团,11.21,10.99,11.05,4089.0,11.25,2.0,0.22,2.0,11.29
600698,湖南天雁,6.87,6.91,6.8,33721.0,6.9,153.0,-0.04,-0.58,6.87
600699,均胜电子,24.45,23.86,24.26,49223.0,24.47,126.0,0.59,2.47,24.49
600702,舍得酒业,38.59,38.07,38.0,7984.0,38.65,25.0,0.52,1.37,38.61
600703,三安光电,15.02,13.92,13.97,718021.0,15.04,206.0,1.1,7.9,15.09
600704,物产中大,4.87,4.77,4.8,107866.0,4.89,5654.0,0.1,2.1,4.87
600706,曲江文旅,7.9,7.73,7.77,10160.0,7.92,42.0,0.17,2.2,7.94
600707,彩虹股份,10.42,9.86,10.02,330672.0,10.44,545.0,0.56,5.68,10.44
600708,光明地产,2.95,2.89,2.89,28412.0,2.98,2076.0,0.06,2.08,2.97
600710,苏美达,11.35,11.08,11.16,18265.0,11.37,45.0,0.27,2.44,11.48
600711,盛屯矿业,13.67,13.0,13.07,614081.0,13.69,409.0,0.67,5.15,13.9
600712,南宁百货,5.45,5.37,5.41,8908.0,5.48,835.0,0.08,1.49,5.47
600713,南京医药,5.05,5.0,5.01,12762.0,5.07,697.0,0.05,1.0,5.06
600714,金瑞矿业,27.61,28.05,28.1,32290.0,27.65,1.0,-0.44,-1.57,28.15
600715,文投控股,1.75,1.71,1.72,29508.0,1.77,2182.0,0.04,2.34,1.75
600716,凤凰股份,3.76,3.75,3.74,8834.0,3.78,880.0,0.01,0.27,3.77
600718,东软集团,8.04,7.84,7.86,23845.0,8.06,284.0,0.2,2.55,8.06
600719,大连热电,8.76,8.62,8.57,35817.0,8.79,706.0,0.14,1.62,8.81
600720,中交设计,5.64,5.55,5.59,22065.0,5.66,251.0,0.09,1.62,5.65
600721,百花医药,7.66,7.77,7.69,24262.0,7.69,452.0,-0.11,-1.42,7.69
600722,金牛化工,9.97,10.33,9.8,236935.0,10.0,1194.0,-0.36,-3.48,10.0
600724,宁波富达,6.62,6.64,6.65,6392.0,6.64,207.0,-0.02,-0.3,6.67
600725,云维股份,3.78,3.77,3.77,13909.0,3.81,725.0,0.01,0.27,3.79
600726,华电能源,8.24,8.09,8.09,496444.0,8.27,657.0,0.15,1.85,8.26
600727,鲁北化工,7.89,7.74,7.76,29559.0,7.91,25.0,0.15,1.94,7.9
600728,佳都科技,4.7,4.59,4.61,54509.0,4.72,2958.0,0.11,2.4,4.71
600729,重百集团,20.19,20.06,20.0,4534.0,20.22,13.0,0.13,0.65,20.34
600731,湖南海利,5.73,5.6,5.6,25943.0,5.76,798.0,0.13,2.32,5.78
600732,爱旭股份,12.57,12.7,12.5,103512.0,12.6,233.0,-0.13,-1.02,12.7
600733,北汽蓝谷,5.99,5.79,5.86,177857.0,6.02,3059.0,0.2,3.45,6.0
600736,苏州高新,7.97,7.94,7.9,129191.0,7.99,335.0,0.03,0.38,8.04
600737,中粮糖业,13.5,13.36,13.4,68869.0,13.55,503.0,0.14,1.05,13.61
600738,丽尚国潮,4.16,4.1,4.12,11824.0,4.19,962.0,0.06,1.46,4.18
600739,辽宁成大,10.56,10.32,10.26,42792.0,10.58,80.0,0.24,2.33,10.61
600740,山西焦化,3.85,3.82,3.79,74848.0,3.87,514.0,0.03,0.79,3.85
600741,华域汽车,16.87,16.65,16.75,20652.0,16.9,493.0,0.22,1.32,16.89
600742,富维股份,7.98,7.9,7.85,13894.0,8.0,212.0,0.08,1.01,8.04
600743,华远控股,2.28,2.25,2.25,79222.0,2.3,10400.0,0.03,1.33,2.29
600744,华银电力,7.4,7.27,7.27,124938.0,7.42,2059.0,0.13,1.79,7.4
600746,江苏索普,6.37,6.17,6.16,22083.0,6.39,172.0,0.2,3.24,6.37
600748,上实发展,4.18,4.05,4.07,31226.0,4.21,13.0,0.13,3.21,4.23
600749,西藏旅游,16.0,16.22,16.06,22535.0,16.05,5.0,-0.22,-1.36,16.09
600750,华润江中,25.08,24.56,24.81,11867.0,25.13,22.0,0.52,2.12,25.44
600751,海航科技,3.25,3.15,3.19,115610.0,3.28,432.0,0.1,3.17,3.32
600754,锦江酒店,20.48,20.03,20.09,19024.0,20.51,38.0,0.45,2.25,20.54
600755,厦门国贸,5.75,5.6,5.65,44469.0,5.77,995.0,0.15,2.68,5.75
600756,浪潮软件,13.4,13.2,13.26,6760.0,13.44,37.0,0.2,1.52,13.46
600757,长江传媒,8.12,8.08,8.1,11736.0,8.14,167.0,0.04,0.5,8.13
600758,辽宁能源,4.09,4.07,3.99,95169.0,4.12,1389.0,0.02,0.49,4.11
600760,中航沈飞,44.24,44.61,43.69,64858.0,44.3,67.0,-0.37,-0.83,44.27
600761,安徽合力,16.97,16.61,16.61,18355.0,17.01,115.0,0.36,2.17,17.0
600763,通策医疗,34.86,34.56,34.4,9557.0,34.88,61.0,0.3,0.87,34.89
600764,中国海防,19.48,19.24,19.18,9436.0,19.5,165.0,0.24,1.25,19.5
600765,中航重机,14.0,14.02,13.78,52170.0,14.03,71.0,-0.02,-0.14,14.0
600768,宁波富邦,15.6,15.29,15.4,4790.0,15.64,10.0,0.31,2.03,15.73
600769,祥龙电业,16.27,15.76,15.77,35799.0,16.3,366.0,0.51,3.24,16.27
600770,综艺股份,5.91,5.77,5.85,48688.0,5.94,519.0,0.14,2.43,5.93
600771,广誉远,14.31,14.1,14.13,11047.0,14.33,120.0,0.21,1.49,14.32
600773,西藏城投,16.32,15.54,15.7,105243.0,16.35,5.0,0.78,5.02,16.4
600774,汉商集团,7.25,7.13,7.16,3597.0,7.27,70.0,0.12,1.68,7.27
600775,南京熊猫,10.44,10.19,10.3,15828.0,10.46,218.0,0.25,2.45,10.44
600776,东方通信,15.32,15.1,15.09,40334.0,15.34,335.0,0.22,1.46,15.38
600778,友好集团,5.87,5.75,5.77,10372.0,5.89,249.0,0.12,2.09,5.9
600779,水井坊,29.34,29.03,28.99,5798.0,29.37,70.0,0.31,1.07,29.34
600780,通宝能源,6.7,6.64,6.61,18351.0,6.72,648.0,0.06,0.9,6.72
600782,新钢股份,2.74,2.65,2.68,107971.0,2.76,6648.0,0.09,3.4,2.75
600783,鲁信创投,21.47,21.31,20.89,57872.0,21.51,5.0,0.16,0.75,21.5
600784,鲁银投资,7.16,7.06,7.06,6090.0,7.19,354.0,0.1,1.42,7.19
600785,新华百货,15.24,15.17,15.09,7434.0,15.26,12.0,0.07,0.46,15.31
600787,中储股份,4.66,4.57,4.6,37981.0,4.69,1318.0,0.09,1.97,4.67
600789,鲁抗医药,7.25,7.16,7.17,15676.0,7.28,563.0,0.09,1.26,7.27
600790,轻纺城,3.86,3.84,3.84,24449.0,3.88,2526.0,0.02,0.52,3.88
600791,京能置业,10.93,12.14,10.93,4808.0,10.95,20.0,-1.21,-9.97,10.93
600792,云煤能源,4.08,4.1,4.02,74172.0,4.11,1885.0,-0.02,-0.49,4.09
600793,宜宾纸业,13.81,13.72,13.6,3961.0,13.84,8.0,0.09,0.66,13.9
600794,保税科技,3.19,3.11,3.12,30753.0,3.22,1271.0,0.08,2.57,3.2
600795,国电电力,5.01,5.01,5.02,198975.0,5.04,9636.0,0.0,0.0,5.04
600796,钱江生化,5.23,5.13,5.13,8714.0,5.25,321.0,0.1,1.95,5.25
600797,浙大网新,7.39,7.24,7.27,28603.0,7.41,923.0,0.15,2.07,7.39
600798,宁波海运,3.68,3.35,3.53,448000.0,0.0,0.0,0.33,9.85,3.69
600800,渤海化学,3.68,3.66,3.67,20975.0,3.71,1282.0,0.02,0.55,3.71
600801,华新建材,18.87,19.03,19.15,15687.0,18.87,17.0,-0.16,-0.84,19.22
600802,福建水泥,4.91,4.8,4.86,9803.0,4.94,101.0,0.11,2.29,4.96
600803,新奥股份,18.01,18.33,18.26,15231.0,18.03,1.0,-0.32,-1.75,18.29
600805,悦达投资,4.53,4.44,4.44,10291.0,4.55,729.0,0.09,2.03,4.55
600807,济高发展,2.65,2.6,2.59,35461.0,2.67,4122.0,0.05,1.92,2.66
600808,马钢股份,2.89,2.83,2.85,88885.0,2.92,6569.0,0.06,2.12,2.9
600809,山西汾酒,120.46,118.54,119.0,14180.0,120.48,5.0,1.92,1.62,120.58
600810,神马股份,6.39,6.41,6.48,50052.0,6.42,26.0,-0.02,-0.31,6.57
600812,华北制药,4.53,4.48,4.48,24139.0,4.55,2946.0,0.05,1.12,4.55
600814,杭州解百,6.98,6.92,6.92,5332.0,7.01,168.0,0.06,0.87,7.01
600815,厦工股份,3.15,3.03,3.09,176825.0,3.18,1736.0,0.12,3.96,3.24
600816,建元信托,2.74,2.66,2.67,144770.0,2.76,3688.0,0.08,3.01,2.75
600817,XD宇通重,9.35,9.24,9.49,13392.0,9.37,48.0,0.11,1.19,9.56
600819,耀皮玻璃,6.63,6.4,6.48,18458.0,6.65,302.0,0.23,3.59,6.66
600820,隧道股份,5.6,5.51,5.51,33877.0,5.62,1646.0,0.09,1.63,5.6
600821,金开新能,6.69,6.56,6.57,118662.0,6.72,593.0,0.13,1.98,6.72
600822,上海物贸,8.72,8.51,8.56,5050.0,8.74,46.0,0.21,2.47,8.78
600824,益民集团,3.74,3.66,3.67,16565.0,3.76,784.0,0.08,2.19,3.75
600825,新华传媒,4.93,4.86,4.84,19150.0,4.96,539.0,0.07,1.44,4.96
600826,兰生股份,10.35,9.98,10.18,50397.0,10.37,48.0,0.37,3.71,10.48
600827,百联股份,8.19,8.07,8.07,22120.0,8.21,409.0,0.12,1.49,8.19
600828,茂业商业,4.39,3.99,3.96,200534.0,0.0,0.0,0.4,10.03,4.39
600829,人民同泰,8.54,8.4,8.4,5862.0,8.56,209.0,0.14,1.67,8.55
600830,香溢融通,8.48,8.32,8.33,25478.0,8.5,138.0,0.16,1.92,8.58
600831,广电网络,3.33,3.26,3.29,25554.0,3.36,1238.0,0.07,2.15,3.36
600833,第一医药,10.28,10.14,10.13,4505.0,10.31,38.0,0.14,1.38,10.32
600834,申通地铁,7.32,7.24,7.26,4907.0,7.35,35.0,0.08,1.1,7.38
600835,上海机电,20.87,20.17,20.32,11245.0,20.9,49.0,0.7,3.47,20.88
600838,上海九百,7.83,7.73,7.8,7785.0,7.86,1189.0,0.1,1.29,7.84
600839,四川长虹,6.9,6.77,6.81,85852.0,6.93,1958.0,0.13,1.92,6.9
600841,动力新科,6.94,6.79,6.85,16028.0,6.96,353.0,0.15,2.21,6.97
600843,上工申贝,8.36,8.63,8.45,71717.0,8.39,406.0,-0.27,-3.13,8.49
600844,金煤科技,2.88,2.83,2.8,68091.0,2.91,656.0,0.05,1.77,2.9
600845,宝信软件,18.15,17.93,18.0,22958.0,18.18,125.0,0.22,1.23,18.16
600846,同济科技,10.64,10.41,10.52,10790.0,10.66,5.0,0.23,2.21,10.99
600847,万里股份,15.17,15.34,15.37,11636.0,15.23,12.0,-0.17,-1.11,15.7
600848,上海临港,8.41,8.16,8.16,24263.0,8.43,1249.0,0.25,3.06,8.41
600850,电科数字,18.89,18.49,18.61,18267.0,18.92,136.0,0.4,2.16,18.96
600851,海欣股份,7.38,7.32,7.32,6454.0,7.41,51.0,0.06,0.82,7.38
600853,龙建股份,3.41,3.37,3.37,19926.0,3.43,1854.0,0.04,1.19,3.42
600854,春兰股份,4.57,4.46,4.47,13028.0,4.59,278.0,0.11,2.47,4.58
600855,航天长峰,15.28,14.9,14.93,32108.0,15.31,53.0,0.38,2.55,15.45
600857,宁波中百,16.09,15.58,15.81,43957.0,16.1,28.0,0.51,3.27,16.42
600858,银座股份,5.01,4.94,4.95,8367.0,5.03,1031.0,0.07,1.42,5.03
600859,王府井,10.59,10.43,10.45,26153.0,10.62,280.0,0.16,1.53,10.61
600860,京城股份,8.99,8.85,8.95,9573.0,9.02,209.0,0.14,1.58,9.01
600861,北京人力,14.58,14.7,14.7,8411.0,14.61,5.0,-0.12,-0.82,14.76
600862,中航高科,19.1,18.87,18.7,152936.0,19.13,153.0,0.23,1.22,19.25
600863,华能蒙电,5.55,5.52,5.5,255295.0,5.57,2445.0,0.03,0.54,5.56
600864,哈投股份,5.41,5.22,5.23,80821.0,5.43,1116.0,0.19,3.64,5.41
600865,百大集团,9.63,9.36,9.32,16110.0,9.65,174.0,0.27,2.88,9.63
600866,星湖科技,4.81,4.74,4.76,27618.0,4.83,1084.0,0.07,1.48,4.83
600867,通化东宝,7.62,7.55,7.51,27716.0,7.64,846.0,0.07,0.93,7.63
600868,梅雁吉祥,3.07,3.03,3.04,75161.0,3.09,4472.0,0.04,1.32,3.07
600869,远东股份,31.11,32.43,31.06,422196.0,31.14,14.0,-1.32,-4.07,32.28
600871,石化油服,2.28,2.24,2.23,189586.0,2.3,21384.0,0.04,1.79,2.29
600872,中炬高新,17.97,17.82,17.95,13936.0,17.99,92.0,0.15,0.84,17.99
600873,梅花生物,8.96,8.95,8.93,54146.0,8.98,819.0,0.01,0.11,8.97
600874,创业环保,5.89,5.84,5.85,9834.0,5.92,373.0,0.05,0.86,5.91
600875,东方电气,30.88,30.3,30.91,78134.0,30.9,113.0,0.58,1.91,31.11
600876,凯盛新能,8.46,8.31,8.33,6042.0,8.48,44.0,0.15,1.81,8.47
600877,电科芯片,13.51,13.36,13.4,20629.0,13.53,12.0,0.15,1.12,13.51
600879,航天电子,19.9,20.01,19.81,329146.0,19.92,69.0,-0.11,-0.55,19.93
600880,博瑞传播,4.17,4.1,4.1,18789.0,4.19,1326.0,0.07,1.71,4.18
600881,亚泰集团,1.72,1.77,1.71,331134.0,1.75,5479.0,-0.05,-2.82,1.74
600882,妙可蓝多,19.45,19.51,19.45,9801.0,19.47,13.0,-0.06,-0.31,19.62
600883,博闻科技,8.07,7.96,7.99,7188.0,8.1,19.0,0.11,1.38,8.17
600884,杉杉股份,13.82,13.62,13.78,156243.0,13.85,1211.0,0.2,1.47,13.97
600885,宏发股份,32.37,31.53,32.16,25815.0,32.42,7.0,0.84,2.66,32.68
600886,国投电力,13.88,14.03,14.0,70415.0,13.91,44.0,-0.15,-1.07,14.0
600887,伊利股份,25.69,25.71,25.75,66952.0,25.72,158.0,-0.02,-0.08,25.8
600888,新疆众和,11.27,10.92,11.07,163601.0,11.29,105.0,0.35,3.21,11.38
600893,航发动力,38.93,38.82,38.68,53060.0,38.97,83.0,0.11,0.28,39.07
600894,广日股份,8.48,8.33,8.37,7949.0,8.5,330.0,0.15,1.8,8.49
600895,张江高科,33.48,34.28,34.01,117368.0,33.51,5.0,-0.8,-2.33,34.27
600897,厦门空港,16.09,16.19,16.33,11636.0,16.12,63.0,-0.1,-0.62,16.33
600900,长江电力,27.99,28.28,28.24,235184.0,28.01,1174.0,-0.29,-1.03,28.24
600901,XD江苏金,6.59,6.51,6.57,57380.0,6.61,414.0,0.08,1.23,6.62
600903,XD贵州燃,8.77,8.77,8.66,82453.0,8.79,123.0,0.0,0.0,8.96
600905,三峡能源,4.24,4.18,4.2,300184.0,4.26,14926.0,0.06,1.44,4.24
600906,财达证券,7.51,6.99,7.15,742981.0,7.53,906.0,0.52,7.44,7.54
600908,无锡银行,5.63,5.59,5.62,35322.0,5.66,2269.0,0.04,0.72,5.64
600909,华安证券,8.06,7.35,7.44,971023.0,8.08,8700.0,0.71,9.66,8.09
600916,中国黄金,7.99,7.74,7.88,120607.0,8.02,611.0,0.25,3.23,8.06
600917,重庆燃气,5.15,5.08,5.11,12193.0,5.17,569.0,0.07,1.38,5.2
600918,中泰证券,5.49,5.34,5.33,132820.0,5.52,2837.0,0.15,2.81,5.51
600919,江苏银行,11.89,11.89,11.87,155549.0,11.91,1650.0,0.0,0.0,11.94
600925,苏能股份,4.42,4.43,4.41,19617.0,4.45,821.0,-0.01,-0.23,4.43
600926,XD杭州银,16.46,16.46,16.51,79167.0,16.49,83.0,0.0,0.0,16.52
600927,永安期货,13.27,12.48,12.49,31821.0,13.29,77.0,0.79,6.33,13.36
600928,西安银行,3.63,3.6,3.6,59244.0,3.65,3585.0,0.03,0.83,3.64
600929,雪天盐业,5.25,5.11,5.13,31584.0,5.28,1616.0,0.14,2.74,5.28
600930,华电新能,5.83,5.81,5.81,109636.0,5.86,3162.0,0.02,0.34,5.86
600933,爱柯迪,14.96,14.74,14.77,14340.0,14.99,141.0,0.22,1.49,15.03
600935,华塑股份,2.37,2.33,2.34,35207.0,2.39,4803.0,0.04,1.72,2.37
600936,北投科技,4.97,4.84,4.84,124469.0,5.01,262.0,0.13,2.69,4.99
600938,中国海油,32.02,33.36,32.04,176247.0,32.04,128.0,-1.34,-4.02,32.3
600939,重庆建工,2.76,2.7,2.69,21916.0,2.78,1202.0,0.06,2.22,2.77
600941,中国移动,94.81,95.12,95.12,13128.0,94.85,6.0,-0.31,-0.33,95.23
600955,维远股份,16.06,15.66,15.66,11093.0,16.1,52.0,0.4,2.55,16.15
600956,新天绿能,8.48,8.35,8.35,29437.0,8.5,233.0,0.13,1.56,8.49
600958,东方证券,9.49,9.24,9.25,196050.0,9.51,996.0,0.25,2.71,9.5
600959,江苏有线,3.23,3.15,3.18,130478.0,3.26,2775.0,0.08,2.54,3.25
600960,渤海汽车,4.19,4.1,4.13,20953.0,4.22,703.0,0.09,2.2,4.22
600961,株冶集团,26.51,25.41,25.97,293694.0,26.54,51.0,1.1,4.33,26.88
600962,国投中鲁,25.73,26.21,26.72,25709.0,25.75,28.0,-0.48,-1.83,26.72
600963,岳阳林纸,3.71,3.6,3.63,42649.0,3.73,2993.0,0.11,3.06,3.74
600966,博汇纸业,5.47,5.39,5.36,16131.0,5.49,240.0,0.08,1.48,5.52
600967,内蒙一机,12.16,11.98,12.0,31123.0,12.18,686.0,0.18,1.5,12.16
600968,海油发展,3.89,3.89,3.86,63373.0,3.92,2452.0,0.0,0.0,3.9
600969,郴电国际,9.37,9.34,9.33,16133.0,9.39,177.0,0.03,0.32,9.4
600970,中材国际,8.63,8.4,8.53,47357.0,8.66,1616.0,0.23,2.74,8.71
600971,恒源煤电,7.74,7.94,7.83,43559.0,7.76,155.0,-0.2,-2.52,7.85
600973,宝胜股份,6.6,6.39,6.33,98677.0,6.62,1025.0,0.21,3.29,6.62
600975,新五丰,4.82,4.75,4.79,21929.0,4.85,920.0,0.07,1.47,4.83
600976,健民集团,26.81,26.45,26.37,2711.0,26.85,13.0,0.36,1.36,26.85
600977,中国电影,13.93,13.77,13.7,57010.0,13.95,761.0,0.16,1.16,13.98
600979,广安爱众,4.74,4.73,4.71,100785.0,4.77,886.0,0.01,0.21,4.77
600980,北矿科技,21.24,21.2,21.5,6496.0,21.26,94.0,0.04,0.19,21.53
600981,苏豪汇鸿,2.74,2.75,2.72,91186.0,2.77,1703.0,-0.01,-0.36,2.77
600982,宁波能源,5.58,5.51,5.51,47050.0,5.6,1486.0,0.07,1.27,5.59
600983,惠而浦,8.74,8.7,8.71,7857.0,8.76,368.0,0.04,0.46,8.77
600984,建设机械,4.34,4.21,4.22,50448.0,4.39,983.0,0.13,3.09,4.38
600985,淮北矿业,15.98,16.62,16.03,68018.0,16.02,44.0,-0.64,-3.85,16.34
600986,浙文互联,8.02,7.77,7.8,98395.0,8.05,1755.0,0.25,3.22,8.04
600987,航民股份,6.51,6.46,6.46,6527.0,6.54,277.0,0.05,0.77,6.53
600988,赤峰黄金,32.81,30.37,32.49,259995.0,32.83,6.0,2.44,8.03,33.38
600989,宝丰能源,22.71,23.1,22.6,177935.0,22.75,430.0,-0.39,-1.69,22.94
600990,四创电子,19.02,18.9,18.8,6830.0,19.03,18.0,0.12,0.63,19.05
600992,贵绳股份,10.38,10.03,10.12,17861.0,10.41,27.0,0.35,3.49,10.64
600993,马应龙,23.8,23.83,23.74,6497.0,23.82,27.0,-0.03,-0.13,23.81
600995,南网储能,13.53,13.4,13.4,32866.0,13.55,1820.0,0.13,0.97,13.54
600996,贵广网络,8.99,8.86,8.8,73792.0,9.02,176.0,0.13,1.47,9.07
600997,开滦股份,5.44,5.44,5.44,25823.0,5.47,91.0,0.0,0.0,5.45
600998,九州通,4.82,4.79,4.78,62614.0,4.85,3679.0,0.03,0.63,4.84
600999,招商证券,18.55,17.69,17.9,346159.0,18.57,198.0,0.86,4.86,18.57
601000,唐山港,4.27,4.23,4.23,93760.0,4.29,2556.0,0.04,0.95,4.3
601001,晋控煤业,19.74,20.81,20.3,90090.0,19.78,123.0,-1.07,-5.14,20.52
601002,晋亿实业,4.96,4.85,4.87,23672.0,4.98,1623.0,0.11,2.27,4.96
601003,柳钢股份,3.75,3.65,3.7,26605.0,3.77,1818.0,0.1,2.74,3.76
601005,重庆钢铁,1.29,1.25,1.27,481149.0,1.32,45428.0,0.04,3.2,1.3
601006,大秦铁路,5.08,5.06,5.06,113002.0,5.11,12486.0,0.02,0.4,5.09
601007,金陵饭店,6.79,6.72,6.75,9191.0,6.82,299.0,0.07,1.04,6.81
601008,连云港,4.69,4.47,4.53,78362.0,4.72,452.0,0.22,4.92,4.82
601009,XD南京银,11.57,11.61,11.6,73724.0,11.59,252.0,-0.04,-0.34,11.61
601011,宝泰隆,2.95,2.92,2.89,102206.0,2.97,2209.0,0.03,1.03,2.95
601012,隆基绿能,13.41,13.46,13.42,294386.0,13.44,841.0,-0.05,-0.37,13.45
601015,陕西黑猫,3.44,3.42,3.36,76801.0,3.47,1081.0,0.02,0.58,3.44
601016,节能风电,3.98,3.9,3.9,348648.0,4.0,16710.0,0.08,2.05,3.98
601018,宁波港,3.45,3.38,3.4,159552.0,3.48,8505.0,0.07,2.07,3.46
601019,山东出版,7.11,7.05,7.05,8564.0,7.13,333.0,0.06,0.85,7.11
601020,华钰矿业,22.66,21.58,22.3,98449.0,22.68,246.0,1.08,5.0,22.71
601021,春秋航空,48.71,45.55,47.5,73357.0,48.76,33.0,3.16,6.94,49.17
601022,宁波远洋,8.49,7.72,8.15,73514.0,0.0,0.0,0.77,9.97,8.49
601026,道生天合,15.53,15.24,15.19,6552.0,15.57,24.0,0.29,1.9,15.58
601033,永兴股份,13.99,13.86,13.92,4292.0,14.01,89.0,0.13,0.94,14.0
601038,一拖股份,12.01,11.8,11.8,10546.0,12.03,23.0,0.21,1.78,12.02
601058,赛轮轮胎,13.01,12.41,12.69,185850.0,13.03,2243.0,0.6,4.83,13.04
601059,信达证券,15.62,15.14,15.18,28754.0,15.65,205.0,0.48,3.17,15.62
601061,中信金属,11.8,11.35,11.69,47535.0,11.82,77.0,0.45,3.96,11.85
601065,江盐集团,7.5,7.4,7.39,3993.0,7.52,143.0,0.1,1.35,7.5
601066,中信建投,26.13,25.46,25.42,114998.0,26.18,243.0,0.67,2.63,26.2
601068,中铝国际,5.21,5.06,5.12,33846.0,5.23,435.0,0.15,2.96,5.23
601069,西部黄金,27.31,26.12,27.34,66726.0,27.33,56.0,1.19,4.56,27.55
601077,渝农商行,6.91,7.0,6.96,58841.0,6.93,2882.0,-0.09,-1.29,6.99
601083,锦江航运,11.4,11.05,11.19,26113.0,11.43,47.0,0.35,3.17,11.49
601086,国芳集团,7.23,7.12,7.12,11141.0,7.26,110.0,0.11,1.54,7.25
601088,中国神华,44.46,46.14,45.6,133131.0,44.48,115.0,-1.68,-3.64,45.6
601089,福元医药,16.72,16.58,16.65,2797.0,16.75,10.0,0.14,0.84,16.75
601096,宏盛华源,4.72,4.6,4.64,64183.0,4.75,1909.0,0.12,2.61,4.73
601098,中南传媒,10.81,10.71,10.7,12416.0,10.83,382.0,0.1,0.93,10.83
601099,太平洋,3.4,3.26,3.27,436144.0,3.42,3612.0,0.14,4.29,3.41
601100,恒立液压,113.49,114.54,116.99,17189.0,113.57,5.0,-1.05,-0.92,117.1
601101,昊华能源,11.79,12.55,12.0,125535.0,11.82,106.0,-0.76,-6.06,12.4
601106,中国一重,3.63,3.51,3.53,126183.0,3.65,5373.0,0.12,3.42,3.64
601107,XD四川成,5.64,5.64,5.71,26632.0,5.66,423.0,0.0,0.0,5.71
601108,财通证券,8.08,7.69,7.73,243650.0,8.1,2117.0,0.39,5.07,8.1
601111,中国国航,6.68,6.27,6.59,590632.0,6.72,3017.0,0.41,6.54,6.74
601112,振石股份,17.8,17.64,17.67,16222.0,17.82,54.0,0.16,0.91,17.88
601113,华鼎股份,4.0,3.92,3.93,18671.0,4.03,1660.0,0.08,2.04,4.02
601116,三江购物,11.44,11.24,11.19,12265.0,11.46,29.0,0.2,1.78,11.44
601117,中国化学,7.6,7.51,7.62,155644.0,7.63,1293.0,0.09,1.2,7.65
601118,海南橡胶,5.93,5.8,5.82,145204.0,5.95,1660.0,0.13,2.24,5.98
601121,XD宝地矿,6.48,6.36,6.44,23827.0,6.51,572.0,0.12,1.89,6.51
601126,四方股份,68.23,67.18,67.99,32099.0,68.28,20.0,1.05,1.56,69.08
601127,赛力斯,69.95,68.67,68.1,46223.0,69.96,129.0,1.28,1.86,70.01
601128,常熟银行,6.47,6.47,6.47,58353.0,6.5,15805.0,0.0,0.0,6.5
601133,柏诚股份,31.05,29.45,30.0,53959.0,31.1,56.0,1.6,5.43,31.05
601136,首创证券,14.6,14.08,14.05,46518.0,14.62,133.0,0.52,3.69,14.62
601137,博威合金,25.45,24.41,24.87,120220.0,25.47,151.0,1.04,4.26,25.56
601138,工业富联,71.45,70.13,71.47,201340.0,71.49,179.0,1.32,1.88,71.88
601139,深圳燃气,6.3,6.27,6.25,35686.0,6.32,1376.0,0.03,0.48,6.32
601155,新城控股,12.1,11.86,11.93,21193.0,12.14,31.0,0.24,2.02,12.2
601156,东航物流,17.55,16.68,16.95,56509.0,17.59,17.0,0.87,5.22,17.83
601158,重庆水务,4.16,4.11,4.11,12556.0,4.18,1445.0,0.05,1.22,4.16
601162,天风证券,3.37,3.16,3.16,599810.0,3.39,6776.0,0.21,6.65,3.38
601163,三角轮胎,13.47,13.01,13.12,16292.0,13.49,153.0,0.46,3.54,13.53
601166,兴业银行,18.58,18.61,18.61,131302.0,18.6,368.0,-0.03,-0.16,18.62
601168,西部矿业,32.61,30.71,31.8,204479.0,32.65,57.0,1.9,6.19,32.78
601169,北京银行,5.26,5.27,5.27,170230.0,5.28,22717.0,-0.01,-0.19,5.27
601177,杭齿前进,13.71,13.48,13.51,6597.0,13.74,35.0,0.23,1.71,13.72
601179,中国西电,14.58,13.47,14.0,745253.0,14.6,6418.0,1.11,8.24,14.79
601186,中国铁建,6.48,6.41,6.44,59358.0,6.5,7455.0,0.07,1.09,6.48
601187,厦门银行,8.04,7.99,8.15,53254.0,8.07,45.0,0.05,0.63,8.15
601188,龙江交通,3.08,3.04,3.04,21615.0,3.1,4766.0,0.04,1.32,3.08
601198,东兴证券,13.0,12.6,12.62,61270.0,13.02,414.0,0.4,3.17,13.05
601199,江南水务,5.58,5.58,5.59,20456.0,5.61,130.0,0.0,0.0,5.63
601200,上海环境,7.33,7.23,7.25,22608.0,7.37,211.0,0.1,1.38,7.36
601208,东材科技,63.16,61.06,61.0,161871.0,63.2,263.0,2.1,3.44,63.5
601211,国泰海通,18.32,17.68,17.75,519679.0,18.35,1257.0,0.64,3.62,18.36
601212,白银有色,6.03,5.76,5.99,519591.0,6.06,3700.0,0.27,4.69,6.1
601216,君正集团,5.34,5.26,5.21,118196.0,5.36,3752.0,0.08,1.52,5.35
601218,吉鑫科技,4.87,4.78,4.78,23872.0,4.89,1128.0,0.09,1.88,4.87
601222,林洋能源,6.12,6.23,6.18,106723.0,6.15,53.0,-0.11,-1.77,6.2
601225,陕西煤业,25.38,27.0,26.47,164586.0,25.43,25.0,-1.62,-6.0,26.47
601226,华电科工,7.17,6.98,7.06,18677.0,7.2,621.0,0.19,2.72,7.19
601228,广州港,3.08,3.01,3.01,105140.0,3.11,1644.0,0.07,2.33,3.09
601229,上海银行,9.33,9.36,9.32,71528.0,9.36,2261.0,-0.03,-0.32,9.34
601231,XD环旭电,34.66,33.47,34.51,102833.0,34.68,2.0,1.19,3.56,34.99
601233,桐昆股份,24.07,22.3,23.08,333689.0,24.11,1.0,1.77,7.94,24.53
601236,红塔证券,7.0,6.8,6.71,95940.0,7.03,1226.0,0.2,2.94,7.04
601238,广汽集团,6.02,5.88,5.88,49687.0,6.05,598.0,0.14,2.38,6.03
601279,英利汽车,3.5,3.42,3.46,14442.0,3.52,429.0,0.08,2.34,3.5
601288,农业银行,6.82,6.8,6.75,689516.0,6.85,23843.0,0.02,0.29,6.85
601298,青岛港,9.04,9.24,9.1,56076.0,9.07,80.0,-0.2,-2.16,9.12
601311,骆驼股份,8.17,8.03,8.03,26197.0,8.2,908.0,0.14,1.74,8.18
601318,中国平安,55.35,54.01,54.3,258838.0,55.38,98.0,1.34,2.48,55.96
601319,中国人保,7.15,7.02,7.04,223865.0,7.18,4531.0,0.13,1.85,7.17
601326,秦港股份,3.49,3.47,3.47,34142.0,3.51,4426.0,0.02,0.58,3.5
601328,交通银行,7.13,7.14,7.14,342396.0,7.15,5857.0,-0.01,-0.14,7.17
601330,绿色动力,8.51,8.54,8.5,22055.0,8.53,93.0,-0.03,-0.35,8.54
601333,广深铁路,3.06,3.06,3.06,161993.0,3.08,15195.0,0.0,0.0,3.07
601336,新华保险,62.96,61.46,61.86,67473.0,62.97,38.0,1.5,2.44,63.09
601339,百隆东方,7.35,7.33,7.3,21078.0,7.39,70.0,0.02,0.27,7.45
601360,三六零,9.46,9.16,9.3,139499.0,9.48,1469.0,0.3,3.28,9.46
601366,利群股份,3.69,3.61,3.61,18598.0,3.71,470.0,0.08,2.22,3.7
601368,绿城水务,4.5,4.41,4.41,8264.0,4.52,755.0,0.09,2.04,4.51
601369,陕鼓动力,8.95,8.93,8.91,17870.0,8.97,595.0,0.02,0.22,9.01
601375,中原证券,4.07,3.9,3.9,189894.0,4.1,6007.0,0.17,4.36,4.09
601377,兴业证券,6.16,6.0,6.02,293593.0,6.18,6398.0,0.16,2.67,6.18
601388,怡球资源,3.33,3.25,3.28,96070.0,3.36,4405.0,0.08,2.46,3.37
601390,中国中铁,4.69,4.57,4.61,433032.0,4.71,11584.0,0.12,2.63,4.69
601398,工商银行,7.7,7.78,7.75,505621.0,7.72,6017.0,-0.08,-1.03,7.75
601399,国机重装,3.75,3.69,3.68,145852.0,3.77,2094.0,0.06,1.63,3.76
601456,国联民生,9.59,9.41,9.4,107176.0,9.62,478.0,0.18,1.91,9.62
601500,通用股份,4.09,4.01,4.01,34373.0,4.12,586.0,0.08,2.0,4.09
601512,中新集团,8.42,8.28,8.38,5047.0,8.45,205.0,0.14,1.69,8.42
601515,衢州东峰,3.87,3.74,3.8,28797.0,3.9,1397.0,0.13,3.48,3.88
601518,吉林高速,3.01,2.99,2.98,25403.0,3.04,2457.0,0.02,0.67,3.03
601519,大智慧,9.16,8.72,8.72,122809.0,9.19,301.0,0.44,5.05,9.2
601528,瑞丰银行,4.86,4.83,4.82,29356.0,4.88,2162.0,0.03,0.62,4.87
601555,东吴证券,8.0,7.71,7.71,131877.0,8.02,1387.0,0.29,3.76,8.01
601566,九牧王,9.84,9.74,9.75,13055.0,9.87,156.0,0.1,1.03,9.9
601567,三星电气,15.26,14.65,15.0,79733.0,15.28,108.0,0.61,4.16,15.5
601568,北元化工,3.94,3.95,3.91,49645.0,3.96,2731.0,-0.01,-0.25,3.94
601577,长沙银行,9.77,9.78,9.76,46977.0,9.8,1819.0,-0.01,-0.1,9.8
601579,会稽山,15.71,15.7,15.69,6800.0,15.73,2.0,0.01,0.06,15.81
601588,北辰实业,1.94,1.9,1.88,135658.0,1.97,3623.0,0.04,2.11,1.95
601595,上海电影,18.88,18.43,18.43,9428.0,18.91,60.0,0.45,2.44,18.92
601598,中国外运,5.86,5.74,5.75,27016.0,5.88,1626.0,0.12,2.09,5.87
601599,浙文影业,3.15,3.11,3.11,30429.0,3.17,1484.0,0.04,1.29,3.16
601600,中国铝业,10.89,10.8,10.98,614134.0,10.91,1096.0,0.09,0.83,11.07
601601,中国太保,33.73,32.86,33.01,140140.0,33.76,115.0,0.87,2.65,33.8
601606,长城军工,32.04,32.01,31.5,25970.0,32.06,15.0,0.03,0.09,32.08
601607,上海医药,16.36,16.34,16.36,13502.0,16.38,309.0,0.02,0.12,16.38
601608,中信重工,5.31,5.23,5.24,57117.0,5.33,1810.0,0.08,1.53,5.32
601609,金田股份,12.33,12.55,12.22,257281.0,12.35,526.0,-0.22,-1.75,12.6
601611,中国核建,10.97,10.72,10.73,42185.0,10.99,936.0,0.25,2.33,11.01
601615,明阳智能,12.23,12.11,12.2,95050.0,12.25,574.0,0.12,0.99,12.29
601616,广电电气,3.82,3.73,3.76,17747.0,3.85,2213.0,0.09,2.41,3.83
601618,中国中冶,2.75,2.68,2.7,192841.0,2.77,9573.0,0.07,2.61,2.75
601619,嘉泽新能,4.82,4.75,4.78,36722.0,4.84,2253.0,0.07,1.47,4.84
601628,中国人寿,36.78,35.81,35.93,140891.0,36.8,144.0,0.97,2.71,37.02
601633,长城汽车,17.79,17.6,17.6,55944.0,17.82,52.0,0.19,1.08,17.95
601636,旗滨集团,6.72,6.51,6.55,198664.0,6.74,1484.0,0.21,3.23,6.75
601658,邮储银行,5.16,5.2,5.17,304654.0,5.19,22814.0,-0.04,-0.77,5.18
601665,齐鲁银行,6.47,6.45,6.45,86380.0,6.49,1813.0,0.02,0.31,6.51
601666,平煤股份,8.94,9.18,9.0,117555.0,8.95,341.0,-0.24,-2.61,9.0
601668,中国建筑,4.79,4.77,4.78,260490.0,4.82,52200.0,0.02,0.42,4.8
601669,中国电建,4.91,4.82,4.86,323720.0,4.94,14474.0,0.09,1.87,4.92
601677,明泰铝业,17.04,16.98,17.15,93377.0,17.08,245.0,0.06,0.35,17.23
601678,滨化股份,5.88,5.87,6.02,551894.0,5.91,885.0,0.01,0.17,6.08
601686,友发集团,5.22,5.15,5.17,15837.0,5.25,668.0,0.07,1.36,5.23
601688,华泰证券,20.77,19.97,20.03,582589.0,20.79,719.0,0.8,4.01,20.9
601689,拓普集团,61.01,60.62,60.88,49320.0,61.07,2.0,0.39,0.64,61.3
601696,中银证券,12.69,11.54,11.9,745195.0,0.0,0.0,1.15,9.97,12.69
601698,中国卫通,32.64,33.84,33.0,182479.0,32.7,95.0,-1.2,-3.55,33.01
601699,潞安环能,17.06,18.06,17.67,123398.0,17.09,478.0,-1.0,-5.54,17.89
601700,风范股份,4.89,4.79,4.81,22428.0,4.92,502.0,0.1,2.09,4.9
601702,华峰铝业,17.37,17.4,17.23,20722.0,17.39,6.0,-0.03,-0.17,17.54
601717,中创智领,17.99,17.78,17.82,28482.0,18.01,295.0,0.21,1.18,18.05
601727,上海电气,7.34,7.26,7.32,148083.0,7.37,1142.0,0.08,1.1,7.38
601728,中国电信,6.08,6.05,6.05,217517.0,6.1,14028.0,0.03,0.5,6.1
601766,中国中车,5.81,5.76,5.78,204481.0,5.84,12290.0,0.05,0.87,5.82
601777,千里科技,9.95,9.8,9.88,95720.0,9.97,274.0,0.15,1.53,10.05
601778,晶科科技,4.97,4.78,4.86,298267.0,4.99,6377.0,0.19,3.97,4.98
601788,光大证券,14.77,14.29,14.3,150475.0,14.78,561.0,0.48,3.36,14.8
601789,宁波建工,4.56,4.45,4.48,52495.0,4.59,1535.0,0.11,2.47,4.57
601798,蓝科高新,7.56,7.32,7.35,18357.0,7.59,359.0,0.24,3.28,7.6
601799,星宇股份,120.58,117.88,118.75,5270.0,120.6,47.0,2.7,2.29,120.68
601800,中国交建,6.41,6.31,6.34,100071.0,6.43,13411.0,0.1,1.58,6.41
601801,皖新传媒,5.4,5.31,5.33,33948.0,5.42,628.0,0.09,1.69,5.41
601808,中海油服,12.4,12.51,12.34,44765.0,12.42,48.0,-0.11,-0.88,12.43
601811,新华文轩,12.29,12.1,12.21,4058.0,12.32,74.0,0.19,1.57,12.32
601816,京沪高铁,4.93,5.0,4.96,382291.0,4.96,9548.0,-0.07,-1.4,4.97
601818,光大银行,3.23,3.23,3.22,287013.0,3.25,135457.0,0.0,0.0,3.23
601825,沪农商行,8.84,8.88,8.88,21893.0,8.86,340.0,-0.04,-0.45,8.9
601827,三峰环境,7.67,7.56,7.59,7422.0,7.7,467.0,0.11,1.46,7.67
601828,美凯龙,2.35,2.32,2.33,37396.0,2.38,8518.0,0.03,1.29,2.36
601838,成都银行,20.0,20.07,20.06,34591.0,20.03,16.0,-0.07,-0.35,20.06
601857,中国石油,10.25,10.38,10.27,329756.0,10.27,3244.0,-0.13,-1.25,10.35
601858,中国科传,21.67,21.54,21.74,9871.0,21.7,21.0,0.13,0.6,21.76
601860,紫金银行,2.69,2.68,2.68,67780.0,2.71,12368.0,0.01,0.37,2.69
601865,福莱特,10.99,10.82,10.86,28537.0,11.01,195.0,0.17,1.57,10.99
601866,中远海发,2.5,2.39,2.44,439779.0,2.53,17060.0,0.11,4.6,2.55
601868,中国能建,2.7,2.65,2.66,828218.0,2.72,43502.0,0.05,1.89,2.7
601869,长飞光纤,427.0,436.5,440.0,24665.0,427.89,2.0,-9.5,-2.18,445.0
601872,招商轮船,17.16,15.6,17.16,110928.0,0.0,0.0,1.56,10.0,17.16
601877,正泰电器,27.5,27.19,27.47,41300.0,27.52,25.0,0.31,1.14,27.68
601878,浙商证券,9.56,9.3,9.32,113101.0,9.59,1624.0,0.26,2.8,9.58
601880,辽港股份,1.58,1.55,1.56,227157.0,1.6,67025.0,0.03,1.94,1.58
601881,中国银河,12.8,12.4,12.44,147532.0,12.82,472.0,0.4,3.23,12.8
601882,海天精工,20.09,19.96,20.09,6840.0,20.14,18.0,0.13,0.65,20.24
601886,江河集团,9.18,8.95,9.0,13616.0,9.21,88.0,0.23,2.57,9.23
601888,中国中免,59.33,58.49,58.7,91087.0,59.35,153.0,0.84,1.44,59.49
601890,亚星锚链,8.96,8.68,8.72,48708.0,8.98,938.0,0.28,3.23,8.98
601898,中煤能源,15.38,16.18,15.9,90170.0,15.4,171.0,-0.8,-4.94,15.98
601899,紫金矿业,31.23,29.09,30.54,1537705.0,31.27,195.0,2.14,7.36,31.35
601900,南方传媒,11.9,11.73,11.72,7827.0,11.92,129.0,0.17,1.45,11.9
601901,方正证券,6.9,6.68,6.74,243284.0,6.92,1459.0,0.22,3.29,6.91
601908,京运通,3.43,3.36,3.36,49466.0,3.45,3737.0,0.07,2.08,3.43
601916,浙商银行,3.08,3.08,3.09,185656.0,3.11,171069.0,0.0,0.0,3.1
601918,新集能源,9.34,9.95,9.71,183666.0,9.36,160.0,-0.61,-6.13,9.76
601919,中远海控,14.84,14.57,14.77,256656.0,14.86,343.0,0.27,1.85,14.92
601921,浙版传媒,7.64,7.68,7.65,27606.0,7.66,24.0,-0.04,-0.52,7.72
601928,凤凰传媒,9.29,9.23,9.22,12948.0,9.31,123.0,0.06,0.65,9.34
601929,吉视传媒,2.48,2.41,2.42,122217.0,2.5,6584.0,0.07,2.9,2.48
601933,永辉超市,3.27,3.21,3.2,169047.0,3.3,9662.0,0.06,1.87,3.28
601939,建设银行,10.55,10.7,10.63,190821.0,10.58,931.0,-0.15,-1.4,10.65
601949,中国出版,5.18,5.13,5.14,15394.0,5.2,993.0,0.05,0.97,5.19
601952,苏垦农发,8.7,8.66,8.64,13220.0,8.72,166.0,0.04,0.46,8.7
601956,东贝集团,5.12,5.01,5.02,13543.0,5.14,95.0,0.11,2.2,5.12
601958,金钼股份,28.07,25.52,27.25,702845.0,0.0,0.0,2.55,9.99,28.07
601963,重庆银行,11.8,11.93,11.9,23021.0,11.82,69.0,-0.13,-1.09,11.9
601965,中国汽研,14.41,14.07,14.09,13080.0,14.44,54.0,0.34,2.42,14.48
601966,玲珑轮胎,12.08,11.87,11.91,26044.0,12.1,711.0,0.21,1.77,12.09
601968,宝钢包装,4.58,4.45,4.44,33041.0,4.61,740.0,0.13,2.92,4.62
601969,海南矿业,9.61,9.37,9.49,35724.0,9.65,250.0,0.24,2.56,9.62
601975,招商南油,4.58,4.16,4.58,283447.0,0.0,0.0,0.42,10.1,4.58
601985,中国核电,9.2,9.24,9.22,177541.0,9.22,1272.0,-0.04,-0.43,9.23
601988,中国银行,6.21,6.29,6.26,627125.0,6.24,7258.0,-0.08,-1.27,6.27
601990,南京证券,6.88,6.63,6.65,85763.0,6.91,193.0,0.25,3.77,6.88
601991,大唐发电,8.25,8.09,8.18,1014784.0,8.27,3752.0,0.16,1.98,8.29
601992,金隅集团,1.56,1.52,1.54,147350.0,1.58,24915.0,0.04,2.63,1.56
601995,中金公司,34.02,32.82,33.05,63796.0,34.07,7.0,1.2,3.66,34.05
601996,丰林集团,2.74,2.71,2.73,168382.0,2.76,2988.0,0.03,1.11,2.81
601997,贵阳银行,5.85,5.81,5.8,66752.0,5.87,2939.0,0.04,0.69,5.85
601998,中信银行,7.65,7.68,7.64,82503.0,7.68,757.0,-0.03,-0.39,7.67
601999,出版传媒,6.06,6.06,6.01,22422.0,6.08,98.0,0.0,0.0,6.13
603000,人民网,16.51,16.3,16.3,27572.0,16.53,204.0,0.21,1.29,16.53
603001,奥康国际,9.67,9.64,9.63,12996.0,9.69,86.0,0.03,0.31,9.85
603002,宏昌电子,18.46,17.43,17.76,183619.0,18.48,150.0,1.03,5.91,18.48
603004,鼎龙科技,20.35,20.23,20.39,10013.0,20.38,37.0,0.12,0.59,20.48
603005,晶方科技,42.08,41.02,41.4,151669.0,42.1,146.0,1.06,2.58,42.62
603006,联明股份,13.45,12.79,12.85,18835.0,13.48,15.0,0.66,5.16,13.64
603007,顺景科技,5.89,5.35,5.75,375245.0,0.0,0.0,0.54,10.09,5.89
603009,北特科技,43.22,42.67,42.97,11993.0,43.25,22.0,0.55,1.29,43.34
603010,万盛股份,13.52,13.23,13.46,36054.0,13.55,60.0,0.29,2.19,13.8
603011,合锻智能,32.92,31.11,31.5,128508.0,32.95,64.0,1.81,5.82,33.3
603012,创力集团,7.68,7.61,7.61,16307.0,7.7,59.0,0.07,0.92,7.85
603013,亚普股份,17.76,17.15,17.5,6976.0,17.79,98.0,0.61,3.56,17.87
603014,威高血净,35.67,36.53,36.17,18236.0,35.7,65.0,-0.86,-2.35,36.17
603015,弘讯科技,12.54,13.27,12.63,69530.0,12.57,21.0,-0.73,-5.5,12.87
603016,新宏泰,35.89,36.09,36.14,10572.0,35.99,1.0,-0.2,-0.55,36.6
603017,中衡设计,11.12,11.07,11.0,7866.0,11.14,48.0,0.05,0.45,11.16
603018,华设集团,6.97,6.84,6.9,6938.0,6.99,202.0,0.13,1.9,6.98
603019,中科曙光,83.41,82.15,83.26,43999.0,83.44,27.0,1.26,1.53,83.5
603020,爱普股份,12.47,13.04,13.1,60581.0,12.5,8.0,-0.57,-4.37,13.1
603022,新通联,9.53,9.3,9.4,5794.0,9.56,67.0,0.23,2.47,9.56
603023,威帝股份,4.07,3.99,4.05,10225.0,4.09,533.0,0.08,2.01,4.08
603025,大豪科技,14.21,13.84,13.9,17928.0,14.23,91.0,0.37,2.67,14.22
603026,石大胜华,87.34,86.35,86.65,40876.0,87.4,26.0,0.99,1.15,87.97
603027,千禾味业,7.97,7.95,7.95,18182.0,8.0,196.0,0.02,0.25,8.03
603028,赛福天,7.63,7.48,7.43,6722.0,7.67,24.0,0.15,2.01,7.77
603029,天鹅股份,16.09,15.7,15.92,2641.0,16.11,25.0,0.39,2.48,16.17
603030,全筑股份,2.37,2.24,2.25,161051.0,2.39,657.0,0.13,5.8,2.45
603031,安孚科技,51.87,50.83,51.31,17610.0,51.9,7.0,1.04,2.05,52.1
603032,德新科技,22.39,21.89,21.8,14783.0,22.43,9.0,0.5,2.28,22.41
603033,三维股份,9.49,9.43,9.43,8431.0,9.52,267.0,0.06,0.64,9.56
603035,常熟汽饰,11.88,11.65,11.67,5586.0,11.9,111.0,0.23,1.97,11.9
603036,如通股份,14.93,14.56,14.8,31813.0,14.96,99.0,0.37,2.54,15.18
603037,凯众股份,11.91,11.68,11.68,7621.0,11.93,534.0,0.23,1.97,11.95
603038,华立股份,15.58,15.58,15.53,5356.0,15.61,15.0,0.0,0.0,15.67
603039,泛微网络,47.36,47.61,47.13,47555.0,47.38,122.0,-0.25,-0.53,48.7
603040,新坐标,91.9,88.73,90.05,6280.0,92.15,1.0,3.17,3.57,92.78
603041,美思德,12.0,11.74,11.79,3498.0,12.07,6.0,0.26,2.21,12.09
603042,华脉科技,18.47,18.08,18.11,22684.0,18.52,4.0,0.39,2.16,18.65
603043,广州酒家,14.38,14.17,14.18,6728.0,14.41,50.0,0.21,1.48,14.42
603045,福达合金,80.09,72.86,74.99,50838.0,0.0,0.0,7.23,9.92,80.15
603048,浙江黎明,19.62,19.42,19.42,2979.0,19.64,14.0,0.2,1.03,19.63
603049,中策橡胶,49.25,47.74,48.1,8520.0,49.27,2.0,1.51,3.16,49.25
603050,科林电气,20.45,20.73,20.11,32645.0,20.48,57.0,-0.28,-1.35,21.19
603051,鹿山新材,20.95,20.48,20.56,8706.0,20.99,36.0,0.47,2.29,21.0
603052,可川科技,85.44,82.53,82.29,10945.0,85.82,10.0,2.91,3.53,86.5
603053,成都燃气,9.08,9.03,9.03,2824.0,9.11,170.0,0.05,0.55,9.1
603055,台华新材,8.47,8.3,8.36,11008.0,8.49,99.0,0.17,2.05,8.52
603057,紫燕食品,25.16,25.56,24.5,6983.0,25.19,42.0,-0.4,-1.56,25.3
603058,永吉股份,10.28,9.98,10.12,14175.0,10.31,16.0,0.3,3.01,10.42
603059,倍加洁,27.37,26.83,27.24,2390.0,27.39,5.0,0.54,2.01,27.49
603060,国检集团,7.68,7.61,7.64,111105.0,7.71,54.0,0.07,0.92,7.99
603061,金海通,321.86,314.18,318.0,3223.0,322.53,1.0,7.68,2.44,323.0
603062,麦加芯彩,43.13,42.42,42.88,750.0,43.3,4.0,0.71,1.67,43.37
603063,禾望电气,47.07,46.88,47.0,51380.0,47.11,363.0,0.19,0.41,47.81
603065,宿迁联盛,12.85,13.6,13.18,387307.0,12.86,23.0,-0.75,-5.51,13.59
603066,XD音飞储,10.51,10.24,10.18,13791.0,10.55,102.0,0.27,2.64,10.54
603067,振华股份,33.09,32.04,33.29,44702.0,33.11,11.0,1.05,3.28,33.3
603068,博通集成,32.83,32.09,32.81,5201.0,32.85,70.0,0.74,2.31,32.84
603069,海汽集团,14.51,14.21,14.39,6034.0,14.54,26.0,0.3,2.11,14.57
603070,万控智造,16.04,14.58,14.89,32380.0,0.0,0.0,1.46,10.01,16.04
603071,物产环能,12.36,12.32,12.37,5717.0,12.39,6.0,0.04,0.32,12.37
603072,天和磁材,38.57,38.02,38.4,11310.0,38.59,13.0,0.55,1.45,38.68
603073,彩蝶实业,17.44,17.01,17.14,2889.0,17.48,22.0,0.43,2.53,17.68
603075,热威股份,22.78,22.62,22.61,2643.0,22.8,21.0,0.16,0.71,22.85
603076,乐惠国际,23.05,23.0,23.17,3759.0,23.1,3.0,0.05,0.22,23.23
603077,和邦生物,2.49,2.42,2.43,350536.0,2.51,12028.0,0.07,2.89,2.49
603078,江化微,40.86,41.72,42.0,125910.0,40.95,4.0,-0.86,-2.06,42.57
603079,圣达生物,13.3,13.1,13.21,1782.0,13.35,15.0,0.2,1.53,13.36
603080,新疆火炬,20.78,20.74,20.68,1942.0,20.8,11.0,0.04,0.19,20.95
603081,大丰实业,9.86,9.7,9.75,4105.0,9.89,411.0,0.16,1.65,9.89
603082,北自科技,33.49,32.81,32.8,4426.0,33.53,24.0,0.68,2.07,33.66
603083,剑桥科技,189.82,182.99,188.18,49599.0,189.86,4.0,6.83,3.73,190.56
603085,天成自控,12.35,11.74,11.88,28653.0,12.37,60.0,0.61,5.2,12.35
603086,先达股份,6.02,5.92,5.9,10919.0,6.05,503.0,0.1,1.69,6.04
603087,甘李药业,55.62,55.62,55.49,8368.0,55.66,13.0,0.0,0.0,55.92
603088,宁波精达,10.09,9.82,9.85,17179.0,10.11,96.0,0.27,2.75,10.1
603089,正裕工业,9.76,9.52,9.64,4013.0,9.8,150.0,0.24,2.52,9.82
603090,宏盛股份,57.33,56.26,57.0,3576.0,57.35,6.0,1.07,1.9,57.55
603091,众鑫股份,67.11,66.27,66.99,680.0,67.15,2.0,0.84,1.27,67.6
603092,德力佳,59.04,59.33,58.88,2943.0,59.19,5.0,-0.29,-0.49,59.29
603093,南华期货,21.03,19.12,19.0,85552.0,0.0,0.0,1.91,9.99,21.03
603095,越剑智能,17.87,17.55,17.8,5339.0,17.89,20.0,0.32,1.82,17.94
603096,新经典,15.3,15.11,15.26,2181.0,15.32,14.0,0.19,1.26,15.35
603097,江苏华辰,25.19,24.75,24.8,2625.0,25.22,125.0,0.44,1.78,25.28
603098,森特股份,11.82,11.66,11.61,6837.0,11.84,21.0,0.16,1.37,11.83
603099,长白山,38.22,38.11,38.11,12047.0,38.25,168.0,0.11,0.29,38.58
603100,川仪股份,18.45,18.27,18.26,6347.0,18.47,3.0,0.18,0.99,18.5
603101,汇嘉时代,7.06,6.89,6.93,15859.0,7.1,891.0,0.17,2.47,7.1
603102,百合股份,35.85,35.08,35.22,788.0,35.91,6.0,0.77,2.19,36.18
603103,横店影视,17.94,18.82,18.0,51027.0,17.97,35.0,-0.88,-4.68,18.3
603105,芯能科技,7.78,7.7,7.72,13571.0,7.81,217.0,0.08,1.04,7.8
603106,恒银科技,7.4,7.14,7.22,12767.0,7.42,268.0,0.26,3.64,7.41
603107,上海汽配,12.7,12.5,12.52,3398.0,12.74,117.0,0.2,1.6,12.7
603108,润达医疗,10.71,10.45,10.45,31327.0,10.74,250.0,0.26,2.49,10.75
603109,神驰机电,18.67,18.43,18.5,1755.0,18.72,145.0,0.24,1.3,18.78
603110,东方材料,21.15,21.13,21.02,9905.0,21.2,21.0,0.02,0.09,21.36
603111,康尼机电,6.33,6.24,6.26,6645.0,6.35,678.0,0.09,1.44,6.35
603112,华翔股份,18.15,18.26,18.39,7242.0,18.2,215.0,-0.11,-0.6,18.4
603113,XD金能科,4.92,4.83,4.88,10522.0,4.94,252.0,0.09,1.86,4.93
603115,海星股份,93.15,90.12,90.98,10040.0,93.18,13.0,3.03,3.36,93.27
603116,红蜻蜓,6.88,6.89,6.89,10729.0,6.91,85.0,-0.01,-0.15,7.01
603117,万林物流,4.04,3.96,3.98,21115.0,4.07,579.0,0.08,2.02,4.09
603118,共进股份,12.38,12.16,12.38,34030.0,12.4,776.0,0.22,1.81,12.41
603119,浙江荣泰,72.73,74.0,73.45,33385.0,72.89,1.0,-1.27,-1.72,73.7
603120,肯特催化,55.69,57.84,58.0,26387.0,55.99,8.0,-2.15,-3.72,58.51
603121,华培动力,14.94,14.67,14.67,6135.0,14.97,23.0,0.27,1.84,14.98
603122,合富中国,12.27,12.12,12.0,11203.0,12.29,158.0,0.15,1.24,12.31
603123,翠微股份,9.4,9.13,9.15,34778.0,9.43,377.0,0.27,2.96,9.45
603124,江南新材,182.6,178.7,178.71,9744.0,182.91,1.0,3.9,2.18,185.0
603125,常青科技,24.88,24.21,24.4,15238.0,24.93,46.0,0.67,2.77,25.08
603126,中材节能,7.64,7.55,7.53,16204.0,7.67,58.0,0.09,1.19,7.68
603127,昭衍新药,32.51,32.52,32.6,28093.0,32.55,142.0,-0.01,-0.03,32.85
603128,华贸物流,5.39,5.3,5.33,19804.0,5.41,837.0,0.09,1.7,5.39
603129,春风动力,228.88,225.17,225.61,1830.0,229.24,1.0,3.71,1.65,231.0
603130,云中马,44.5,43.68,43.71,3257.0,44.63,31.0,0.82,1.88,44.96
603131,上海沪工,18.71,18.66,18.66,12550.0,18.75,19.0,0.05,0.27,18.79
603132,金徽股份,17.38,16.89,17.0,16344.0,17.4,93.0,0.49,2.9,17.85
603135,中重科技,12.33,12.02,12.0,61312.0,12.35,325.0,0.31,2.58,12.35
603136,天目湖,9.23,9.11,9.13,3889.0,9.25,89.0,0.12,1.32,9.24
603137,恒尚节能,12.94,11.76,11.87,15953.0,0.0,0.0,1.18,10.03,12.94
603138,海量数据,16.53,16.21,16.58,9904.0,16.56,417.0,0.32,1.97,16.65
603139,康惠股份,37.93,36.48,36.58,8176.0,37.95,76.0,1.45,3.97,38.0
603150,万朗磁塑,77.66,76.43,75.2,4232.0,77.8,7.0,1.23,1.61,77.98
603151,邦基科技,12.72,12.57,12.68,3914.0,12.76,97.0,0.15,1.19,12.77
603153,上海建科,14.15,13.92,13.91,1822.0,14.19,2.0,0.23,1.65,14.18
603155,新亚强,22.2,22.61,21.6,59597.0,22.26,4.0,-0.41,-1.81,22.49
603156,养元饮品,41.41,41.37,41.37,17823.0,41.44,2.0,0.04,0.1,41.8
603158,腾龙股份,13.16,12.76,12.91,30016.0,13.18,72.0,0.4,3.13,13.19
603160,汇顶科技,56.69,55.99,56.23,10947.0,56.72,1.0,0.7,1.25,56.69
603161,科华控股,14.49,14.52,14.52,5756.0,14.51,9.0,-0.03,-0.21,14.57
603162,海通发展,10.51,9.8,10.18,59658.0,10.53,53.0,0.71,7.24,10.63
603163,圣晖集成,110.02,113.27,112.0,9067.0,110.49,2.0,-3.25,-2.87,113.17
603165,荣晟环保,15.45,15.33,15.61,9223.0,15.54,16.0,0.12,0.78,15.79
603166,福达股份,13.19,13.17,13.09,14168.0,13.21,118.0,0.02,0.15,13.25
603167,渤海轮渡,9.12,9.07,9.12,13122.0,9.14,508.0,0.05,0.55,9.14
603168,莎普爱思,5.51,5.41,5.45,8138.0,5.53,128.0,0.1,1.85,5.54
603169,兰石重装,7.44,7.37,7.41,22208.0,7.46,480.0,0.07,0.95,7.47
603170,宝立食品,12.29,12.17,12.25,5950.0,12.31,12.0,0.12,0.99,12.37
603171,税友股份,46.28,45.42,45.77,6049.0,46.37,6.0,0.86,1.89,46.57
603172,XD万丰股,19.35,18.98,19.14,3239.0,19.39,5.0,0.37,1.95,19.43
603173,福斯达,36.07,34.66,35.51,6607.0,36.12,5.0,1.41,4.07,36.5
603175,超颖电子,85.48,83.98,83.57,10746.0,85.56,5.0,1.5,1.79,86.31
603176,XD汇通集,4.93,4.82,4.86,6351.0,4.96,315.0,0.11,2.28,4.96
603177,德创环保,9.63,9.44,9.52,3526.0,9.66,95.0,0.19,2.01,9.67
603178,圣龙股份,16.92,16.25,16.33,12566.0,16.94,67.0,0.67,4.12,16.97
603179,新泉股份,49.7,48.48,48.51,41081.0,49.74,25.0,1.22,2.52,50.0
603180,金牌家居,16.57,17.48,16.91,13032.0,16.6,13.0,-0.91,-5.21,16.98
603181,皇马科技,15.29,15.39,15.4,16032.0,15.34,3.0,-0.1,-0.65,15.55
603182,嘉华股份,13.0,12.89,12.95,3655.0,13.03,7.0,0.11,0.85,13.14
603183,建研院,3.89,3.83,3.85,14147.0,3.92,308.0,0.06,1.57,3.92
603185,弘元绿能,17.44,17.57,17.4,25152.0,17.47,66.0,-0.13,-0.74,17.6
603186,华正新材,187.33,170.3,178.47,52644.0,0.0,0.0,17.03,10.0,187.33
603187,海容冷链,12.53,12.38,12.52,4957.0,12.55,101.0,0.15,1.21,12.58
603188,亚邦股份,4.44,4.31,4.34,19497.0,4.46,59.0,0.13,3.02,4.46
603190,亚通精工,26.19,25.49,25.49,5962.0,26.3,7.0,0.7,2.75,26.99
603191,望变电气,16.7,15.75,16.3,28674.0,16.73,89.0,0.95,6.03,16.76
603192,汇得科技,19.28,19.05,19.06,1587.0,19.31,2.0,0.23,1.21,19.35
603193,润本股份,21.8,21.6,21.54,3229.0,21.82,1.0,0.2,0.93,21.9
603194,中力股份,37.75,38.61,38.38,8121.0,37.81,25.0,-0.86,-2.23,38.5
603195,公牛集团,39.96,39.98,39.97,8205.0,39.99,30.0,-0.02,-0.05,40.05
603196,璞源材料,23.3,21.85,21.96,10762.0,23.31,381.0,1.45,6.64,23.36
603197,保隆科技,29.3,28.63,28.83,4614.0,29.34,7.0,0.67,2.34,29.35
603198,迎驾贡酒,33.55,33.08,32.81,7438.0,33.62,6.0,0.47,1.42,33.83
603199,九华旅游,33.61,33.29,33.29,1515.0,33.62,15.0,0.32,0.96,33.67
603200,上海洗霸,48.21,46.6,46.64,12273.0,48.25,10.0,1.61,3.45,48.29
603201,常润股份,18.01,18.24,18.34,5300.0,18.07,10.0,-0.23,-1.26,18.4
603202,天有为,67.87,67.7,67.55,1343.0,67.95,3.0,0.17,0.25,68.35
603203,快克智能,54.17,54.1,53.0,59312.0,54.18,75.0,0.07,0.13,55.3
603205,健尔康,22.97,22.53,22.39,1857.0,23.0,10.0,0.44,1.95,23.36
603206,嘉环科技,18.37,18.3,18.0,40789.0,18.39,2.0,0.07,0.38,18.66
603207,小方制药,22.79,22.48,22.48,2069.0,22.82,20.0,0.31,1.38,22.9
603208,江山欧派,11.95,11.91,11.91,2651.0,12.0,42.0,0.04,0.34,12.16
603209,兴通股份,13.77,13.11,13.58,15999.0,13.79,123.0,0.66,5.03,13.96
603210,泰鸿万立,14.64,14.62,14.6,6057.0,14.66,521.0,0.02,0.14,14.77
603211,晋拓股份,29.81,29.78,30.0,29162.0,29.85,5.0,0.03,0.1,30.54
603212,赛伍技术,16.25,16.48,16.16,67767.0,16.28,269.0,-0.23,-1.4,16.4
603213,镇洋发展,14.62,14.75,14.75,7323.0,14.65,19.0,-0.13,-0.88,14.79
603214,爱婴室,13.93,13.7,13.7,2717.0,13.96,1.0,0.23,1.68,13.99
603215,比依股份,14.99,14.76,14.76,1322.0,15.05,15.0,0.23,1.56,15.07
603216,梦天家居,23.12,22.87,22.59,5321.0,23.18,8.0,0.25,1.09,23.31
603217,元利科技,24.16,23.78,23.97,3639.0,24.18,17.0,0.38,1.6,24.22
603218,日月股份,10.9,10.71,10.75,15366.0,10.92,254.0,0.19,1.77,10.9
603219,富佳股份,14.99,14.82,15.0,4201.0,15.01,106.0,0.17,1.15,15.0
603220,中贝通信,23.29,22.42,22.63,66218.0,23.32,61.0,0.87,3.88,23.3
603221,爱丽家居,12.53,12.51,12.51,3141.0,12.55,169.0,0.02,0.16,12.7
603222,济民健康,8.22,8.14,8.14,9805.0,8.25,219.0,0.08,0.98,8.22
603223,恒通股份,9.3,9.25,9.3,15532.0,9.32,21.0,0.05,0.54,9.34
603225,新凤鸣,22.18,20.16,20.76,159669.0,0.0,0.0,2.02,10.02,22.18
603226,菲林格尔,55.95,55.87,55.95,4125.0,55.99,19.0,0.08,0.14,56.58
603227,雪峰科技,8.15,8.01,8.01,9186.0,8.17,125.0,0.14,1.75,8.15
603228,景旺电子,75.75,73.1,75.15,49885.0,75.79,2.0,2.65,3.63,75.89
603229,奥翔药业,8.49,8.52,8.41,14548.0,8.54,21.0,-0.03,-0.35,8.55
603230,内蒙新华,9.84,9.75,9.72,2843.0,9.88,25.0,0.09,0.92,9.91
603231,索宝蛋白,15.87,15.75,15.99,2512.0,15.89,3.0,0.12,0.76,15.99
603232,格尔软件,16.43,16.03,16.2,13960.0,16.45,225.0,0.4,2.5,16.45
603233,大参林,17.25,17.18,17.14,8609.0,17.27,3.0,0.07,0.41,17.4
603235,天新药业,23.76,23.56,23.8,426.0,23.87,19.0,0.2,0.85,23.9
603236,移远通信,54.87,55.5,55.03,18021.0,54.9,5.0,-0.63,-1.14,55.58
603237,五芳斋,15.14,15.35,15.1,5987.0,15.19,7.0,-0.21,-1.37,15.34
603238,诺邦股份,12.82,12.63,12.8,2704.0,12.86,29.0,0.19,1.5,12.91
603239,浙江仙通,17.8,17.38,17.46,7694.0,17.82,7.0,0.42,2.42,17.89
603248,锡华科技,24.53,23.78,23.78,10538.0,24.58,58.0,0.75,3.15,24.56
603255,鼎际得,32.09,31.98,32.0,1825.0,32.16,10.0,0.11,0.34,32.27
603256,宏和科技,206.7,207.89,212.05,30299.0,207.17,5.0,-1.19,-0.57,213.99
603257,中国瑞林,70.02,68.76,68.0,5652.0,70.11,6.0,1.26,1.83,70.7
603258,电魂网络,13.57,13.29,13.3,5389.0,13.61,8.0,0.28,2.11,13.65
603259,药明康德,98.43,99.71,99.1,55441.0,98.48,21.0,-1.28,-1.28,99.39
603260,合盛硅业,42.68,43.36,43.5,61791.0,42.72,12.0,-0.68,-1.57,44.55
603262,技源集团,26.64,26.61,26.48,1591.0,26.68,20.0,0.03,0.11,26.64
603266,天龙股份,17.56,17.18,17.18,4294.0,17.58,16.0,0.38,2.21,17.58
603267,鸿远电子,67.37,62.2,63.0,54859.0,67.45,51.0,5.17,8.31,67.5
603268,松发股份,157.67,147.86,151.47,16832.0,157.83,8.0,9.81,6.63,159.0
603269,海鸥股份,23.33,22.81,22.59,102690.0,23.37,2.0,0.52,2.28,23.47
603270,金帝股份,28.6,28.9,26.99,26153.0,28.65,38.0,-0.3,-1.04,28.77
603271,永杰新材,45.81,45.3,46.0,2767.0,45.86,24.0,0.51,1.13,46.0
603273,天元智能,14.56,14.41,14.46,3294.0,14.58,8.0,0.15,1.04,14.66
603275,众辰科技,40.21,39.44,39.87,1402.0,40.28,3.0,0.77,1.95,40.21
603276,恒兴新材,17.54,17.53,17.64,14933.0,17.57,41.0,0.01,0.06,17.9
603277,银都股份,11.13,10.96,11.01,1993.0,11.15,11.0,0.17,1.55,11.13
603278,大业股份,12.75,11.83,11.88,134348.0,12.78,17.0,0.92,7.78,12.93
603279,景津装备,13.9,13.52,13.79,12814.0,13.92,79.0,0.38,2.81,13.94
603280,南方路机,28.61,27.82,27.82,2740.0,28.68,21.0,0.79,2.84,28.78
603281,江瀚新材,34.72,34.58,34.6,3661.0,34.79,24.0,0.14,0.4,34.84
603282,亚光股份,15.39,15.06,15.18,1520.0,15.45,1.0,0.33,2.19,15.5
603283,赛腾股份,52.11,50.9,53.0,101548.0,52.13,43.0,1.21,2.38,53.3
603284,林平发展,39.81,39.07,39.26,2094.0,39.9,2.0,0.74,1.89,39.95
603285,键邦股份,45.97,45.1,45.1,5509.0,46.12,1.0,0.87,1.93,46.5
603286,日盈电子,56.95,54.35,55.9,9648.0,57.02,2.0,2.6,4.78,57.99
603288,XD海天味,34.77,34.73,34.69,38552.0,34.8,14.0,0.04,0.12,35.08
603289,泰瑞机器,9.16,8.98,8.98,7580.0,9.19,31.0,0.18,2.0,9.21
603290,斯达半导,110.49,109.0,110.5,11836.0,110.59,20.0,1.49,1.37,111.8
603291,联合水务,9.18,9.1,9.06,7953.0,9.21,40.0,0.08,0.88,9.26
603293,埃泰克,41.0,40.09,40.22,3233.0,41.07,3.0,0.91,2.27,41.09
603296,华勤技术,104.34,102.77,103.6,17464.0,104.37,1.0,1.57,1.53,105.47
603297,永新光学,117.8,117.3,117.3,2649.0,117.89,3.0,0.5,0.43,118.43
603298,杭叉集团,25.41,24.65,24.77,25321.0,25.46,13.0,0.76,3.08,26.2
603299,苏盐井神,10.24,10.15,10.15,7099.0,10.26,111.0,0.09,0.89,10.24
603300,海南华铁,5.27,5.09,5.14,92092.0,5.29,1317.0,0.18,3.54,5.28
603301,振德医疗,83.69,85.6,84.75,4148.0,83.89,1.0,-1.91,-2.23,84.75
603303,得邦照明,31.77,32.7,32.2,24570.0,31.93,40.0,-0.93,-2.84,32.59
603305,旭升集团,13.95,13.73,13.75,39906.0,13.97,372.0,0.22,1.6,13.97
603306,华懋科技,101.27,100.98,101.48,15186.0,101.36,15.0,0.29,0.29,102.39
603307,扬州金泉,26.53,25.94,25.94,1490.0,26.67,10.0,0.59,2.27,26.72
603308,应流股份,60.32,60.15,59.82,62684.0,60.36,24.0,0.17,0.28,60.99
603309,维力医疗,11.76,11.73,11.72,5030.0,11.79,17.0,0.03,0.26,11.8
603310,巍华新材,16.03,15.6,16.3,10402.0,16.06,54.0,0.43,2.76,16.36
603311,金海高科,37.95,38.51,38.05,32074.0,38.02,1.0,-0.56,-1.45,39.89
603312,西典新能,34.85,34.1,35.5,2022.0,34.9,2.0,0.75,2.2,35.5
603313,梦百合,5.34,5.31,5.31,12469.0,5.37,188.0,0.03,0.56,5.4
603315,福鞍股份,16.51,16.25,16.24,19223.0,16.53,4.0,0.26,1.6,16.56
603316,诚邦股份,19.51,19.18,19.56,22493.0,19.53,23.0,0.33,1.72,19.67
603317,天味食品,14.08,13.82,13.82,15031.0,14.1,22.0,0.26,1.88,14.22
603318,水发燃气,8.99,9.16,8.93,135165.0,9.01,92.0,-0.17,-1.86,9.0
603319,美湖股份,34.85,36.3,36.0,87622.0,34.91,1.0,-1.45,-3.99,36.68
603320,迪贝电气,20.06,19.67,19.7,2404.0,20.1,2.0,0.39,1.98,20.2
603321,梅轮电梯,6.46,6.35,6.35,6699.0,6.49,23.0,0.11,1.73,6.52
603322,超讯通信,28.53,28.01,28.01,5666.0,28.56,49.0,0.52,1.86,28.56
603323,苏农银行,4.91,4.89,4.89,56157.0,4.94,5786.0,0.02,0.41,4.92
603324,盛剑科技,33.27,33.76,33.4,45993.0,33.27,11.0,-0.49,-1.45,33.57
603325,博隆技术,59.02,58.98,59.22,360.0,59.16,5.0,0.04,0.07,59.56
603326,我乐家居,7.1,6.99,7.02,3026.0,7.12,50.0,0.11,1.57,7.15
603327,福蓉科技,10.32,9.71,9.79,74623.0,10.34,123.0,0.61,6.28,10.47
603328,依顿电子,14.11,13.38,13.47,137986.0,14.14,1072.0,0.73,5.46,14.26
603329,上海雅仕,10.17,9.97,10.09,6660.0,10.19,2.0,0.2,2.01,10.22
603330,天洋新材,8.47,8.54,8.54,108495.0,8.5,257.0,-0.07,-0.82,8.77
603331,百达精工,12.06,11.84,11.93,6701.0,12.09,21.0,0.22,1.86,12.12
603332,苏州龙杰,11.67,11.47,11.62,5800.0,11.69,26.0,0.2,1.74,11.78
603333,福华尚纬,8.62,8.51,8.49,33533.0,8.65,459.0,0.11,1.29,8.67
603334,丰倍生物,41.09,41.15,40.68,2800.0,41.15,12.0,-0.06,-0.15,41.66
603335,迪生力,8.86,8.05,8.86,7082.0,0.0,0.0,0.81,10.06,8.86
603336,宏辉果蔬,8.78,8.76,8.77,19762.0,8.8,103.0,0.02,0.23,8.87
603337,杰克科技,39.03,38.45,38.8,3540.0,39.1,17.0,0.58,1.51,39.08
603338,浙江鼎力,50.31,49.34,49.95,5813.0,50.33,1.0,0.97,1.97,50.87
603339,四方科技,12.93,12.73,12.79,4063.0,12.96,106.0,0.2,1.57,12.95
603341,龙旗科技,36.67,35.65,36.0,12033.0,36.69,12.0,1.02,2.86,36.7
603344,星德胜,29.03,28.73,28.73,2985.0,29.07,14.0,0.3,1.04,29.19
603345,安井食品,90.69,90.18,89.88,7248.0,90.78,1.0,0.51,0.57,91.5
603348,文灿股份,15.27,14.92,14.92,3596.0,15.3,4.0,0.35,2.35,15.38
603350,安乃达,30.55,30.01,30.3,801.0,30.6,10.0,0.54,1.8,30.55
603351,威尔药业,25.59,25.59,25.69,471.0,25.64,6.0,0.0,0.0,25.69
603352,至信股份,28.74,28.05,28.18,2143.0,28.77,5.0,0.69,2.46,28.76
603353,和顺石油,39.69,38.77,38.19,16383.0,39.75,5.0,0.92,2.37,40.65
603355,莱克电气,27.19,27.4,27.27,4908.0,27.25,1.0,-0.21,-0.77,27.68
603356,华菱精工,18.5,18.34,18.5,5723.0,18.53,6.0,0.16,0.87,18.8
603357,设计总院,6.81,6.72,6.76,4881.0,6.83,224.0,0.09,1.34,6.82
603358,华达科技,39.39,38.51,38.89,31841.0,39.48,1.0,0.88,2.29,39.98
603360,百傲化学,19.02,18.83,18.91,19816.0,19.04,115.0,0.19,1.01,19.05
603363,傲农生物,3.0,2.95,2.95,42135.0,3.02,2312.0,0.05,1.69,3.02
603365,水星家纺,18.73,18.6,18.6,2028.0,18.76,15.0,0.13,0.7,18.8
603366,日出东方,7.12,6.97,6.98,11900.0,7.14,578.0,0.15,2.15,7.15
603367,辰欣药业,13.4,13.27,13.28,8034.0,13.42,62.0,0.13,0.98,13.43
603368,柳药集团,16.65,16.61,16.68,4729.0,16.67,65.0,0.04,0.24,16.68
603369,今世缘,25.52,25.06,24.96,16497.0,25.55,26.0,0.46,1.84,25.58
603370,华新精科,43.45,43.35,43.35,927.0,43.45,55.0,0.1,0.23,43.56
603373,安邦护卫,34.37,32.93,33.3,7597.0,34.48,5.0,1.44,4.37,34.97
603375,盛景微,48.62,49.85,49.29,6501.0,48.7,1.0,-1.23,-2.47,49.91
603376,大明电子,27.23,26.89,26.89,1947.0,27.3,16.0,0.34,1.26,27.28
603379,三美股份,64.72,63.58,67.99,59025.0,64.83,1.0,1.14,1.79,68.41
603380,易德龙,35.66,35.22,35.31,2245.0,35.67,1.0,0.44,1.25,35.7
603381,永臻股份,17.46,17.09,17.1,5773.0,17.49,4.0,0.37,2.17,17.48
603382,海阳科技,20.09,20.16,19.7,5325.0,20.12,39.0,-0.07,-0.35,20.21
603383,顶点软件,29.88,28.69,28.69,13182.0,29.9,38.0,1.19,4.15,30.0
603385,惠达卫浴,5.57,5.47,5.54,6608.0,5.6,130.0,0.1,1.83,5.62
603386,骏亚科技,17.72,17.23,16.97,34939.0,17.77,23.0,0.49,2.84,17.82
603387,基蛋生物,8.27,8.14,8.18,12197.0,8.3,697.0,0.13,1.6,8.3
603390,通达电气,11.66,11.3,11.4,12285.0,11.69,3.0,0.36,3.19,11.73
603391,力聚热能,57.36,55.8,57.49,2177.0,57.43,1.0,1.56,2.8,58.85
603392,万泰生物,29.37,29.52,29.23,11705.0,29.39,18.0,-0.15,-0.51,29.42
603393,新天然气,27.4,27.18,26.8,21908.0,27.42,4.0,0.22,0.81,27.63
603395,红四方,22.94,22.71,22.53,3722.0,22.96,6.0,0.23,1.01,22.95
603396,金辰股份,29.65,29.41,29.92,3484.0,29.69,3.0,0.24,0.82,29.92
603399,永杉锂业,21.2,20.45,20.0,427516.0,21.22,291.0,0.75,3.67,21.48
603400,华之杰,59.96,59.03,59.77,972.0,59.97,10.0,0.93,1.58,59.97
603402,陕西旅游,72.47,72.45,72.0,2502.0,72.57,7.0,0.02,0.03,72.7
603406,天富龙,28.7,28.11,28.23,1667.0,28.74,25.0,0.59,2.1,28.75
603407,长裕集团,53.5,51.95,52.5,8192.0,53.55,8.0,1.55,2.98,53.95
603408,建霖家居,10.35,10.29,10.32,3471.0,10.38,63.0,0.06,0.58,10.43
603409,汇通控股,32.4,31.76,31.5,14559.0,32.42,4.0,0.64,2.02,32.5
603416,信捷电气,53.85,53.4,53.36,2979.0,53.94,1.0,0.45,0.84,54.09
603418,友升股份,50.03,49.59,49.2,2122.0,50.08,34.0,0.44,0.89,50.15
603421,鼎信通讯,6.68,6.55,6.53,8478.0,6.7,339.0,0.13,1.98,6.68
603435,嘉德利,62.29,60.91,62.45,9477.0,62.33,12.0,1.38,2.27,62.73
603439,三力制药,14.8,14.95,14.86,17661.0,14.83,47.0,-0.15,-1.0,15.01
603444,吉比特,341.1,338.6,338.2,2534.0,341.3,2.0,2.5,0.74,343.29
603456,九洲药业,12.78,12.78,12.78,21647.0,12.82,174.0,0.0,0.0,12.84
603458,勘设股份,14.09,12.97,13.01,90567.0,14.15,208.0,1.12,8.64,14.14
603459,红板科技,79.38,75.67,77.18,33443.0,79.43,1.0,3.71,4.9,79.57
603466,风语筑,11.05,11.45,11.49,216854.0,11.08,2.0,-0.4,-3.49,11.71
603477,巨星农牧,14.42,14.12,14.14,19371.0,14.44,30.0,0.3,2.12,14.45
603486,科沃斯,55.46,54.48,54.48,12342.0,55.49,11.0,0.98,1.8,55.64
603488,展鹏科技,12.28,12.09,11.95,20209.0,12.33,140.0,0.19,1.57,12.35
603489,八方股份,32.38,31.37,31.51,5429.0,32.42,9.0,1.01,3.22,32.48
603496,恒为科技,22.45,21.84,21.95,13676.0,22.47,377.0,0.61,2.79,22.49
603499,翔港科技,18.83,18.05,18.15,15338.0,18.87,18.0,0.78,4.32,19.19
603500,祥和实业,12.71,12.86,12.97,64289.0,12.73,33.0,-0.15,-1.17,13.3
603501,豪威集团,87.09,86.01,86.7,29411.0,87.22,3.0,1.08,1.26,87.2
603505,金石资源,19.0,18.77,19.6,72770.0,19.05,31.0,0.23,1.23,19.75
603506,南都物业,10.91,10.63,10.72,6056.0,10.95,1.0,0.28,2.63,10.98
603507,振江股份,37.31,36.51,37.48,20943.0,37.39,8.0,0.8,2.19,38.49
603508,思维列控,22.03,21.79,21.8,4716.0,22.06,128.0,0.24,1.1,22.06
603511,爱慕股份,12.76,12.57,12.57,4416.0,12.79,2.0,0.19,1.51,12.9
603515,欧普照明,19.04,18.86,18.86,1010.0,19.08,5.0,0.18,0.95,19.04
603516,淳中科技,122.4,111.27,112.96,37050.0,0.0,0.0,11.13,10.0,122.4
603518,锦泓集团,8.42,8.37,8.38,9757.0,8.45,561.0,0.05,0.6,8.45
603519,立霸股份,13.44,13.64,13.6,30953.0,13.48,89.0,-0.2,-1.47,13.62
603520,司太立,9.48,9.37,9.4,16673.0,9.5,207.0,0.11,1.17,9.53
603527,众源新材,13.95,13.63,13.89,57080.0,13.97,10.0,0.32,2.35,14.1
603528,多伦科技,6.9,7.13,7.06,116158.0,6.93,48.0,-0.23,-3.23,7.1
603529,爱玛科技,21.16,20.88,20.97,10751.0,21.19,185.0,0.28,1.34,21.2
603530,神马电力,53.6,53.15,53.39,4817.0,53.67,3.0,0.45,0.85,54.02
603533,掌阅科技,20.57,19.97,20.15,35547.0,20.58,35.0,0.6,3.0,20.59
603535,嘉诚国际,6.94,6.68,6.69,13213.0,6.96,142.0,0.26,3.89,6.98
603536,惠发食品,9.06,8.96,8.94,6064.0,9.09,143.0,0.1,1.12,9.1
603538,美诺华,38.65,38.4,38.0,32898.0,38.71,1.0,0.25,0.65,39.04
603551,奥普科技,9.93,9.85,9.83,2725.0,9.96,50.0,0.08,0.81,9.95
603556,海兴电力,24.14,23.79,23.99,4697.0,24.16,36.0,0.35,1.47,24.19
603558,健盛集团,12.13,12.01,12.09,5341.0,12.14,46.0,0.12,1.0,12.2
603565,中谷物流,10.22,9.92,10.02,39160.0,10.24,266.0,0.3,3.02,10.22
603566,普莱柯,10.6,10.47,10.46,5993.0,10.63,23.0,0.13,1.24,10.63
603567,珍宝岛,6.11,6.0,5.94,42677.0,6.13,709.0,0.11,1.83,6.16
603568,伟明环保,16.65,16.2,16.43,28542.0,16.67,16.0,0.45,2.78,16.87
603569,XD长久物,5.83,5.89,5.92,26486.0,5.86,377.0,-0.06,-1.02,5.96
603577,汇金通,9.49,9.25,9.49,6193.0,9.52,132.0,0.24,2.59,9.51
603578,三星新材,13.18,12.84,12.84,7060.0,13.23,41.0,0.34,2.65,13.23
603579,荣泰健康,18.97,18.73,18.72,2730.0,19.0,49.0,0.24,1.28,19.04
603583,捷昌驱动,24.6,24.13,24.0,4673.0,24.62,9.0,0.47,1.95,24.65
603585,苏利股份,15.54,15.31,15.3,4260.0,15.57,27.0,0.23,1.5,15.56
603586,金麒麟,18.32,18.42,18.42,4173.0,18.34,12.0,-0.1,-0.54,18.44
603587,地素时尚,12.15,12.17,12.01,6558.0,12.17,103.0,-0.02,-0.16,12.25
603588,高能环境,14.02,14.21,14.41,161208.0,14.04,64.0,-0.19,-1.34,14.46
603589,口子窖,20.45,20.25,20.32,10504.0,20.47,105.0,0.2,0.99,20.55
603590,康辰药业,29.99,29.93,30.08,2361.0,30.05,89.0,0.06,0.2,30.09
603596,伯特利,28.19,27.54,27.54,49905.0,28.19,51.0,0.65,2.36,28.25
603598,引力传媒,19.46,18.9,19.03,30941.0,19.48,101.0,0.56,2.96,19.47
603599,广信股份,11.46,11.02,11.0,41942.0,11.49,492.0,0.44,3.99,11.48
603600,永艺股份,9.77,9.83,9.83,10242.0,9.79,32.0,-0.06,-0.61,9.84
603601,再升科技,13.68,13.51,13.57,287494.0,13.71,112.0,0.17,1.26,13.72
603602,纵横通信,12.97,12.72,12.88,7847.0,13.0,72.0,0.25,1.97,13.04
603605,珀莱雅,67.01,67.2,67.2,7941.0,67.08,6.0,-0.19,-0.28,67.5
603606,东方电缆,41.9,41.6,41.11,66565.0,41.92,4.0,0.3,0.72,42.61
603607,京华激光,21.85,21.62,21.63,5102.0,21.88,28.0,0.23,1.06,22.06
603608,天创时尚,23.88,26.39,25.5,200831.0,23.95,70.0,-2.51,-9.51,25.8
603609,禾丰股份,6.21,6.12,6.14,6463.0,6.24,6.0,0.09,1.47,6.22
603610,麒盛科技,17.71,17.32,17.23,12605.0,17.74,2.0,0.39,2.25,17.86
603611,诺力股份,17.75,17.62,17.6,4155.0,17.78,21.0,0.13,0.74,17.91
603612,索通发展,20.52,19.95,20.08,22220.0,20.54,10.0,0.57,2.86,20.52
603613,国联股份,19.96,19.77,19.87,22908.0,19.98,1.0,0.19,0.96,20.25
603615,茶花股份,17.51,17.45,17.36,4477.0,17.53,8.0,0.06,0.34,17.66
603616,韩建河山,6.31,6.67,6.45,144560.0,6.34,98.0,-0.36,-5.4,6.45
603617,君禾股份,7.5,7.32,7.4,14831.0,7.52,621.0,0.18,2.46,7.54
603618,杭电股份,41.26,38.86,39.5,191572.0,41.33,2.0,2.4,6.18,41.48
603619,中曼石油,24.24,24.84,23.94,46000.0,24.27,16.0,-0.6,-2.42,24.47
603626,科森科技,21.46,21.1,21.18,34001.0,21.5,118.0,0.36,1.71,21.61
603628,清源股份,10.49,10.38,10.39,4520.0,10.51,36.0,0.11,1.06,10.56
603629,利通电子,163.8,152.15,152.14,98592.0,163.94,4.0,11.65,7.66,165.3
603630,拉芳家化,13.55,13.23,13.37,6338.0,13.57,2.0,0.32,2.42,13.65
603633,徕木股份,8.11,7.51,7.53,82653.0,8.15,137.0,0.6,7.99,8.23
603636,南威软件,9.08,8.73,8.76,57291.0,9.11,153.0,0.35,4.01,9.11
603637,镇海股份,17.3,18.1,17.75,29793.0,17.4,11.0,-0.8,-4.42,18.16
603638,XD艾迪精,23.52,23.16,23.16,22816.0,23.54,10.0,0.36,1.55,23.67
603639,海利尔,11.01,10.91,10.9,2434.0,11.05,38.0,0.1,0.92,11.06
603648,畅联股份,9.0,8.78,8.88,9594.0,9.03,411.0,0.22,2.51,9.08
603650,彤程新材,61.21,59.43,61.5,71125.0,61.24,13.0,1.78,3.0,61.98
603655,朗博科技,34.67,33.11,33.28,3976.0,34.77,1.0,1.56,4.71,35.1
603656,泰禾智能,18.3,18.22,18.5,3721.0,18.31,25.0,0.08,0.44,18.5
603657,春光科技,23.71,22.93,22.93,19319.0,23.75,29.0,0.78,3.4,23.83
603658,安图生物,31.52,31.26,31.3,5635.0,31.55,3.0,0.26,0.83,31.8
603659,璞泰来,29.28,28.34,28.75,104613.0,29.3,380.0,0.94,3.32,29.28
603660,苏州科达,11.24,11.13,11.12,31854.0,11.27,20.0,0.11,0.99,11.38
603661,恒林股份,34.96,35.44,35.86,6120.0,35.0,4.0,-0.48,-1.35,35.9
603662,柯力传感,64.76,64.34,64.34,18854.0,64.87,20.0,0.42,0.65,65.01
603663,三祥新材,71.3,72.6,75.43,54317.0,71.4,6.0,-1.3,-1.79,76.18
603665,康隆达,26.14,26.03,25.85,1211.0,26.21,14.0,0.11,0.42,26.4
603666,亿嘉和,26.3,26.26,26.26,3725.0,26.34,6.0,0.04,0.15,26.41
603667,五洲新春,65.23,63.93,64.5,27561.0,65.28,18.0,1.3,2.03,65.26
603668,天马科技,11.5,11.39,11.38,10747.0,11.53,34.0,0.11,0.97,11.68
603669,灵康药业,4.63,4.69,4.64,23377.0,4.65,158.0,-0.06,-1.28,4.71
603676,卫信康,9.1,8.97,8.91,2117.0,9.12,27.0,0.13,1.45,9.15
603677,奇精机械,14.83,14.61,14.58,1603.0,14.86,49.0,0.22,1.51,14.85
603678,火炬电子,63.97,58.15,59.9,132001.0,0.0,0.0,5.82,10.01,63.97
603679,华体科技,19.02,18.67,18.67,20341.0,19.05,2.0,0.35,1.87,19.28
603680,今创集团,11.4,11.14,11.2,7140.0,11.45,62.0,0.26,2.33,11.45
603681,永冠新材,24.95,24.9,25.1,43397.0,24.98,3.0,0.05,0.2,25.31
603682,锦和商管,8.32,8.39,8.39,20423.0,8.36,29.0,-0.07,-0.83,8.59
603683,晶华新材,31.18,30.17,30.45,29434.0,31.2,626.0,1.01,3.35,31.2
603685,晨丰科技,30.85,30.19,30.5,2190.0,30.89,9.0,0.66,2.19,30.85
603686,福龙马,14.77,14.43,14.44,15186.0,14.79,25.0,0.34,2.36,14.83
603687,大胜达,18.47,18.38,18.44,47355.0,18.49,29.0,0.09,0.49,18.7
603688,石英股份,70.9,70.89,71.36,97804.0,70.94,4.0,0.01,0.01,72.88
603689,皖天然气,7.79,7.76,7.73,5289.0,7.82,102.0,0.03,0.39,7.83
603690,至纯科技,26.92,26.68,27.35,56317.0,27.0,256.0,0.24,0.9,27.5
603693,江苏新能,14.72,14.6,14.7,18715.0,14.75,104.0,0.12,0.82,14.75
603696,安记食品,13.0,12.8,12.88,5880.0,13.04,19.0,0.2,1.56,13.08
603697,有友食品,11.64,11.45,11.34,14652.0,11.66,73.0,0.19,1.66,11.67
603698,航天工程,30.8,30.93,30.49,18045.0,30.82,22.0,-0.13,-0.42,30.86
603699,纽威股份,55.43,51.96,52.99,20261.0,55.53,1.0,3.47,6.68,55.9
603700,宁水集团,10.99,10.7,10.78,10272.0,11.01,21.0,0.29,2.71,11.13
603701,德宏股份,22.71,22.71,22.83,4641.0,22.77,1.0,0.0,0.0,22.96
603703,盛洋科技,11.32,11.17,11.17,15880.0,11.34,37.0,0.15,1.34,11.35
603706,东方环宇,20.41,20.21,20.14,2929.0,20.43,24.0,0.2,0.99,20.58
603707,健友股份,7.73,7.75,7.75,15611.0,7.75,186.0,-0.02,-0.26,7.8
603708,家家悦,9.78,9.74,9.74,4051.0,9.8,62.0,0.04,0.41,9.83
603709,中源家居,15.66,15.36,15.4,2719.0,15.68,1.0,0.3,1.95,15.8
603711,香飘飘,13.16,13.13,13.07,4009.0,13.19,22.0,0.03,0.23,13.21
603712,七一二,14.0,13.79,13.6,24391.0,14.02,229.0,0.21,1.52,14.03
603713,密尔克卫,58.04,57.65,58.25,9052.0,58.12,11.0,0.39,0.68,58.7
603716,塞力医疗,16.06,15.86,15.78,7592.0,16.08,21.0,0.2,1.26,16.1
603717,天域生物,6.61,6.37,6.46,29405.0,6.64,67.0,0.24,3.77,6.69
603719,良品铺子,9.67,9.63,9.55,8534.0,9.69,5.0,0.04,0.42,9.73
603721,中广天择,19.01,18.54,18.54,7676.0,19.03,152.0,0.47,2.54,19.05
603722,阿科力,38.56,39.96,40.0,6589.0,38.61,50.0,-1.4,-3.5,40.0
603725,天安新材,10.72,10.88,10.82,10741.0,10.74,6.0,-0.16,-1.47,10.94
603726,朗迪集团,26.54,25.3,25.65,14453.0,26.56,333.0,1.24,4.9,26.58
603727,博迈科,15.41,14.01,14.78,17920.0,0.0,0.0,1.4,9.99,15.41
603728,鸣志电器,61.04,60.7,60.7,12836.0,61.12,2.0,0.34,0.56,61.55
603730,岱美股份,13.01,12.5,12.5,72823.0,13.04,69.0,0.51,4.08,13.15
603733,仙鹤股份,28.02,28.96,28.39,33450.0,28.12,102.0,-0.94,-3.25,28.87
603737,三棵树,28.48,27.0,27.36,27551.0,28.52,2.0,1.48,5.48,28.78
603738,泰晶科技,52.34,51.74,56.91,263798.0,52.38,2.0,0.6,1.16,56.91
603739,蔚蓝生物,12.68,12.57,12.57,4607.0,12.72,55.0,0.11,0.88,12.82
603755,日辰股份,26.67,26.72,26.87,1651.0,26.7,32.0,-0.05,-0.19,27.04
603757,大元泵业,51.48,46.9,48.3,33022.0,51.5,577.0,4.58,9.77,51.5
603758,秦安股份,10.49,10.21,10.28,5136.0,10.52,48.0,0.28,2.74,10.51
603759,海天股份,7.76,7.6,7.62,6233.0,7.79,379.0,0.16,2.11,7.79
603766,隆鑫通用,12.99,12.66,12.66,27951.0,13.01,1.0,0.33,2.61,13.08
603767,中马传动,16.16,15.92,15.83,7667.0,16.19,64.0,0.24,1.51,16.2
603768,常青股份,10.79,10.52,10.55,9975.0,10.82,75.0,0.27,2.57,10.89
603773,沃格光电,129.98,129.8,128.51,84673.0,130.02,2.0,0.18,0.14,130.02
603776,永安行,20.13,20.2,20.1,5289.0,20.17,12.0,-0.07,-0.35,20.45
603777,来伊份,16.32,16.22,16.0,8786.0,16.35,85.0,0.1,0.62,16.5
603778,国晟科技,18.11,18.24,18.6,132263.0,18.13,54.0,-0.13,-0.71,18.84
603779,威龙股份,8.12,8.03,8.06,30699.0,8.14,78.0,0.09,1.12,8.16
603786,科博达,47.44,46.38,46.5,4187.0,47.5,118.0,1.06,2.29,47.49
603787,新日股份,10.1,9.91,9.92,5746.0,10.13,10.0,0.19,1.92,10.2
603788,宁波高发,14.81,14.62,14.7,1707.0,14.84,29.0,0.19,1.3,14.84
603790,雅运股份,25.36,25.12,25.63,5725.0,25.41,35.0,0.24,0.96,25.8
603797,联泰环保,4.27,4.19,4.19,8221.0,4.29,45.0,0.08,1.91,4.31
603798,康普顿,16.12,16.03,16.08,6298.0,16.14,16.0,0.09,0.56,16.16
603799,华友钴业,52.83,50.22,51.85,264403.0,52.86,43.0,2.61,5.2,52.99
603800,洪田股份,71.23,68.03,68.85,31912.0,71.3,200.0,3.2,4.7,71.89
603801,志邦家居,6.86,6.83,6.88,13662.0,6.88,2033.0,0.03,0.44,6.88
603803,瑞斯康达,11.75,11.5,11.6,15799.0,11.77,38.0,0.25,2.17,11.76
603806,福斯特,15.2,14.82,15.01,71595.0,15.22,159.0,0.38,2.56,15.22
603808,歌力思,9.21,9.11,9.14,8202.0,9.25,22.0,0.1,1.1,9.29
603809,豪能股份,9.97,10.5,9.71,87385.0,10.0,235.0,-0.53,-5.05,10.07
603810,丰山集团,12.76,12.45,12.83,3221.0,12.79,6.0,0.31,2.49,12.88
603811,诚意药业,10.8,10.54,10.59,8362.0,10.83,3.0,0.26,2.47,10.85
603815,交建股份,6.21,6.07,6.18,62887.0,6.23,142.0,0.14,2.31,6.42
603816,顾家家居,27.22,27.13,27.17,8369.0,27.24,1.0,0.09,0.33,27.58
603817,海峡环保,6.02,5.89,5.89,16352.0,6.05,257.0,0.13,2.21,6.06
603818,曲美家居,3.04,3.01,3.01,28849.0,3.07,1436.0,0.03,1.0,3.08
603819,神力股份,11.99,11.62,11.89,9352.0,12.03,13.0,0.37,3.18,12.06
603823,百合花,43.86,43.01,43.53,50041.0,43.89,4.0,0.85,1.98,44.02
603826,坤彩科技,31.65,31.45,31.72,16687.0,31.68,110.0,0.2,0.64,31.85
603829,洛凯股份,19.82,19.5,19.72,7771.0,19.87,4.0,0.32,1.64,20.07
603833,欧派家居,35.5,35.65,35.38,7391.0,35.55,76.0,-0.15,-0.42,35.66
603836,海程邦达,12.13,11.87,11.96,4702.0,12.15,3.0,0.26,2.19,12.18
603839,安正时尚,6.67,6.57,6.56,6013.0,6.7,99.0,0.1,1.52,6.7
603848,好太太,14.2,13.99,13.99,4452.0,14.25,14.0,0.21,1.5,14.35
603855,华荣股份,17.63,17.44,17.51,1954.0,17.65,212.0,0.19,1.09,17.65
603856,东宏股份,12.56,12.55,12.7,18807.0,12.59,132.0,0.01,0.08,12.94
603858,步长制药,15.25,15.22,15.15,11134.0,15.3,27.0,0.03,0.2,15.35
603859,能科科技,52.48,51.41,51.37,79091.0,52.53,4.0,1.07,2.08,53.1
603860,中公高科,27.11,26.73,26.93,3514.0,27.19,1.0,0.38,1.42,27.32
603861,白云电器,15.33,15.4,15.41,47567.0,15.36,19.0,-0.07,-0.45,15.71
603863,松炀资源,15.56,15.53,15.6,3499.0,15.59,59.0,0.03,0.19,15.72
603866,桃李面包,4.17,4.1,4.1,44210.0,4.2,1190.0,0.07,1.71,4.18
603867,新化股份,39.0,39.04,38.88,8439.0,39.07,34.0,-0.04,-0.1,39.25
603868,飞科电器,34.76,33.9,33.9,5975.0,34.8,105.0,0.86,2.54,34.87
603871,嘉友国际,12.47,12.39,12.59,20863.0,12.5,140.0,0.08,0.65,12.6
603876,鼎胜新材,27.17,26.47,26.8,68206.0,27.19,384.0,0.7,2.64,27.21
603877,太平鸟,13.31,13.51,13.51,6735.0,13.35,7.0,-0.2,-1.48,13.51
603878,武进不锈,6.48,6.29,6.45,47216.0,6.5,423.0,0.19,3.02,6.54
603879,永悦科技,4.98,4.85,4.9,14198.0,5.0,94.0,0.13,2.68,5.02
603880,南卫股份,7.69,7.58,7.61,7190.0,7.71,145.0,0.11,1.45,7.81
603881,数据港,31.63,30.85,31.08,37421.0,31.65,138.0,0.78,2.53,31.66
603882,金域医学,24.99,25.28,25.05,11447.0,25.01,22.0,-0.29,-1.15,25.14
603883,老百姓,12.2,12.1,12.11,11261.0,12.23,37.0,0.1,0.83,12.22
603885,吉祥航空,11.87,11.35,11.75,118059.0,11.89,339.0,0.52,4.58,11.99
603886,元祖股份,12.87,12.52,12.52,27793.0,12.89,19.0,0.35,2.8,12.93
603887,城地香江,10.97,10.62,10.65,29955.0,11.0,1566.0,0.35,3.3,11.02
603888,新华网,18.4,18.06,18.15,19116.0,18.42,24.0,0.34,1.88,18.4
603889,新澳股份,6.0,6.06,6.05,16107.0,6.03,102.0,-0.06,-0.99,6.07
603890,春秋电子,23.73,22.84,23.05,92154.0,23.77,457.0,0.89,3.9,23.86
603893,瑞芯微,162.37,160.51,162.68,8007.0,162.6,3.0,1.86,1.16,163.25
603895,天永智能,30.3,30.05,30.05,1312.0,30.35,1.0,0.25,0.83,30.56
603896,寿仙谷,15.57,15.61,15.58,4579.0,15.65,20.0,-0.04,-0.26,15.61
603897,长城科技,36.45,35.79,36.47,13236.0,36.48,6.0,0.66,1.84,36.68
603898,好莱客,12.77,12.75,12.6,9014.0,12.79,5.0,0.02,0.16,12.82
603899,晨光股份,22.64,22.58,22.62,6608.0,22.68,5.0,0.06,0.27,22.86
603900,莱绅通灵,6.56,6.41,6.43,16176.0,6.58,224.0,0.15,2.34,6.64
603901,永创智能,10.98,10.77,10.84,11026.0,11.01,41.0,0.21,1.95,11.0
603903,中持股份,11.72,11.6,11.63,5942.0,11.75,30.0,0.12,1.03,11.76
603906,龙蟠科技,24.56,24.32,24.16,74380.0,24.59,21.0,0.24,0.99,24.76
603908,牧高笛,19.91,19.63,19.72,1479.0,19.97,15.0,0.28,1.43,20.16
603909,建发合诚,9.88,9.71,9.98,4903.0,9.94,16.0,0.17,1.75,9.98
603912,佳力图,8.38,8.1,8.37,26132.0,8.41,128.0,0.28,3.46,8.4
603915,国茂股份,15.28,15.1,15.25,14147.0,15.3,87.0,0.18,1.19,15.32
603916,苏博特,14.32,14.35,13.8,68843.0,14.35,2.0,-0.03,-0.21,14.55
603917,合力科技,11.87,11.73,11.89,5466.0,11.89,69.0,0.14,1.19,11.97
603918,金桥信息,10.85,10.56,10.69,15878.0,10.88,501.0,0.29,2.75,10.9
603919,金徽酒,18.98,18.7,18.69,12049.0,19.04,13.0,0.28,1.5,19.05
603920,世运电路,54.38,52.71,53.7,35853.0,54.4,5.0,1.67,3.17,54.55
603926,铁流股份,19.46,19.37,19.36,3658.0,19.48,25.0,0.09,0.46,19.61
603927,中科软,14.83,14.66,14.59,20735.0,14.86,179.0,0.17,1.16,14.85
603928,兴业股份,15.32,15.09,15.02,10787.0,15.36,39.0,0.23,1.52,15.37
603929,亚翔集成,213.81,218.08,220.01,16883.0,214.3,5.0,-4.27,-1.96,224.62
603931,格林达,53.97,53.83,54.1,41946.0,54.04,4.0,0.14,0.26,55.25
603933,睿能科技,22.68,22.21,22.38,8950.0,22.7,92.0,0.47,2.12,22.72
603936,XD博敏电,24.4,23.4,23.41,86210.0,24.43,12.0,1.0,4.27,24.46
603937,丽岛新材,13.89,13.58,13.7,8689.0,13.94,13.0,0.31,2.28,13.97
603938,三孚股份,53.08,53.07,53.07,76356.0,53.17,34.0,0.01,0.02,53.8
603939,益丰药房,22.0,21.75,21.55,16742.0,22.02,20.0,0.25,1.15,22.09
603948,建业股份,25.61,25.84,25.81,3285.0,25.65,14.0,-0.23,-0.89,26.2
603949,雪龙集团,14.92,14.63,14.67,5470.0,14.96,13.0,0.29,1.98,14.95
603950,长源东谷,62.97,59.54,60.16,16029.0,63.09,5.0,3.43,5.76,63.8
603955,大千生态,24.7,24.91,24.71,6815.0,24.72,12.0,-0.21,-0.84,25.21
603956,威派格,4.71,4.59,4.65,27466.0,4.73,298.0,0.12,2.61,4.74
603958,哈森股份,19.29,19.09,19.19,3433.0,19.33,49.0,0.2,1.05,19.51
603960,克来机电,19.71,19.62,19.61,9165.0,19.74,51.0,0.09,0.46,19.88
603966,法兰泰克,9.34,9.05,9.15,23970.0,9.37,39.0,0.29,3.2,9.42
603967,中创物流,12.33,11.97,12.11,4363.0,12.35,41.0,0.36,3.01,12.33
603968,醋化股份,11.1,10.85,10.83,12784.0,11.13,50.0,0.25,2.3,11.3
603969,银龙股份,7.88,7.7,7.76,11332.0,7.9,1152.0,0.18,2.34,7.89
603970,中农立华,10.88,10.74,10.85,3754.0,10.9,67.0,0.14,1.3,10.94
603976,正川股份,25.98,27.19,26.78,36819.0,26.04,21.0,-1.21,-4.45,28.03
603977,国泰集团,12.97,12.75,12.89,14577.0,12.99,65.0,0.22,1.73,12.98
603978,深圳新星,26.36,25.74,26.0,32418.0,26.37,1.0,0.62,2.41,26.57
603979,金诚信,77.84,70.76,73.62,37182.0,0.0,0.0,7.08,10.01,77.84
603980,吉华集团,5.88,5.65,5.71,52603.0,5.91,677.0,0.23,4.07,5.97
603982,泉峰汽车,6.49,6.34,6.36,11995.0,6.52,339.0,0.15,2.37,6.52
603983,丸美生物,22.44,22.25,22.25,2608.0,22.46,13.0,0.19,0.85,22.55
603985,恒润股份,24.11,23.59,23.58,22811.0,24.12,61.0,0.52,2.2,24.13
603986,兆易创新,487.99,481.47,494.97,62661.0,488.02,1.0,6.52,1.35,495.7
603987,康德莱,7.34,7.29,7.27,4115.0,7.37,259.0,0.05,0.69,7.38
603988,中电电机,19.62,19.26,19.44,7247.0,19.66,2.0,0.36,1.87,19.77
603989,艾华集团,30.65,28.76,29.41,45114.0,30.68,12.0,1.89,6.57,30.77
603990,麦迪科技,21.73,22.04,22.04,57243.0,21.75,13.0,-0.31,-1.41,22.31
603991,领先股份,118.71,122.55,123.77,8786.0,118.95,2.0,-3.84,-3.13,124.8
603992,松霖科技,33.52,33.19,32.87,17507.0,33.62,2.0,0.33,0.99,34.2
603993,洛阳钼业,20.83,19.11,19.49,2572941.0,20.85,96.0,1.72,9.0,21.0
603995,甬金股份,20.2,19.63,19.98,24243.0,20.23,404.0,0.57,2.9,20.26
603997,继峰股份,13.92,13.82,13.77,21069.0,13.95,61.0,0.1,0.72,14.05
603998,方盛制药,9.85,9.87,9.86,7337.0,9.88,51.0,-0.02,-0.2,9.93
603999,读者传媒,5.62,5.53,5.53,11071.0,5.65,174.0,0.09,1.63,5.65
000001,平安银行,11.18,11.24,11.21,192058.0,11.21,7213.0,-0.06,-0.53,11.21
000002,万  科Ａ,3.21,3.16,3.17,180932.0,3.23,8602.0,0.05,1.58,3.21
000006,深振业Ａ,8.01,7.85,7.85,40069.0,8.03,1351.0,0.16,2.04,8.06
000007,全新好,14.17,14.08,14.08,13167.0,14.2,16.0,0.09,0.64,14.28
000008,神州高铁,2.53,2.45,2.44,108639.0,2.56,6732.0,0.08,3.27,2.6
000009,中国宝安,7.14,7.06,7.11,49872.0,7.16,282.0,0.08,1.13,7.14
000011,深物业A,7.57,7.49,7.48,14448.0,7.6,65.0,0.08,1.07,7.69
000012,南  玻Ａ,4.09,4.0,4.0,88774.0,4.12,1666.0,0.09,2.25,4.1
000014,沙河股份,10.5,10.31,10.31,7866.0,10.52,19.0,0.19,1.84,10.56
000017,深中华A,5.3,5.14,5.16,17591.0,5.33,338.0,0.16,3.11,5.34
000019,深粮控股,6.62,6.59,6.6,23101.0,6.63,216.0,0.03,0.46,6.63
000020,深华发Ａ,12.03,11.69,11.73,7271.0,12.06,10.0,0.34,2.91,12.08
000021,深科技,37.45,37.09,37.88,219144.0,37.48,176.0,0.36,0.97,37.99
000025,特  力Ａ,15.38,15.22,15.36,13379.0,15.4,167.0,0.16,1.05,15.46
000026,飞亚达,20.43,20.41,20.41,15540.0,20.45,56.0,0.02,0.1,20.62
000027,深圳能源,7.26,7.2,7.18,84337.0,7.29,619.0,0.06,0.83,7.3
000028,国药一致,22.84,22.65,22.61,3448.0,22.86,1.0,0.19,0.84,22.84
000029,深深房Ａ,25.39,25.31,25.33,11621.0,25.4,5.0,0.08,0.32,25.73
000030,富奥股份,4.44,4.35,4.37,31726.0,4.46,815.0,0.09,2.07,4.44
000031,大悦城,2.53,2.5,2.51,60425.0,2.56,3578.0,0.03,1.2,2.55
000032,深桑达Ａ,19.8,18.92,19.2,254435.0,19.83,201.0,0.88,4.65,19.91
000034,神州数码,22.93,22.33,22.51,45131.0,22.96,45.0,0.6,2.69,22.96
000035,中国天楹,5.06,5.0,5.01,46049.0,5.08,2997.0,0.06,1.2,5.07
000036,华联控股,5.15,5.14,5.15,38167.0,5.18,1177.0,0.01,0.19,5.2
000037,深南电A,11.28,11.25,11.22,55781.0,11.3,721.0,0.03,0.27,11.33
000039,中集集团,9.28,8.97,9.05,112567.0,9.31,131.0,0.31,3.46,9.35
000042,中洲控股,9.32,8.95,9.02,19717.0,9.34,41.0,0.37,4.13,9.43
000045,深纺织Ａ,10.9,10.66,10.79,9032.0,10.93,1003.0,0.24,2.25,10.94
000048,京基智农,18.56,18.91,19.53,185639.0,18.64,6.0,-0.35,-1.85,20.45
000049,德赛电池,23.38,22.88,23.09,13248.0,23.4,61.0,0.5,2.19,23.38
000050,深天马Ａ,7.92,7.51,7.52,217448.0,7.94,203.0,0.41,5.46,7.95
000055,方大集团,3.82,3.8,3.78,54972.0,3.84,697.0,0.02,0.53,3.85
000058,深 赛 格,7.02,6.88,6.88,12627.0,7.05,112.0,0.14,2.03,7.07
000059,华锦股份,4.35,4.28,4.28,34257.0,4.38,983.0,0.07,1.64,4.37
000060,中金岭南,7.81,7.56,7.8,714754.0,7.83,2556.0,0.25,3.31,7.86
000061,农 产 品,6.16,6.09,6.08,33382.0,6.18,573.0,0.07,1.15,6.17
000062,深圳华强,29.5,28.77,29.15,59190.0,29.52,138.0,0.73,2.54,29.5
000063,中兴通讯,36.52,36.35,36.51,347181.0,36.55,287.0,0.17,0.47,36.68
000065,北方国际,12.44,11.6,12.06,141653.0,12.46,543.0,0.84,7.24,12.48
000066,中国长城,15.89,15.51,15.75,200519.0,15.91,3771.0,0.38,2.45,15.92
000068,华控赛格,3.43,3.46,3.47,88428.0,3.46,1471.0,-0.03,-0.87,3.53
000069,华侨城Ａ,1.9,1.86,1.87,92732.0,1.92,7709.0,0.04,2.15,1.9
000070,特发信息,17.51,17.1,17.08,120587.0,17.54,279.0,0.41,2.4,17.58
000088,盐 田 港,4.42,4.34,4.34,62745.0,4.44,3890.0,0.08,1.84,4.42
000089,深圳机场,6.62,6.52,6.56,25709.0,6.65,1991.0,0.1,1.53,6.63
000090,天健集团,3.61,3.61,3.59,60697.0,3.64,945.0,0.0,0.0,3.63
000096,广聚能源,8.01,7.91,7.86,10654.0,8.03,252.0,0.1,1.26,8.03
000099,中信海直,17.55,17.41,17.7,102872.0,17.58,1859.0,0.14,0.8,17.74
000100,TCL科技,4.64,4.55,4.57,1609614.0,4.66,52889.0,0.09,1.98,4.66
000151,中成股份,13.95,13.94,14.16,76922.0,13.99,81.0,0.01,0.07,14.36
000153,丰原药业,5.59,5.53,5.5,9906.0,5.61,56.0,0.06,1.08,5.6
000155,川能动力,13.66,13.36,13.48,82585.0,13.68,1539.0,0.3,2.25,13.69
000156,华数传媒,6.61,6.48,6.5,17292.0,6.63,183.0,0.13,2.01,6.61
000157,中联重科,7.61,7.35,7.54,210040.0,7.63,6855.0,0.26,3.54,7.67
000158,常山北明,15.44,15.43,15.27,88936.0,15.46,113.0,0.01,0.06,15.45
000159,国际实业,6.1,5.94,5.98,28109.0,6.13,697.0,0.16,2.69,6.16
000166,申万宏源,4.63,4.53,4.55,323852.0,4.66,6316.0,0.1,2.21,4.64
000301,东方盛虹,12.31,11.88,11.9,50802.0,12.33,134.0,0.43,3.62,12.37
000333,美的集团,81.99,83.23,82.95,60809.0,82.02,14.0,-1.24,-1.49,82.98
000338,潍柴动力,28.93,28.0,28.56,190727.0,28.96,272.0,0.93,3.32,29.07
000400,许继电气,22.86,22.2,22.45,41225.0,22.88,576.0,0.66,2.97,22.86
000401,金隅冀东,3.91,3.85,3.87,18027.0,3.93,1061.0,0.06,1.56,3.92
000402,金 融 街,2.82,2.76,2.77,104321.0,2.85,8474.0,0.06,2.17,2.85
000403,派林生物,11.9,11.88,11.79,13963.0,11.92,302.0,0.02,0.17,11.93
000404,长虹华意,7.98,7.87,7.9,32702.0,8.0,301.0,0.11,1.4,7.99
000407,胜利股份,4.1,4.08,4.06,24600.0,4.13,1022.0,0.02,0.49,4.12
000408,藏格矿业,82.69,79.47,81.99,52783.0,82.7,130.0,3.22,4.05,82.95
000409,云鼎科技,9.19,8.95,8.95,13578.0,9.21,61.0,0.24,2.68,9.19
000410,沈阳机床,5.25,5.19,5.2,23564.0,5.27,3238.0,0.06,1.16,5.27
000411,英特集团,10.44,9.49,9.5,90357.0,0.0,0.0,0.95,10.01,10.44
000415,渤海租赁,4.44,4.12,4.26,343520.0,4.46,1278.0,0.32,7.77,4.48
000417,合百集团,7.55,7.17,7.22,163200.0,7.58,1054.0,0.38,5.3,7.58
000419,通程控股,5.03,4.93,4.95,17694.0,5.05,468.0,0.1,2.03,5.04
000420,吉林化纤,4.35,4.23,4.25,136618.0,4.37,1798.0,0.12,2.84,4.35
000421,南京公用,5.59,5.51,5.49,11886.0,5.61,721.0,0.08,1.45,5.62
000422,湖北宜化,13.56,13.4,13.4,78015.0,13.58,1494.0,0.16,1.19,13.62
000423,东阿阿胶,49.96,50.48,50.5,13727.0,49.98,18.0,-0.52,-1.03,50.55
000425,徐工机械,9.35,9.12,9.32,259543.0,9.37,553.0,0.23,2.52,9.52
000426,兴业银锡,39.33,36.82,39.0,247689.0,39.42,98.0,2.51,6.82,39.75
000428,华天酒店,3.43,3.34,3.36,18496.0,3.46,450.0,0.09,2.69,3.45
000429,粤高速Ａ,12.81,13.02,12.9,23409.0,12.83,69.0,-0.21,-1.61,12.94
000430,张家界,8.12,8.0,8.02,27682.0,8.15,4.0,0.12,1.5,8.17
000498,山东路桥,5.15,5.07,5.09,24180.0,5.17,766.0,0.08,1.58,5.15
000501,武商集团,7.42,7.28,7.3,11453.0,7.43,239.0,0.14,1.92,7.44
000503,国新健康,7.03,6.96,6.98,15575.0,7.06,1041.0,0.07,1.01,7.06
000504,南华生物,8.5,8.48,8.43,14670.0,8.53,210.0,0.02,0.24,8.56
000505,京粮控股,5.7,5.63,5.62,11149.0,5.73,575.0,0.07,1.24,5.73
000506,招金黄金,14.88,13.73,14.29,321428.0,14.91,55.0,1.15,8.38,14.88
000507,珠海港,4.92,4.83,4.85,25300.0,4.95,601.0,0.09,1.86,4.93
000509,华塑控股,4.23,4.03,4.06,186134.0,4.25,5128.0,0.2,4.96,4.24
000510,新金路,21.31,19.37,21.3,125181.0,0.0,0.0,1.94,10.02,21.31
000513,丽珠集团,31.77,31.87,31.87,12318.0,31.85,41.0,-0.1,-0.31,31.89
000514,渝 开 发,4.32,4.22,4.23,13551.0,4.34,974.0,0.1,2.37,4.33
000516,国际医学,4.08,3.94,3.95,72145.0,4.1,2036.0,0.14,3.55,4.15
000517,荣安地产,1.98,1.9,1.9,229833.0,2.0,16320.0,0.08,4.21,2.0
000518,四环生物,3.18,3.14,3.16,72349.0,3.21,4290.0,0.04,1.27,3.23
000519,中兵红箭,19.06,19.1,19.05,97718.0,19.09,123.0,-0.04,-0.21,19.13
000520,凤凰航运,4.57,4.15,4.32,240298.0,0.0,0.0,0.42,10.12,4.57
000521,长虹美菱,5.86,5.87,5.9,38106.0,5.89,208.0,-0.01,-0.17,5.96
000523,红棉股份,2.99,2.95,2.97,31923.0,3.01,1767.0,0.04,1.36,3.0
000524,岭南控股,9.35,9.13,9.17,17386.0,9.37,309.0,0.22,2.41,9.39
000525,红太阳,4.52,4.46,4.47,38896.0,4.55,1437.0,0.06,1.35,4.54
000526,学大教育,26.85,26.14,26.4,4801.0,26.93,18.0,0.71,2.72,26.95
000528,柳    工,8.62,8.4,8.48,77843.0,8.64,1457.0,0.22,2.62,8.67
000529,广弘控股,4.92,4.83,4.85,5985.0,4.94,173.0,0.09,1.86,4.93
000530,冰山冷热,5.65,5.52,5.54,92937.0,5.68,1805.0,0.13,2.36,5.68
000531,穗恒运Ａ,6.81,6.75,6.75,17116.0,6.83,390.0,0.06,0.89,6.83
000532,华金资本,11.91,11.55,11.6,21688.0,11.93,56.0,0.36,3.12,12.08
000533,顺钠股份,10.98,10.69,10.78,56182.0,11.01,249.0,0.29,2.71,11.12
000534,万泽股份,30.91,30.42,30.31,30793.0,30.98,7.0,0.49,1.61,31.06
000536,华映科技,3.57,3.5,3.53,104305.0,3.6,10230.0,0.07,2.0,3.6
000537,绿发电力,8.76,8.6,8.65,60055.0,8.78,561.0,0.16,1.86,8.77
000538,云南白药,50.51,50.6,50.62,17101.0,50.55,6.0,-0.09,-0.18,50.62
000539,粤电力Ａ,7.47,7.34,7.3,211451.0,7.5,8151.0,0.13,1.77,7.49
000541,佛山照明,4.87,4.78,4.79,10360.0,4.9,1784.0,0.09,1.88,4.88
000543,皖能电力,8.72,8.68,8.7,60343.0,8.74,1950.0,0.04,0.46,8.74
000544,中原环保,7.93,7.86,7.87,5894.0,7.95,154.0,0.07,0.89,7.93
000545,金浦钛业,2.61,2.37,2.39,184048.0,0.0,0.0,0.24,10.13,2.61
000546,金圆股份,5.47,5.23,5.28,114643.0,5.49,942.0,0.24,4.59,5.53
000547,航天发展,19.65,20.65,19.99,419298.0,19.68,396.0,-1.0,-4.84,19.99
000548,湖南投资,4.58,4.51,4.55,21339.0,4.61,770.0,0.07,1.55,4.61
000550,江铃汽车,17.88,17.41,17.44,8987.0,17.91,6.0,0.47,2.7,17.9
000551,创元科技,14.87,14.89,14.99,31726.0,14.9,135.0,-0.02,-0.13,15.08
000552,甘肃能化,2.61,2.66,2.61,196919.0,2.63,6463.0,-0.05,-1.88,2.62
000553,安道麦A,6.18,6.05,6.12,15556.0,6.2,359.0,0.13,2.15,6.22
000554,泰山石油,6.53,6.51,6.41,33142.0,6.55,1056.0,0.02,0.31,6.55
000555,神州信息,11.37,11.08,11.18,27265.0,11.39,480.0,0.29,2.62,11.39
000557,西部创业,3.98,3.91,3.94,29278.0,4.01,239.0,0.07,1.79,3.99
000558,天府文旅,3.97,4.01,3.94,106361.0,3.99,3029.0,-0.04,-1.0,3.99
000559,万向钱潮,13.7,13.43,13.56,55504.0,13.72,292.0,0.27,2.01,13.7
000560,我爱我家,2.39,2.33,2.34,109003.0,2.41,10686.0,0.06,2.58,2.41
000561,烽火电子,8.0,7.95,7.9,22601.0,8.02,274.0,0.05,0.63,8.01
000563,陕国投Ａ,3.02,2.94,2.94,142255.0,3.04,5836.0,0.08,2.72,3.02
000564,供销大集,1.49,1.46,1.46,506690.0,1.51,61752.0,0.03,2.05,1.5
000565,渝三峡Ａ,6.57,6.49,6.48,15552.0,6.6,1292.0,0.08,1.23,6.6
000566,海南海药,3.95,3.88,3.88,37289.0,3.97,1268.0,0.07,1.8,3.99
000567,海德股份,5.84,5.66,5.68,41096.0,5.86,1826.0,0.18,3.18,5.89
000568,泸州老窖,85.62,85.0,85.12,15935.0,85.66,4.0,0.62,0.73,85.78
000570,苏常柴Ａ,5.32,5.2,5.24,21965.0,5.35,457.0,0.12,2.31,5.33
000571,新大洲A,5.22,5.24,5.24,21243.0,5.24,265.0,-0.02,-0.38,5.32
000572,海马汽车,4.37,4.17,4.2,210169.0,4.39,605.0,0.2,4.8,4.54
000573,粤宏远Ａ,4.25,4.09,4.13,63418.0,4.27,1954.0,0.16,3.91,4.27
000576,甘化科工,7.36,7.24,7.27,9501.0,7.39,146.0,0.12,1.66,7.39
000581,威孚高科,18.13,17.75,17.8,15150.0,18.15,153.0,0.38,2.14,18.14
000582,北部湾港,11.7,11.23,11.44,149043.0,11.72,373.0,0.47,4.19,11.77
000586,汇源通信,14.91,14.42,14.8,12175.0,14.94,54.0,0.49,3.4,14.96
000589,贵州轮胎,4.52,4.44,4.47,59143.0,4.55,2355.0,0.08,1.8,4.53
000590,古汉医药,9.44,9.3,9.3,5776.0,9.47,6.0,0.14,1.51,9.5
000591,太阳能,5.15,5.07,5.07,125788.0,5.17,2757.0,0.08,1.58,5.15
000592,平潭发展,7.74,7.58,7.72,196393.0,7.76,2683.0,0.16,2.11,7.79
000593,德龙汇能,20.86,20.61,20.43,26047.0,20.89,34.0,0.25,1.21,21.02
000596,古井贡酒,88.05,87.55,87.55,3807.0,88.14,1.0,0.5,0.57,88.26
000597,东北制药,4.64,4.58,4.58,29029.0,4.67,230.0,0.06,1.31,4.66
000598,兴蓉环境,7.02,7.03,7.03,37001.0,7.04,292.0,-0.01,-0.14,7.08
000599,青岛双星,4.88,4.81,4.81,16945.0,4.9,895.0,0.07,1.46,4.89
000600,建投能源,10.38,10.27,10.29,70704.0,10.39,363.0,0.11,1.07,10.41
000601,韶能股份,6.97,6.74,6.81,129431.0,6.99,2081.0,0.23,3.41,6.98
000603,盛达资源,31.13,29.17,30.48,93647.0,31.15,145.0,1.96,6.72,31.13
000605,渤海股份,6.15,6.11,6.15,9801.0,6.17,43.0,0.04,0.65,6.21
000607,华媒控股,3.53,3.46,3.48,20892.0,3.56,1859.0,0.07,2.02,3.56
000608,阳光股份,6.29,6.44,6.41,148018.0,6.32,130.0,-0.15,-2.33,6.5
000612,焦作万方,11.63,11.43,11.48,153175.0,11.66,3161.0,0.2,1.75,11.75
000617,中油资本,7.48,7.25,7.3,223543.0,7.5,5756.0,0.23,3.17,7.48
000619,海螺新材,5.24,5.15,5.2,12549.0,5.27,141.0,0.09,1.75,5.3
000620,盈新发展,2.95,2.94,2.91,402081.0,2.97,7480.0,0.01,0.34,2.96
000623,吉林敖东,17.93,17.39,17.49,42769.0,17.95,590.0,0.54,3.11,17.96
000625,长安汽车,7.77,7.54,7.58,229625.0,7.8,9706.0,0.23,3.05,7.79
000626,远大控股,7.47,7.29,7.33,21616.0,7.49,150.0,0.18,2.47,7.53
000628,高新发展,56.16,55.5,55.21,18984.0,56.27,98.0,0.66,1.19,56.31
000629,钒钛股份,3.19,3.11,3.17,357533.0,3.22,10140.0,0.08,2.57,3.2
000630,铜陵有色,7.41,7.1,7.3,4065184.0,7.43,13885.0,0.31,4.37,7.44
000631,顺发恒能,3.23,3.34,3.27,152934.0,3.26,1218.0,-0.11,-3.29,3.32
000633,合金投资,5.57,5.38,5.43,22514.0,5.6,1582.0,0.19,3.53,5.6
000635,英 力 特,7.01,6.88,6.92,15264.0,7.03,399.0,0.13,1.89,7.07
000636,风华高科,63.04,59.12,61.5,566162.0,63.16,10.0,3.92,6.63,63.3
000637,茂化实华,4.13,4.03,4.05,17028.0,4.16,473.0,0.1,2.48,4.17
000650,仁和药业,5.34,5.3,5.3,24047.0,5.36,709.0,0.04,0.75,5.35
000651,格力电器,38.38,38.53,38.53,53166.0,38.4,239.0,-0.15,-0.39,38.54
000652,泰达股份,3.65,3.58,3.6,28146.0,3.67,1068.0,0.07,1.96,3.66
000655,金岭矿业,7.37,7.17,7.3,19247.0,7.39,303.0,0.2,2.79,7.38
000657,中钨高新,79.51,79.0,80.8,268365.0,79.55,35.0,0.51,0.65,81.4
000659,珠海中富,3.61,3.52,3.55,53326.0,3.64,1954.0,0.09,2.56,3.65
000661,长春高新,66.13,66.5,65.31,20238.0,66.17,5.0,-0.37,-0.56,66.39
000663,永安林业,5.84,5.7,5.74,11133.0,5.87,62.0,0.14,2.46,5.91
000665,湖北广电,4.12,4.07,4.08,20463.0,4.14,2035.0,0.05,1.23,4.14
000668,荣丰控股,20.0,20.62,20.62,11607.0,20.05,1.0,-0.62,-3.01,20.62
000670,盈方微,8.89,8.63,8.76,365672.0,8.91,660.0,0.26,3.01,9.28
000672,上峰材料,16.27,16.26,16.6,28102.0,16.3,121.0,0.01,0.06,16.66
000676,智度股份,5.65,5.57,5.58,53057.0,5.68,2043.0,0.08,1.44,5.68
000678,襄阳轴承,9.86,9.78,9.8,23800.0,9.89,52.0,0.08,0.82,9.95
000679,大连友谊,6.29,6.15,6.2,12500.0,6.33,130.0,0.14,2.28,6.34
000680,山推股份,10.75,10.48,10.6,48476.0,10.77,248.0,0.27,2.58,10.83
000681,视觉中国,22.4,21.36,21.42,164600.0,22.45,348.0,1.04,4.87,22.95
000682,东方电子,12.59,12.3,12.4,50988.0,12.62,242.0,0.29,2.36,12.69
000683,博源化工,7.18,7.0,7.0,92544.0,7.2,1794.0,0.18,2.57,7.21
000685,中山公用,11.04,10.74,10.79,57340.0,11.07,274.0,0.3,2.79,11.06
000686,东北证券,8.09,7.83,7.85,103127.0,8.12,686.0,0.26,3.32,8.11
000688,国城矿业,48.08,46.91,46.91,113351.0,48.3,1.0,1.17,2.49,48.99
000690,宝新能源,5.27,5.2,5.21,120326.0,5.3,1695.0,0.07,1.35,5.28
000691,亚太实业,10.1,9.97,9.99,27844.0,10.13,4.0,0.13,1.3,10.2
000692,惠天热电,4.61,4.49,4.52,26274.0,4.64,202.0,0.12,2.67,4.66
000695,滨海能源,13.33,12.98,13.0,22902.0,13.36,49.0,0.35,2.7,13.48
000697,炼石航空,11.19,10.71,10.66,45170.0,11.21,64.0,0.48,4.48,11.2
000700,模塑科技,15.48,14.4,14.63,223166.0,15.5,189.0,1.08,7.5,15.55
000701,厦门信达,5.21,5.03,5.07,37092.0,5.23,1673.0,0.18,3.58,5.24
000702,正虹科技,5.73,5.61,5.69,9952.0,5.75,3.0,0.12,2.14,5.77
000703,恒逸石化,13.47,12.98,13.18,180394.0,13.49,248.0,0.49,3.78,13.64
000705,浙江震元,6.81,6.69,6.75,9287.0,6.84,72.0,0.12,1.79,6.86
000707,双环科技,4.87,4.73,4.74,21075.0,4.89,863.0,0.14,2.96,4.9
000708,中信特钢,14.18,14.07,14.22,37925.0,14.21,33.0,0.11,0.78,14.22
000709,河钢股份,2.18,2.12,2.15,364603.0,2.2,38061.0,0.06,2.83,2.18
000710,贝瑞基因,8.24,8.06,8.18,11369.0,8.26,35.0,0.18,2.23,8.3
000712,锦龙股份,9.11,8.73,8.72,115882.0,9.13,470.0,0.38,4.35,9.13
000713,国投丰乐,6.0,5.99,6.0,12793.0,6.03,804.0,0.01,0.17,6.03
000715,中兴商业,4.94,4.83,4.84,15588.0,4.97,722.0,0.11,2.28,4.97
000716,黑芝麻,4.73,4.66,4.67,21897.0,4.75,1381.0,0.07,1.5,4.73
000717,中南股份,2.22,2.17,2.18,34784.0,2.25,5472.0,0.05,2.3,2.23
000718,苏宁环球,2.05,2.0,1.99,124477.0,2.07,7465.0,0.05,2.5,2.06
000719,中原传媒,12.34,12.34,12.34,11377.0,12.36,41.0,0.0,0.0,12.4
000720,新能泰山,4.31,4.14,4.2,130107.0,4.33,2989.0,0.17,4.11,4.33
000721,西安饮食,6.28,6.13,6.14,20257.0,6.3,1248.0,0.15,2.45,6.3
000722,湖南发展,15.14,15.07,15.02,51834.0,15.16,63.0,0.07,0.46,15.21
000723,美锦能源,4.06,4.05,4.01,136949.0,4.08,1047.0,0.01,0.25,4.06
000725,京东方Ａ,5.96,5.57,5.74,7473364.0,5.98,84069.0,0.39,7.0,5.96
000726,鲁  泰Ａ,5.97,5.94,5.93,8278.0,6.0,359.0,0.03,0.51,5.99
000727,冠捷科技,2.7,2.55,2.57,1064561.0,2.72,7763.0,0.15,5.88,2.75
000728,国元证券,7.23,6.97,7.02,126689.0,7.25,2384.0,0.26,3.73,7.24
000729,燕京啤酒,11.65,11.72,11.61,57139.0,11.67,410.0,-0.07,-0.6,11.72
000731,四川美丰,5.99,5.91,5.91,11090.0,6.01,1384.0,0.08,1.35,6.01
000733,振华科技,51.88,47.16,49.4,258218.0,0.0,0.0,4.72,10.01,51.88
000735,罗 牛 山,5.24,5.24,5.24,46118.0,5.27,612.0,0.0,0.0,5.28
000736,中交地产,4.35,4.27,4.28,58397.0,4.38,1467.0,0.08,1.87,4.4
000737,北方铜业,14.59,14.08,14.09,372409.0,14.61,721.0,0.51,3.62,14.69
000738,航发控制,19.15,19.49,19.0,77499.0,19.17,119.0,-0.34,-1.74,19.19
000739,普洛药业,16.19,16.07,16.06,12908.0,16.22,62.0,0.12,0.75,16.35
000750,国海证券,3.75,3.58,3.6,262111.0,3.77,15690.0,0.17,4.75,3.75
000751,锌业股份,5.24,5.09,5.2,392340.0,5.27,534.0,0.15,2.95,5.26
000753,漳州发展,5.14,5.08,5.1,23533.0,5.17,1681.0,0.06,1.18,5.17
000755,山西高速,4.76,4.69,4.72,8625.0,4.78,577.0,0.07,1.49,4.77
000756,新华制药,12.46,12.34,12.32,5050.0,12.48,127.0,0.12,0.97,12.5
000757,浩物股份,3.98,3.87,3.91,43211.0,4.0,1363.0,0.11,2.84,4.02
000758,中色股份,7.09,6.96,7.05,351777.0,7.11,1073.0,0.13,1.87,7.16
000759,中百集团,6.02,5.83,5.88,416471.0,6.04,786.0,0.19,3.26,6.15
000761,本钢板材,2.48,2.41,2.44,47025.0,2.5,1796.0,0.07,2.9,2.49
000762,西藏矿业,31.18,30.7,30.5,81528.0,31.21,87.0,0.48,1.56,31.3
000766,通化金马,25.41,25.29,25.25,27186.0,25.43,76.0,0.12,0.47,25.46
000767,晋控电力,4.82,4.65,4.65,582322.0,4.84,14292.0,0.17,3.66,4.84
000768,中航西飞,21.59,22.86,21.4,260911.0,21.61,74.0,-1.27,-5.56,21.64
000776,广发证券,21.25,20.08,20.1,345487.0,21.28,1642.0,1.17,5.83,21.35
000777,中核科技,16.78,16.42,16.43,10030.0,16.8,495.0,0.36,2.19,16.8
000778,新兴铸管,4.19,4.09,4.12,89126.0,4.21,2591.0,0.1,2.44,4.19
000779,甘咨询,7.8,7.69,7.77,20794.0,7.82,272.0,0.11,1.43,7.82
000782,恒申新材,7.51,7.49,7.45,35664.0,7.53,246.0,0.02,0.27,7.62
000783,长江证券,7.96,7.4,7.44,556819.0,7.99,4147.0,0.56,7.57,7.98
000785,居然智家,2.35,2.28,2.28,298332.0,2.37,5976.0,0.07,3.07,2.36
000786,北新建材,21.22,21.09,20.85,39518.0,21.24,39.0,0.13,0.62,21.3
000788,北大医药,5.41,5.2,5.21,45312.0,5.44,642.0,0.21,4.04,5.44
000789,万年青,4.33,4.26,4.29,6057.0,4.37,671.0,0.07,1.64,4.35
000790,华神科技,3.82,3.77,3.83,25891.0,3.84,407.0,0.05,1.33,3.88
000791,甘肃能源,8.43,8.32,8.33,53593.0,8.45,1196.0,0.11,1.32,8.43
000792,盐湖股份,32.31,31.7,32.1,282062.0,32.33,54.0,0.61,1.92,32.78
000795,英洛华,9.38,9.32,9.38,54493.0,9.4,625.0,0.06,0.64,9.41
000796,凯撒旅业,4.52,4.41,4.44,63588.0,4.54,2126.0,0.11,2.49,4.53
000797,中国武夷,2.5,2.45,2.46,41401.0,2.52,7356.0,0.05,2.04,2.51
000798,中水渔业,8.0,7.84,7.9,10594.0,8.02,919.0,0.16,2.04,8.02
000799,酒鬼酒,38.54,37.84,37.84,15336.0,38.56,37.0,0.7,1.85,38.59
000800,一汽解放,6.36,6.36,6.24,95026.0,6.38,112.0,0.0,0.0,6.4
000801,四川九洲,12.36,12.37,12.31,36074.0,12.38,409.0,-0.01,-0.08,12.4
000802,北京文化,4.56,4.45,4.31,120582.0,4.58,653.0,0.11,2.47,4.6
000803,山高环能,7.52,7.46,7.42,12989.0,7.54,360.0,0.06,0.8,7.59
000807,云铝股份,28.1,28.1,28.45,175576.0,28.13,1.0,0.0,0.0,28.75
000809,和展能源,4.12,4.26,4.2,117389.0,4.15,1593.0,-0.14,-3.29,4.24
000810,创维数字,10.37,10.09,10.09,27716.0,10.4,130.0,0.28,2.78,10.39
000811,冰轮环境,32.1,30.77,31.8,52319.0,32.12,171.0,1.33,4.32,32.15
000812,陕西金叶,3.58,3.52,3.52,18981.0,3.6,1129.0,0.06,1.7,3.59
000813,德展健康,3.13,3.09,3.11,52563.0,3.15,5575.0,0.04,1.29,3.15
000815,美利云,15.8,15.29,15.48,97170.0,15.82,373.0,0.51,3.34,15.86
000816,智慧农业,2.58,2.55,2.57,36741.0,2.61,2394.0,0.03,1.18,2.6
000818,航锦科技,12.78,12.39,12.4,50116.0,12.8,1450.0,0.39,3.15,12.8
000819,岳阳兴长,13.75,13.6,13.72,4131.0,13.78,143.0,0.15,1.1,13.8
000822,山东海化,4.73,4.61,4.66,28885.0,4.75,1324.0,0.12,2.6,4.76
000823,超声电子,19.26,18.26,18.32,250937.0,19.29,768.0,1.0,5.48,19.38
000825,太钢不锈,3.91,3.75,3.79,125893.0,3.93,1712.0,0.16,4.27,3.92
000828,东莞控股,10.02,9.9,9.94,12217.0,10.04,96.0,0.12,1.21,10.02
000829,天音控股,8.88,8.88,8.86,33345.0,8.91,218.0,0.0,0.0,8.93
000830,鲁西化工,13.29,12.87,12.98,104420.0,13.31,149.0,0.42,3.26,13.35
000831,中国稀土,57.22,56.04,56.05,163333.0,57.25,16.0,1.18,2.11,57.42
000833,粤桂股份,23.39,24.01,23.0,181783.0,23.42,1.0,-0.62,-2.58,23.52
000837,秦川机床,12.21,12.2,12.2,55272.0,12.23,59.0,0.01,0.08,12.28
000839,国安股份,2.66,2.62,2.65,73126.0,2.69,6910.0,0.04,1.53,2.68
000848,承德露露,7.87,7.89,7.89,21100.0,7.9,76.0,-0.02,-0.25,7.92
000850,华茂股份,3.89,3.79,3.84,21217.0,3.92,616.0,0.1,2.64,3.9
000852,石化机械,5.74,5.67,5.67,16583.0,5.76,789.0,0.07,1.23,5.76
000856,冀东装备,8.33,8.21,8.27,10197.0,8.35,66.0,0.12,1.46,8.4
000858,五 粮 液,80.12,79.92,79.96,37535.0,80.15,6.0,0.2,0.25,80.28
000859,国风新材,10.93,10.76,10.99,124247.0,10.96,158.0,0.17,1.58,11.08
000860,顺鑫农业,10.64,10.45,10.46,14129.0,10.67,121.0,0.19,1.82,10.66
000862,银星能源,5.91,5.86,5.86,25799.0,5.94,155.0,0.05,0.85,5.93
000863,三湘印象,4.87,4.57,4.73,104826.0,4.9,942.0,0.3,6.56,4.93
000868,安凯客车,3.88,3.83,3.86,25928.0,3.9,1356.0,0.05,1.31,3.91
000869,张  裕Ａ,17.65,17.49,17.55,2126.0,17.69,10.0,0.16,0.91,17.67
000875,电投绿能,6.11,6.03,6.04,62885.0,6.13,1116.0,0.08,1.33,6.12
000876,新 希 望,6.62,6.54,6.53,118713.0,6.64,1004.0,0.08,1.22,6.62
000877,天山股份,4.16,4.11,4.12,15384.0,4.18,1107.0,0.05,1.22,4.17
000878,云南铜业,18.0,17.27,17.47,306166.0,18.03,87.0,0.73,4.23,18.01
000880,潍柴重机,25.18,24.5,24.8,25084.0,25.2,450.0,0.68,2.78,25.2
000881,中广核技,6.89,6.82,6.82,18620.0,6.92,904.0,0.07,1.03,6.93
000882,华联股份,1.46,1.43,1.43,208908.0,1.48,33002.0,0.03,2.1,1.47
000883,湖北能源,4.99,4.98,4.97,84534.0,5.01,2945.0,0.01,0.2,5.01
000885,城发环境,12.94,12.88,12.88,5978.0,12.96,122.0,0.06,0.47,12.96
000886,海南高速,4.48,4.37,4.37,38436.0,4.51,577.0,0.11,2.52,4.51
000887,中鼎股份,20.76,20.33,20.49,75956.0,20.78,136.0,0.43,2.12,20.9
000888,峨眉山Ａ,9.99,9.83,9.89,16372.0,10.02,105.0,0.16,1.63,10.05
000889,中嘉博创,3.6,3.49,3.53,62863.0,3.63,2235.0,0.11,3.15,3.67
000890,法尔胜,9.76,9.62,9.64,44663.0,9.79,967.0,0.14,1.46,9.83
000892,欢瑞世纪,3.82,3.66,3.78,71051.0,3.85,3619.0,0.16,4.37,3.86
000893,亚钾国际,50.13,48.35,49.6,45671.0,50.19,6.0,1.78,3.68,50.95
000895,双汇发展,24.17,24.17,24.2,14599.0,24.19,131.0,0.0,0.0,24.21
000897,津滨发展,1.9,1.87,1.88,43781.0,1.93,17175.0,0.03,1.6,1.91
000898,鞍钢股份,2.08,2.02,2.04,129710.0,2.1,11697.0,0.06,2.97,2.09
000899,赣能股份,12.69,12.7,12.62,48627.0,12.72,403.0,-0.01,-0.08,12.75
000900,现代投资,3.72,3.68,3.69,12681.0,3.74,1772.0,0.04,1.09,3.72
000901,航天科技,18.45,18.29,18.28,42628.0,18.48,187.0,0.16,0.87,18.47
000902,新洋丰,13.13,12.37,12.46,80497.0,13.16,221.0,0.76,6.14,13.18
000905,厦门港务,9.01,8.65,8.8,41437.0,9.03,144.0,0.36,4.16,9.02
000906,浙商中拓,5.69,5.56,5.61,20968.0,5.72,53.0,0.13,2.34,5.72
000908,景峰医药,6.46,6.55,6.38,56262.0,6.49,125.0,-0.09,-1.37,6.5
000910,大亚圣象,6.04,5.9,5.88,4182.0,6.06,225.0,0.14,2.37,6.04
000912,泸天化,3.77,3.7,3.7,62395.0,3.79,3106.0,0.07,1.89,3.77
000913,钱江摩托,11.79,11.36,11.53,19811.0,11.81,86.0,0.43,3.79,11.8
000915,华特达因,27.68,27.6,27.61,2948.0,27.75,56.0,0.08,0.29,27.76
000917,电广传媒,7.13,6.83,6.98,99461.0,7.16,998.0,0.3,4.39,7.19
000919,金陵药业,6.23,6.16,6.17,12697.0,6.25,412.0,0.07,1.14,6.24
000920,沃顿科技,14.4,14.4,14.12,86747.0,14.42,114.0,0.0,0.0,14.47
000921,海信家电,27.45,28.7,28.56,61095.0,27.49,13.0,-1.25,-4.36,28.69
000922,佳电股份,12.74,12.46,12.57,55062.0,12.81,31.0,0.28,2.25,13.09
000923,河钢资源,14.46,13.83,14.25,35960.0,14.48,150.0,0.63,4.56,14.46
000925,众合科技,8.18,8.03,8.12,71520.0,8.2,1272.0,0.15,1.87,8.23
000926,福星股份,2.19,2.17,2.16,105160.0,2.22,7970.0,0.02,0.92,2.21
000927,中国铁物,2.58,2.51,2.52,139165.0,2.6,8775.0,0.07,2.79,2.58
000928,中钢国际,5.9,5.7,5.85,57183.0,5.92,808.0,0.2,3.51,5.91
000930,中粮科技,5.01,4.94,4.96,18761.0,5.03,693.0,0.07,1.42,5.01
000931,中 关 村,4.16,4.08,4.11,11410.0,4.19,615.0,0.08,1.96,4.18
000932,华菱钢铁,4.0,3.84,3.91,364961.0,4.02,4988.0,0.16,4.17,4.0
000933,神火股份,27.45,27.31,27.88,168384.0,27.48,169.0,0.14,0.51,27.95
000935,四川双马,26.81,25.98,26.19,14914.0,26.84,8.0,0.83,3.19,26.96
000936,华西股份,5.91,5.76,5.79,26192.0,5.94,851.0,0.15,2.6,5.93
000937,冀中能源,5.55,5.58,5.54,67985.0,5.57,3129.0,-0.03,-0.54,5.56
000938,紫光股份,25.69,25.15,25.37,180672.0,25.71,337.0,0.54,2.15,25.75
000948,南天信息,12.85,12.58,12.64,6483.0,12.87,758.0,0.27,2.15,12.87
000949,新乡化纤,7.03,6.61,6.68,204545.0,7.06,1666.0,0.42,6.35,7.09
000950,重药控股,5.35,5.25,5.27,43244.0,5.37,4822.0,0.1,1.9,5.36
000951,中国重汽,23.31,21.81,22.47,46627.0,23.33,12.0,1.5,6.88,23.34
000952,广济药业,6.35,6.27,6.27,10916.0,6.37,38.0,0.08,1.28,6.44
000953,中哲精化,6.02,5.96,5.97,7567.0,6.05,694.0,0.06,1.01,6.05
000955,欣龙控股,4.15,4.06,4.08,16948.0,4.18,1752.0,0.09,2.22,4.18
000957,中通客车,10.6,10.52,10.52,21047.0,10.63,9.0,0.08,0.76,10.66
000958,电投产融,6.5,6.41,6.37,434905.0,6.53,1129.0,0.09,1.4,6.51
000959,首钢股份,3.49,3.27,3.33,201942.0,3.51,2713.0,0.22,6.73,3.51
000960,锡业股份,40.65,37.65,38.88,449974.0,40.69,196.0,3.0,7.97,40.67
000962,东方钽业,60.0,57.26,59.7,95904.0,60.02,19.0,2.74,4.79,60.17
000963,华东医药,29.03,29.11,29.07,16268.0,29.05,40.0,-0.08,-0.27,29.17
000965,天保基建,3.44,3.41,3.41,24478.0,3.47,1282.0,0.03,0.88,3.47
000966,长源电力,4.82,4.72,4.71,162787.0,4.84,2826.0,0.1,2.12,4.82
000967,盈峰环境,10.15,9.85,9.95,149029.0,10.17,903.0,0.3,3.05,10.19
000968,蓝焰控股,7.09,7.15,6.99,48371.0,7.12,378.0,-0.06,-0.84,7.1
000969,安泰科技,24.02,24.46,24.68,351229.0,24.04,48.0,-0.44,-1.8,25.0
000970,中科三环,13.61,13.82,13.86,246222.0,13.63,223.0,-0.21,-1.52,13.93
000973,佛塑科技,15.36,15.06,15.18,203087.0,15.38,243.0,0.3,1.99,15.52
000975,山金国际,22.39,21.11,22.04,207678.0,22.42,533.0,1.28,6.06,22.59
000977,浪潮信息,60.2,57.86,58.5,181777.0,60.22,53.0,2.34,4.04,60.35
000978,桂林旅游,6.09,5.98,6.0,18351.0,6.11,636.0,0.11,1.84,6.11
000980,众泰汽车,2.39,2.17,2.21,754364.0,0.0,0.0,0.22,10.14,2.39
000981,山子高科,3.37,3.2,3.22,781418.0,3.39,21325.0,0.17,5.31,3.38
000983,山西焦煤,7.15,7.46,7.21,363962.0,7.17,1875.0,-0.31,-4.16,7.22
000985,大庆华科,16.7,16.32,16.39,2697.0,16.75,73.0,0.38,2.33,16.79
000987,越秀资本,7.83,7.49,7.56,124360.0,7.84,1194.0,0.34,4.54,7.86
000988,华工科技,150.64,151.01,152.98,100865.0,150.66,12.0,-0.37,-0.25,153.5
000989,九芝堂,8.09,7.98,7.98,12434.0,8.11,99.0,0.11,1.38,8.1
000990,诚志股份,9.14,8.97,8.96,67097.0,9.17,654.0,0.17,1.9,9.17
000993,闽东电力,11.88,11.82,11.67,23706.0,11.91,121.0,0.06,0.51,11.89
000995,皇台酒业,11.23,11.01,11.02,19930.0,11.25,25.0,0.22,2.0,11.32
000997,新 大 陆,18.36,17.84,18.0,32167.0,18.38,105.0,0.52,2.91,18.38
000998,隆平高科,8.51,8.5,8.42,46523.0,8.53,185.0,0.01,0.12,8.51
000999,华润三九,24.8,24.85,24.9,16077.0,24.83,36.0,-0.05,-0.2,24.91
001201,东瑞股份,11.42,11.21,11.25,4890.0,11.44,274.0,0.21,1.87,11.45
001202,炬申股份,14.72,14.43,14.55,2342.0,14.75,8.0,0.29,2.01,14.82
001203,大中矿业,43.27,43.11,42.5,57408.0,43.3,145.0,0.16,0.37,43.78
001205,盛航股份,14.44,13.9,14.12,12136.0,14.46,362.0,0.54,3.88,14.95
001206,依依股份,17.89,17.23,17.54,33295.0,17.91,15.0,0.66,3.83,18.06
001207,联科科技,17.8,17.47,17.66,5720.0,17.83,282.0,0.33,1.89,17.93
001208,华菱线缆,16.19,16.24,16.25,36035.0,16.21,57.0,-0.05,-0.31,16.48
001209,洪兴股份,19.15,18.98,19.04,2496.0,19.18,4.0,0.17,0.9,19.29
001210,金房能源,23.85,24.09,24.09,22977.0,23.93,1.0,-0.24,-1.0,24.47
001211,双枪科技,36.0,36.15,36.5,22910.0,36.16,4.0,-0.15,-0.41,37.6
001212,中旗新材,48.46,47.71,48.03,10875.0,48.49,4.0,0.75,1.57,48.6
001213,中铁特货,3.65,3.6,3.62,25064.0,3.67,1560.0,0.05,1.39,3.65
001215,千味央厨,41.9,42.66,43.0,10721.0,41.93,36.0,-0.76,-1.78,43.28
001216,华瓷股份,15.72,15.71,15.58,6148.0,15.75,42.0,0.01,0.06,15.79
001217,华尔泰,9.82,9.65,9.68,6046.0,9.85,11.0,0.17,1.76,9.91
001218,丽臣实业,25.29,25.42,25.42,3992.0,25.31,1.0,-0.13,-0.51,25.5
001219,青岛食品,13.06,12.86,12.91,3563.0,13.1,140.0,0.2,1.56,13.09
001220,世盟股份,31.68,30.97,31.35,2828.0,31.74,3.0,0.71,2.29,31.81
001221,悍高集团,45.22,44.88,44.97,3903.0,45.28,10.0,0.34,0.76,45.48
001222,源飞宠物,15.25,14.96,15.12,3672.0,15.28,21.0,0.29,1.94,15.33
001223,欧克科技,44.76,43.03,43.54,8762.0,44.84,48.0,1.73,4.02,45.49
001225,和泰机电,44.33,43.21,43.56,3953.0,44.38,4.0,1.12,2.59,45.74
001226,拓山重工,51.18,50.19,50.45,7950.0,51.2,5.0,0.99,1.97,53.61
001227,兰州银行,2.17,2.15,2.15,184261.0,2.19,39031.0,0.02,0.93,2.18
001228,永泰运,27.11,26.82,26.82,1522.0,27.16,49.0,0.29,1.08,27.35
001229,魅视科技,27.85,27.92,27.66,11156.0,27.9,58.0,-0.07,-0.25,28.1
001230,劲旅环境,25.25,25.13,25.36,2827.0,25.3,49.0,0.12,0.48,25.5
001231,农心科技,20.91,20.58,20.74,1801.0,20.96,2.0,0.33,1.6,21.1
001233,海安集团,53.83,51.37,52.4,8577.0,53.88,1.0,2.46,4.79,53.98
001234,泰慕士,22.91,22.66,22.68,1950.0,22.98,10.0,0.25,1.1,23.09
001236,弘业期货,8.02,7.59,7.58,43760.0,8.05,144.0,0.43,5.67,8.07
001237,惠康科技,62.5,60.6,60.91,10107.0,62.52,5.0,1.9,3.14,62.53
001238,浙江正特,30.72,30.72,30.73,2002.0,30.8,41.0,0.0,0.0,31.48
001239,永达股份,14.08,13.91,13.96,6045.0,14.1,24.0,0.17,1.22,14.18
001255,博菲电气,29.62,29.11,29.23,2155.0,29.7,130.0,0.51,1.75,29.96
001256,炜冈科技,23.81,23.54,23.59,10517.0,23.85,12.0,0.27,1.15,24.38
001257,盛龙股份,30.51,27.74,29.9,205421.0,0.0,0.0,2.77,9.99,30.51
001258,立新能源,7.88,7.81,7.8,59518.0,7.9,454.0,0.07,0.9,7.91
001259,利仁科技,70.31,68.89,70.0,3908.0,70.41,4.0,1.42,2.06,70.6
001260,坤泰股份,18.19,17.88,17.96,3907.0,18.23,3.0,0.31,1.73,18.45
001266,宏英智能,45.49,44.85,44.95,6462.0,45.56,22.0,0.64,1.43,46.07
001267,汇绿生态,49.85,49.5,49.51,31870.0,49.88,54.0,0.35,0.71,50.21
001268,联合精密,40.24,40.81,41.12,3988.0,40.26,3.0,-0.57,-1.4,41.37
001269,欧晶科技,26.96,26.9,27.35,19439.0,27.03,20.0,0.06,0.22,27.75
001270,铖昌科技,122.07,125.65,124.0,18733.0,122.09,10.0,-3.58,-2.85,124.21
001277,速达股份,31.07,30.52,30.58,1618.0,31.2,12.0,0.55,1.8,31.3
001278,一彬科技,17.15,16.88,16.98,5100.0,17.2,23.0,0.27,1.6,17.3
001279,强邦新材,26.74,26.2,26.25,1579.0,26.79,18.0,0.54,2.06,26.82
001280,中国铀业,73.27,73.0,74.1,27512.0,73.31,1.0,0.27,0.37,74.1
001282,三联锻造,17.38,17.0,17.2,2527.0,17.42,2.0,0.38,2.24,17.42
001283,豪鹏科技,47.75,47.18,47.65,5344.0,47.86,15.0,0.57,1.21,47.94
001285,瑞立科密,44.7,43.89,43.95,1712.0,44.74,16.0,0.81,1.85,44.75
001286,陕西能源,12.15,12.23,12.23,48056.0,12.17,443.0,-0.08,-0.65,12.23
001287,中电港,25.06,24.95,25.01,64633.0,25.09,52.0,0.11,0.44,25.55
001288,运机集团,25.42,24.34,24.42,9450.0,25.51,30.0,1.08,4.44,25.6
001289,龙源电力,17.6,17.63,17.64,14308.0,17.63,11.0,-0.03,-0.17,17.66
001296,长江材料,19.36,18.88,18.93,3399.0,19.4,19.0,0.48,2.54,19.43
001298,好上好,19.89,20.05,19.94,29040.0,19.91,4.0,-0.16,-0.8,20.0
001299,美能能源,11.2,11.24,11.26,32855.0,11.23,26.0,-0.04,-0.36,11.54
001300,三柏硕,15.27,15.2,15.51,5520.0,15.29,4.0,0.07,0.46,15.51
001301,尚太科技,93.24,89.45,89.34,17124.0,93.27,4.0,3.79,4.24,93.65
001306,夏厦精密,61.15,60.05,60.2,905.0,61.17,1.0,1.1,1.83,61.33
001308,康冠科技,20.2,19.9,19.97,10889.0,20.23,102.0,0.3,1.51,20.28
001309,德明利,624.77,617.43,632.0,20971.0,624.99,1.0,7.34,1.19,639.94
001311,多利科技,18.6,18.37,18.4,6279.0,18.64,10.0,0.23,1.25,18.69
001312,福恩股份,19.68,19.43,19.48,5318.0,19.71,89.0,0.25,1.29,19.71
001313,粤海饲料,7.57,7.45,7.47,12863.0,7.6,963.0,0.12,1.61,7.6
001314,亿道信息,52.3,50.89,51.01,5863.0,52.38,61.0,1.41,2.77,52.55
001316,润贝航科,37.63,37.9,37.77,6847.0,37.66,12.0,-0.27,-0.71,37.77
001317,三羊马,47.64,47.7,48.0,10236.0,47.73,43.0,-0.06,-0.13,48.33
001318,阳光乳业,11.31,11.17,11.1,2097.0,11.35,89.0,0.14,1.25,11.36
001319,铭科精技,24.36,24.44,24.49,3965.0,24.37,9.0,-0.08,-0.33,24.68
001322,箭牌家居,6.45,6.51,6.47,10960.0,6.47,54.0,-0.06,-0.92,6.51
001323,慕思股份,18.89,18.77,18.88,780.0,18.92,15.0,0.12,0.64,18.96
001324,长青科技,18.14,17.99,17.99,3182.0,18.16,11.0,0.15,0.83,18.3
001325,元创股份,39.92,39.25,39.3,2875.0,39.99,17.0,0.67,1.71,40.2
001326,联域股份,64.65,63.7,63.7,1769.0,64.8,1.0,0.95,1.49,64.85
001328,登康口腔,30.8,30.6,30.6,2178.0,30.85,1.0,0.2,0.65,30.99
001330,博纳影业,7.1,7.07,7.34,343738.0,7.13,530.0,0.03,0.42,7.4
001332,锡装股份,45.75,45.28,45.78,2795.0,45.84,3.0,0.47,1.04,46.51
001333,光华股份,21.63,21.17,21.38,3766.0,21.67,7.0,0.46,2.17,21.77
001335,信凯科技,50.12,49.92,50.02,4818.0,50.29,2.0,0.2,0.4,51.06
001336,楚环科技,25.03,24.39,24.4,3747.0,25.06,1.0,0.64,2.62,25.2
001337,四川黄金,43.87,42.08,43.77,47929.0,43.89,44.0,1.79,4.25,44.35
001338,永顺泰,10.03,10.02,9.97,11337.0,10.05,74.0,0.01,0.1,10.08
001339,智微智能,98.75,97.4,96.5,8294.0,98.88,7.0,1.35,1.39,99.0
001356,富岭股份,9.43,9.34,9.36,4989.0,9.46,56.0,0.09,0.96,9.46
001358,兴欣新材,25.0,24.55,25.5,3791.0,25.04,2.0,0.45,1.83,25.51
001359,平安电工,112.7,107.14,109.31,18417.0,112.88,130.0,5.56,5.19,113.0
001360,南矿集团,19.13,18.74,18.89,17353.0,19.16,3.0,0.39,2.08,19.49
001365,天海电子,39.02,38.0,38.06,13384.0,39.04,25.0,1.02,2.68,39.44
001366,播恩集团,12.96,12.85,12.89,6931.0,13.0,72.0,0.11,0.86,13.1
001367,海森药业,20.26,20.18,20.18,2093.0,20.28,26.0,0.08,0.4,20.34
001368,通达创智,23.44,23.29,23.3,2518.0,23.5,1.0,0.15,0.64,23.64
001369,双欣材料,15.61,15.27,15.16,78634.0,15.65,149.0,0.34,2.23,15.69
001373,翔腾新材,34.29,33.34,33.49,1919.0,34.32,1.0,0.95,2.85,34.49
001376,百通能源,13.04,12.09,12.14,60735.0,13.08,27.0,0.95,7.86,13.25
001378,德冠新材,20.78,20.8,20.97,27078.0,20.79,69.0,-0.02,-0.1,21.4
001379,腾达科技,17.57,17.23,17.48,3345.0,17.59,31.0,0.34,1.97,17.57
001380,华纬科技,16.74,16.5,16.67,2464.0,16.76,29.0,0.24,1.45,16.81
001382,新亚电缆,20.74,20.58,20.56,4468.0,20.77,41.0,0.16,0.78,20.78
001386,马可波罗,16.4,16.39,16.33,11546.0,16.42,14.0,0.01,0.06,16.68
001387,雪祺电气,12.0,11.79,11.8,6162.0,12.03,22.0,0.21,1.78,12.1
001388,信通电子,30.32,29.43,29.5,2132.0,30.34,7.0,0.89,3.02,30.38
001389,广合科技,182.91,178.4,182.02,10771.0,182.95,1.0,4.51,2.53,186.0
001390,古麒绒材,17.78,17.64,17.9,2453.0,17.81,39.0,0.14,0.79,17.92
001391,国货航,4.85,4.74,4.79,53871.0,4.88,1462.0,0.11,2.32,4.86
001393,维通利,56.18,54.81,55.06,9238.0,56.2,2.0,1.37,2.5,56.79
001395,亚联机械,37.39,37.1,37.2,1947.0,37.48,30.0,0.29,0.78,37.61
001396,誉帆科技,40.12,39.55,39.55,1825.0,40.17,1.0,0.57,1.44,40.3
001400,江顺科技,108.39,109.02,107.99,5185.0,108.58,3.0,-0.63,-0.58,109.47
001696,宗申动力,22.3,22.84,22.05,496538.0,22.33,37.0,-0.54,-2.36,22.8
001872,招商港口,20.79,20.41,20.53,5885.0,20.84,5.0,0.38,1.86,20.9
001896,豫能控股,21.62,21.8,21.3,296706.0,21.65,700.0,-0.18,-0.83,22.06
001914,招商积余,9.71,9.65,9.65,8289.0,9.74,385.0,0.06,0.62,9.76
001965,招商公路,9.58,9.74,9.7,18179.0,9.61,16.0,-0.16,-1.64,9.7
001979,招商蛇口,8.25,8.16,8.2,79694.0,8.27,2279.0,0.09,1.1,8.3
002001,新 和 成,30.67,30.09,30.09,59867.0,30.7,182.0,0.58,1.93,30.86
002003,伟星股份,9.09,9.05,9.08,10570.0,9.11,28.0,0.04,0.44,9.12
002004,华邦健康,4.65,4.62,4.62,43229.0,4.68,3123.0,0.03,0.65,4.66
002006,精工科技,15.2,14.89,15.0,9750.0,15.21,80.0,0.31,2.08,15.2
002007,华兰生物,13.1,12.92,12.99,33496.0,13.13,75.0,0.18,1.39,13.11
002008,大族激光,120.0,119.12,121.15,53728.0,120.1,40.0,0.88,0.74,123.66
002009,天奇股份,20.52,20.17,20.41,21917.0,20.54,178.0,0.35,1.74,20.55
002010,传化智联,5.03,4.9,4.93,51449.0,5.06,745.0,0.13,2.65,5.04
002011,盾安环境,10.99,10.76,10.85,25439.0,11.01,110.0,0.23,2.14,11.02
002012,凯恩股份,7.18,7.02,7.03,29688.0,7.21,385.0,0.16,2.28,7.23
002014,永新股份,10.83,10.78,10.81,5308.0,10.86,500.0,0.05,0.46,10.86
002015,协鑫能科,17.72,17.11,17.38,201402.0,17.75,588.0,0.61,3.57,17.78
002016,世荣兆业,4.66,4.59,4.64,15106.0,4.68,429.0,0.07,1.53,4.67
002017,东信和平,16.24,16.23,16.3,27423.0,16.26,137.0,0.01,0.06,16.35
002019,亿帆医药,10.15,10.05,10.08,12825.0,10.17,283.0,0.1,1.0,10.17
002020,京新药业,12.53,12.41,12.54,15139.0,12.56,172.0,0.12,0.97,12.55
002021,中捷资源,2.66,2.42,2.45,136384.0,0.0,0.0,0.24,9.92,2.66
002022,科华生物,5.15,5.08,5.08,12715.0,5.18,482.0,0.07,1.38,5.17
002023,海特高新,11.74,11.4,11.95,99703.0,11.76,17.0,0.34,2.98,12.08
002025,航天电器,65.24,64.05,64.61,31191.0,65.29,16.0,1.19,1.86,65.3
002026,山东威达,12.11,11.94,12.0,4408.0,12.13,121.0,0.17,1.42,12.13
002027,分众传媒,5.48,5.45,5.44,195404.0,5.5,11636.0,0.03,0.55,5.51
002028,思源电气,171.5,173.3,173.5,12095.0,171.87,3.0,-1.8,-1.04,173.9
002029,七 匹 狼,8.32,8.26,8.28,19988.0,8.34,160.0,0.06,0.73,8.39
002030,达安基因,5.47,5.38,5.37,38306.0,5.49,1643.0,0.09,1.67,5.47
002031,巨轮智能,5.8,5.63,5.7,234086.0,5.82,1776.0,0.17,3.02,5.8
002032,苏 泊 尔,42.16,42.53,42.26,3553.0,42.22,1.0,-0.37,-0.87,42.4
002033,丽江股份,8.75,8.73,8.71,26460.0,8.78,329.0,0.02,0.23,8.8
002034,旺能环境,17.83,17.52,17.61,16955.0,17.85,67.0,0.31,1.77,17.85
002035,华帝股份,5.06,5.03,5.03,11255.0,5.09,547.0,0.03,0.6,5.08
002036,联创电子,8.07,7.86,7.92,60602.0,8.09,982.0,0.21,2.67,8.08
002037,保利联合,7.07,6.95,7.01,7225.0,7.1,338.0,0.12,1.73,7.08
002038,双鹭药业,5.42,5.37,5.39,40483.0,5.45,647.0,0.05,0.93,5.46
002039,黔源电力,20.87,21.09,20.98,12464.0,20.91,23.0,-0.22,-1.04,21.05
002040,南 京 港,9.22,8.38,8.74,56380.0,0.0,0.0,0.84,10.02,9.22
002041,登海种业,8.89,8.7,8.9,37502.0,8.93,78.0,0.19,2.18,8.97
002042,华孚时尚,3.8,3.63,3.7,104093.0,3.83,1149.0,0.17,4.68,3.81
002043,兔 宝 宝,12.41,12.38,12.28,16276.0,12.43,10.0,0.03,0.24,12.52
002044,美年健康,5.04,4.96,4.97,140713.0,5.06,1362.0,0.08,1.61,5.04
002045,国光电器,8.7,8.51,8.59,28923.0,8.72,302.0,0.19,2.23,8.72
002046,国机精工,60.5,59.19,59.38,39528.0,60.81,31.0,1.31,2.21,61.0
002047,宝鹰股份,4.19,4.0,4.03,166248.0,4.22,2202.0,0.19,4.75,4.36
002048,宁波华翔,27.71,27.01,27.37,37385.0,27.73,3.0,0.7,2.59,27.76
002049,紫光国微,72.37,71.51,72.08,36419.0,72.4,28.0,0.86,1.2,72.47
002050,三花智控,45.31,44.81,45.31,119539.0,45.32,20.0,0.5,1.12,45.7
002051,中工国际,11.62,10.56,11.3,641765.0,0.0,0.0,1.06,10.04,11.62
002052,同洲电子,9.14,9.1,9.1,12212.0,9.16,399.0,0.04,0.44,9.17
002053,云南能投,10.75,10.62,10.62,10388.0,10.77,382.0,0.13,1.22,10.79
002054,德美化工,7.63,7.46,7.48,15811.0,7.66,668.0,0.17,2.28,7.66
002056,横店东磁,25.08,24.62,25.05,117421.0,25.11,139.0,0.46,1.87,25.45
002057,中钢天源,12.05,11.68,11.71,170857.0,12.07,306.0,0.37,3.17,12.09
002058,威尔泰,22.81,22.5,23.58,13280.0,22.95,74.0,0.31,1.38,23.64
002059,云南旅游,4.64,4.59,4.6,23717.0,4.66,553.0,0.05,1.09,4.66
002060,广东建工,3.31,3.26,3.27,25912.0,3.34,3701.0,0.05,1.53,3.32
002061,浙江交科,3.67,3.62,3.62,29967.0,3.69,3711.0,0.05,1.38,3.67
002062,宏润建设,8.0,7.77,7.86,25083.0,8.02,759.0,0.23,2.96,8.02
002063,远光软件,5.41,5.3,5.33,53324.0,5.43,674.0,0.11,2.08,5.41
002064,华峰化学,10.96,10.35,10.36,208747.0,10.99,262.0,0.61,5.89,11.14
002065,东华软件,7.15,7.0,7.05,68414.0,7.18,2428.0,0.15,2.14,7.18
002066,瑞泰科技,22.7,22.57,22.62,5868.0,22.7,458.0,0.13,0.58,23.0
002067,景兴纸业,4.27,4.18,4.21,49657.0,4.3,3712.0,0.09,2.15,4.29
002068,黑猫股份,10.12,10.08,10.05,42795.0,10.15,129.0,0.04,0.4,10.26
002069,獐子岛,3.32,3.27,3.27,10984.0,3.34,911.0,0.05,1.53,3.35
002072,凯瑞德,8.38,8.5,8.44,25737.0,8.4,364.0,-0.12,-1.41,8.58
002073,软控股份,5.6,5.45,5.47,30493.0,5.62,479.0,0.15,2.75,5.61
002074,国轩高科,29.57,29.04,29.44,48990.0,29.6,133.0,0.53,1.83,29.58
002075,沙钢股份,3.76,3.57,3.62,120270.0,3.78,2260.0,0.19,5.32,3.78
002077,大港股份,16.06,15.82,15.97,43831.0,16.09,162.0,0.24,1.52,16.3
002078,太阳纸业,13.99,13.76,13.81,39210.0,14.02,115.0,0.23,1.67,14.08
002079,苏州固锝,11.77,11.59,11.8,69082.0,11.79,211.0,0.18,1.55,11.85
002080,中材科技,63.15,61.92,64.26,109719.0,63.21,28.0,1.23,1.99,65.67
002081,金 螳 螂,5.13,5.03,5.1,400536.0,5.15,2722.0,0.1,1.99,5.22
002083,孚日股份,10.02,9.64,10.13,198051.0,10.04,94.0,0.38,3.94,10.5
002084,海鸥住工,3.41,3.38,3.42,51558.0,3.43,608.0,0.03,0.89,3.47
002085,万丰奥威,13.66,13.59,13.83,476100.0,13.71,817.0,0.07,0.52,13.96
002086,东方海洋,1.85,1.82,1.82,46690.0,1.87,8668.0,0.03,1.65,1.86
002088,鲁阳节能,9.14,8.95,9.01,47743.0,9.16,32.0,0.19,2.12,9.33
002090,金智科技,9.56,9.31,9.38,14695.0,9.58,255.0,0.25,2.69,9.59
002091,江苏国泰,7.68,7.52,7.55,29330.0,7.7,904.0,0.16,2.13,7.69
002092,中泰化学,4.6,4.43,4.5,178564.0,4.62,1788.0,0.17,3.84,4.65
002093,国脉科技,7.15,6.92,6.96,27064.0,7.17,381.0,0.23,3.32,7.15
002094,青岛金王,5.04,4.89,4.9,45538.0,5.06,825.0,0.15,3.07,5.11
002095,生 意 宝,13.77,13.51,13.59,3243.0,13.79,71.0,0.26,1.92,13.83
002096,易普力,9.41,9.2,9.2,32657.0,9.44,299.0,0.21,2.28,9.54
002097,山河智能,8.4,8.24,8.3,33920.0,8.42,408.0,0.16,1.94,8.44
002098,浔兴股份,7.24,7.19,7.25,4265.0,7.27,97.0,0.05,0.7,7.29
002099,海翔药业,5.46,5.37,5.36,34966.0,5.48,923.0,0.09,1.68,5.52
002100,天康生物,6.41,6.32,6.32,34632.0,6.43,385.0,0.09,1.42,6.42
002101,广东鸿图,8.64,8.47,8.47,11358.0,8.66,1326.0,0.17,2.01,8.66
002103,广博股份,6.52,6.41,6.45,13660.0,6.55,430.0,0.11,1.72,6.56
002104,恒宝股份,11.6,11.36,11.44,34595.0,11.62,315.0,0.24,2.11,11.67
002105,信隆健康,5.67,5.54,5.63,11564.0,5.7,314.0,0.13,2.35,5.74
002106,莱宝高科,12.91,12.16,12.3,130014.0,12.94,130.0,0.75,6.17,13.08
002107,沃华医药,6.12,6.03,6.02,12946.0,6.14,190.0,0.09,1.49,6.14
002108,沧州明珠,4.82,4.74,4.78,57262.0,4.85,4122.0,0.08,1.69,4.83
002110,三钢闽光,3.11,3.03,3.06,45280.0,3.13,1475.0,0.08,2.64,3.12
002111,威海广泰,9.78,9.59,9.58,22103.0,9.81,108.0,0.19,1.98,9.8
002112,三变科技,17.44,16.74,17.11,33654.0,17.46,149.0,0.7,4.18,17.71
002114,罗平锌电,7.89,7.54,7.71,41383.0,7.91,292.0,0.35,4.64,7.92
002115,三维通信,11.7,11.51,11.6,43818.0,11.72,594.0,0.19,1.65,11.72
002116,中国海诚,9.09,8.96,9.06,4390.0,9.12,53.0,0.13,1.45,9.12
002117,东港股份,9.11,9.02,9.06,10220.0,9.14,177.0,0.09,1.0,9.14
002119,康强电子,32.1,31.96,32.01,250150.0,32.26,5.0,0.14,0.44,32.7
002120,韵达股份,6.75,6.64,6.79,84417.0,6.77,1150.0,0.11,1.66,6.83
002121,科陆电子,6.2,6.07,6.1,58514.0,6.22,1338.0,0.13,2.14,6.22
002123,梦网科技,7.67,7.52,7.57,21364.0,7.7,1911.0,0.15,1.99,7.71
002124,天邦食品,2.4,2.38,2.41,94150.0,2.43,6132.0,0.02,0.84,2.42
002125,湘潭电化,18.51,18.06,18.21,152365.0,18.54,393.0,0.45,2.49,18.56
002126,银轮股份,48.49,47.21,47.8,22853.0,48.52,21.0,1.28,2.71,48.96
002127,南极电商,2.8,2.75,2.76,60550.0,2.82,5419.0,0.05,1.82,2.81
002128,电投能源,27.59,27.75,28.2,50274.0,27.64,16.0,-0.16,-0.58,28.29
002129,TCL中环,9.92,9.98,9.98,825355.0,9.94,1223.0,-0.06,-0.6,10.07
002130,沃尔核材,19.69,19.19,19.49,62335.0,19.71,54.0,0.5,2.61,19.77
002131,利欧股份,5.43,5.29,5.35,486389.0,5.45,11065.0,0.14,2.65,5.46
002132,恒星科技,5.37,5.19,5.24,111460.0,5.39,1770.0,0.18,3.47,5.41
002133,广宇集团,2.82,2.74,2.77,42610.0,2.84,2171.0,0.08,2.92,2.84
002134,天津普林,28.8,27.95,28.11,18254.0,28.88,146.0,0.85,3.04,28.86
002135,东南网架,6.9,6.64,6.72,40607.0,6.92,55.0,0.26,3.92,6.99
002136,安 纳 达,13.58,12.58,12.59,34984.0,13.6,78.0,1.0,7.95,13.64
002137,实益达,10.12,9.2,9.28,329030.0,0.0,0.0,0.92,10.0,10.12
002138,顺络电子,60.32,56.16,57.86,143192.0,60.35,245.0,4.16,7.41,60.49
002139,拓邦股份,9.71,9.55,9.59,35384.0,9.74,808.0,0.16,1.68,9.74
002140,东华科技,10.15,9.98,10.09,10402.0,10.18,31.0,0.17,1.7,10.25
002141,贤丰控股,3.49,3.28,3.31,188729.0,3.51,108.0,0.21,6.4,3.58
002142,宁波银行,32.72,32.7,32.6,42187.0,32.76,28.0,0.02,0.06,32.81
002144,宏达高科,11.4,11.12,11.24,7560.0,11.43,94.0,0.28,2.52,11.45
002145,钛能化学,4.37,4.27,4.28,113989.0,4.39,8094.0,0.1,2.34,4.37
002146,荣盛发展,1.28,1.25,1.26,239384.0,1.3,65586.0,0.03,2.4,1.28
002148,北纬科技,6.4,6.29,6.37,15806.0,6.42,474.0,0.11,1.75,6.43
002149,西部材料,58.12,59.8,57.53,131404.0,58.16,30.0,-1.68,-2.81,58.19
002150,正泰电源,24.67,24.86,25.0,17617.0,24.7,101.0,-0.19,-0.76,25.25
002151,北斗星通,33.86,33.76,33.6,22627.0,33.88,31.0,0.1,0.3,33.91
002152,广电运通,9.97,9.83,9.84,48875.0,9.99,509.0,0.14,1.42,9.99
002153,石基信息,8.01,7.86,7.99,30845.0,8.03,173.0,0.15,1.91,8.06
002154,报 喜 鸟,4.0,3.94,3.95,48234.0,4.03,1980.0,0.06,1.52,4.05
002155,湖南黄金,25.26,24.23,24.98,240530.0,25.29,71.0,1.03,4.25,25.48
002156,通富微电,57.95,57.22,58.66,200912.0,58.0,80.0,0.73,1.28,58.88
002157,正邦科技,3.13,3.09,3.1,208489.0,3.15,25105.0,0.04,1.29,3.13
002158,汉钟精机,27.96,27.47,27.75,12053.0,27.98,22.0,0.49,1.78,28.09
002159,三特索道,14.04,13.81,13.96,4177.0,14.07,19.0,0.23,1.67,14.1
002161,远 望 谷,5.74,5.55,5.6,36960.0,5.77,1265.0,0.19,3.42,5.76
002162,悦心健康,3.74,3.69,3.69,15044.0,3.77,836.0,0.05,1.36,3.76
002163,海南发展,9.51,9.23,9.31,38747.0,9.53,475.0,0.28,3.03,9.54
002164,宁波东力,13.39,13.27,13.27,33048.0,13.4,25.0,0.12,0.9,13.45
002165,红 宝 丽,7.68,7.73,7.51,244012.0,7.7,95.0,-0.05,-0.65,7.7
002166,莱茵生物,7.56,7.48,7.49,7534.0,7.58,509.0,0.08,1.07,7.58
002167,东方锆业,14.57,14.2,14.39,210997.0,14.59,718.0,0.37,2.61,14.59
002169,智光电气,14.71,14.94,15.0,68034.0,14.73,101.0,-0.23,-1.54,15.01
002170,芭田股份,11.6,11.35,11.45,41152.0,11.62,102.0,0.25,2.2,11.64
002171,楚江新材,13.74,13.59,13.58,393716.0,13.77,553.0,0.15,1.1,13.88
002172,澳洋健康,3.23,3.18,3.2,16196.0,3.26,2273.0,0.05,1.57,3.26
002173,创新医疗,17.61,17.3,17.38,24465.0,17.63,193.0,0.31,1.79,17.69
002174,游族网络,10.91,10.08,10.22,160146.0,10.94,163.0,0.83,8.23,10.97
002176,江特电机,11.45,11.25,11.41,282902.0,11.48,781.0,0.2,1.78,11.55
002177,御银股份,6.26,6.09,6.14,56160.0,6.28,981.0,0.17,2.79,6.29
002178,延华智能,5.39,5.33,5.33,11688.0,5.41,329.0,0.06,1.13,5.39
002179,中航光电,36.44,36.01,36.3,41927.0,36.47,1.0,0.43,1.19,36.66
002180,奔图科技,14.01,13.95,13.95,23143.0,14.03,48.0,0.06,0.43,14.05
002181,粤 传 媒,12.78,13.07,12.56,211109.0,12.8,557.0,-0.29,-2.22,12.93
002182,宝武镁业,14.0,13.2,13.53,102675.0,14.02,110.0,0.8,6.06,14.03
002183,怡 亚 通,5.41,5.32,5.31,205733.0,5.43,1782.0,0.09,1.69,5.41
002184,海得控制,10.67,10.55,10.55,8455.0,10.71,156.0,0.12,1.14,10.75
002185,华天科技,16.42,16.06,16.38,507131.0,16.44,2813.0,0.36,2.24,16.56
002186,全 聚 德,9.22,9.12,9.22,5802.0,9.24,234.0,0.1,1.1,9.25
002187,广百股份,5.37,5.27,5.28,27209.0,5.39,632.0,0.1,1.9,5.4
002188,中天服务,5.86,5.69,5.69,19489.0,5.89,251.0,0.17,2.99,5.9
002189,中光学,20.34,20.31,20.25,6354.0,20.39,10.0,0.03,0.15,20.63
002190,成飞集成,26.64,27.07,26.57,26611.0,26.66,64.0,-0.43,-1.59,26.97
002191,劲嘉股份,3.85,3.81,3.82,33131.0,3.87,1013.0,0.04,1.05,3.9
002192,融捷股份,90.67,89.74,90.0,89990.0,90.7,18.0,0.93,1.04,92.15
002194,武汉凡谷,11.36,11.37,11.27,75407.0,11.39,244.0,-0.01,-0.09,11.42
002195,岩山科技,7.15,6.88,6.98,318814.0,7.17,3882.0,0.27,3.92,7.15
002196,方正电机,12.62,12.47,12.55,22108.0,12.65,268.0,0.15,1.2,12.64
002197,证通电子,6.33,6.09,6.15,27000.0,6.36,82.0,0.24,3.94,6.35
002200,交投生态,7.06,6.81,7.13,42181.0,7.12,526.0,0.25,3.67,7.21
002201,九鼎新材,10.95,10.93,10.82,50494.0,10.98,81.0,0.02,0.18,11.08
002202,金风科技,21.31,21.43,21.53,277230.0,21.34,13.0,-0.12,-0.56,21.66
002203,海亮股份,23.45,23.44,23.0,452964.0,23.48,24.0,0.01,0.04,23.65
002204,大连重工,5.72,5.63,5.67,32077.0,5.74,1143.0,0.09,1.6,5.73
002205,国统股份,11.76,11.71,11.76,4837.0,11.79,22.0,0.05,0.43,11.9
002206,海 利 得,5.41,5.28,5.34,29268.0,5.44,614.0,0.13,2.46,5.43
002208,合肥城建,16.08,15.46,15.92,175862.0,16.12,176.0,0.62,4.01,16.4
002209,达 意 隆,11.76,11.48,11.57,6277.0,11.79,59.0,0.28,2.44,11.82
002210,飞马国际,2.52,2.46,2.48,173196.0,2.55,10640.0,0.06,2.44,2.54
002212,天融信,6.4,6.35,6.42,75607.0,6.43,430.0,0.05,0.79,6.44
002213,大为股份,38.0,38.19,38.55,48829.0,38.02,178.0,-0.19,-0.5,39.05
002215,诺 普 信,9.99,9.58,9.57,161716.0,10.02,295.0,0.41,4.28,10.16
002216,三全食品,12.62,12.5,12.57,12239.0,12.64,22.0,0.12,0.96,12.68
002217,合力泰,2.4,2.31,2.35,916075.0,2.42,24711.0,0.09,3.9,2.42
002218,拓日新能,4.31,4.26,4.27,55499.0,4.33,1384.0,0.05,1.17,4.32
002219,新里程,2.02,1.99,2.0,98127.0,2.04,19057.0,0.03,1.51,2.03
002221,东华能源,6.2,6.12,6.11,47927.0,6.22,375.0,0.08,1.31,6.21
002222,福晶科技,91.08,90.38,91.0,44734.0,91.12,1.0,0.7,0.77,93.18
002223,鱼跃医疗,26.17,25.96,25.96,19083.0,26.19,118.0,0.21,0.81,26.18
002224,三 力 士,3.64,3.59,3.6,16330.0,3.66,2691.0,0.05,1.39,3.65
002225,濮耐股份,4.23,4.15,4.18,127656.0,4.25,3171.0,0.08,1.93,4.27
002226,江南化工,4.92,4.95,4.9,39275.0,4.94,568.0,-0.03,-0.61,4.93
002228,合兴包装,3.26,3.21,3.23,46616.0,3.28,2521.0,0.05,1.56,3.28
002229,鸿博股份,13.51,13.3,13.3,40024.0,13.53,113.0,0.21,1.58,13.54
002230,科大讯飞,41.49,40.39,41.01,114063.0,41.52,89.0,1.1,2.72,41.58
002232,启明信息,15.19,14.93,14.96,4791.0,15.21,5.0,0.26,1.74,15.22
002233,塔牌集团,7.63,7.59,7.62,14236.0,7.65,1107.0,0.04,0.53,7.65
002234,民和股份,7.27,7.18,7.22,10408.0,7.29,274.0,0.09,1.25,7.29
002235,安妮股份,10.19,9.58,9.64,141705.0,10.21,156.0,0.61,6.37,10.31
002236,大华股份,16.11,15.95,16.0,48296.0,16.13,176.0,0.16,1.0,16.14
002237,恒邦股份,13.56,13.01,13.39,94714.0,13.58,716.0,0.55,4.23,13.6
002238,天威视讯,6.13,6.0,6.03,8595.0,6.16,319.0,0.13,2.17,6.16
002239,奥特佳,2.54,2.47,2.48,155530.0,2.56,6900.0,0.07,2.83,2.55
002240,盛新锂能,51.89,51.08,51.1,159508.0,52.01,203.0,0.81,1.59,53.47
002241,歌尔股份,23.38,23.01,23.21,108379.0,23.4,321.0,0.37,1.61,23.42
002242,九阳股份,8.74,8.7,8.7,20314.0,8.78,107.0,0.04,0.46,8.78
002243,力合科创,7.16,7.01,6.98,44627.0,7.18,309.0,0.15,2.14,7.17
002244,滨江集团,9.41,9.36,9.44,29193.0,9.44,15.0,0.05,0.53,9.49
002245,蔚蓝锂芯,19.88,19.26,19.46,182834.0,19.89,781.0,0.62,3.22,19.97
002246,北化股份,20.82,21.36,21.19,36001.0,20.84,115.0,-0.54,-2.53,21.19
002247,聚力文化,2.48,2.38,2.41,87461.0,2.51,2860.0,0.1,4.2,2.5
002248,华东数控,9.74,9.55,9.59,13286.0,9.77,259.0,0.19,1.99,9.77
002249,大洋电机,8.09,7.95,7.96,46070.0,8.12,1206.0,0.14,1.76,8.1
002250,联化科技,14.34,14.35,14.4,34163.0,14.38,122.0,-0.01,-0.07,14.49
002251,步步高,4.22,4.0,3.97,719662.0,4.24,2456.0,0.22,5.5,4.28
002252,上海莱士,5.04,5.01,4.95,229797.0,5.06,1603.0,0.03,0.6,5.05
002254,泰和新材,17.44,18.06,17.69,231937.0,17.45,213.0,-0.62,-3.43,17.97
002255,海陆重工,9.33,9.19,9.22,23505.0,9.35,353.0,0.14,1.52,9.36
002256,兆新股份,4.21,4.16,4.13,110185.0,4.23,3237.0,0.05,1.2,4.25
002258,利尔化学,13.39,13.17,13.22,35944.0,13.41,33.0,0.22,1.67,13.39
002259,升达林业,4.6,4.5,4.52,34587.0,4.63,454.0,0.1,2.22,4.68
002261,拓维信息,30.17,29.81,29.82,148292.0,30.2,135.0,0.36,1.21,30.24
002262,恩华药业,19.68,19.44,19.46,17484.0,19.7,142.0,0.24,1.23,19.7
002263,大东南,4.15,3.77,3.85,744391.0,0.0,0.0,0.38,10.08,4.15
002264,新 华 都,6.45,6.31,6.34,18312.0,6.48,406.0,0.14,2.22,6.47
002265,建设工业,20.02,19.88,19.79,15776.0,20.03,1.0,0.14,0.7,20.05
002266,浙富控股,4.96,4.79,4.8,194127.0,4.98,2123.0,0.17,3.55,4.98
002267,陕天然气,7.25,7.2,7.17,16942.0,7.27,189.0,0.05,0.69,7.27
002268,电科网安,13.42,13.1,13.2,18920.0,13.44,275.0,0.32,2.44,13.46
002269,美邦服饰,1.53,1.51,1.51,70113.0,1.56,15170.0,0.02,1.32,1.55
002270,华明装备,20.19,20.13,20.63,108661.0,20.21,37.0,0.06,0.3,20.96
002271,东方雨虹,12.61,12.31,12.42,79791.0,12.63,225.0,0.3,2.44,12.69
002272,川润股份,20.72,20.94,21.2,110234.0,20.74,13.0,-0.22,-1.05,21.2
002273,水晶光电,33.28,32.39,33.0,89741.0,33.3,21.0,0.89,2.75,33.78
002274,华昌化工,5.39,5.26,5.27,29741.0,5.41,1478.0,0.13,2.47,5.39
002275,桂林三金,12.82,12.76,12.76,3842.0,12.84,13.0,0.06,0.47,12.83
002276,万马股份,11.24,10.79,11.3,87114.0,11.27,335.0,0.45,4.17,11.36
002277,友阿股份,6.43,6.44,6.45,55784.0,6.46,153.0,-0.01,-0.16,6.51
002278,神开股份,8.73,8.59,8.58,13092.0,8.75,982.0,0.14,1.63,8.76
002279,久其软件,7.01,6.86,6.91,50079.0,7.03,434.0,0.15,2.19,7.02
002281,光迅科技,208.99,204.97,206.88,102402.0,209.08,1.0,4.02,1.96,211.96
002282,博深股份,6.2,6.13,6.18,8513.0,6.23,842.0,0.07,1.14,6.23
002283,天润工业,9.64,9.36,9.49,49326.0,9.66,106.0,0.28,2.99,9.68
002284,亚太股份,11.12,10.54,10.67,39804.0,11.13,100.0,0.58,5.5,11.15
002285,世联行,2.51,2.4,2.42,123535.0,2.53,4511.0,0.11,4.58,2.56
002286,保龄宝,9.37,9.3,9.26,11268.0,9.4,78.0,0.07,0.75,9.5
002287,奇正藏药,20.65,20.49,20.44,2969.0,20.69,74.0,0.16,0.78,20.78
002290,禾盛新材,79.98,78.44,78.93,13294.0,80.03,50.0,1.54,1.96,81.45
002291,遥望科技,5.38,5.29,5.33,36608.0,5.41,980.0,0.09,1.7,5.42
002292,奥飞娱乐,6.9,6.76,6.8,57405.0,6.93,799.0,0.14,2.07,6.93
002293,罗莱生活,10.23,10.2,10.24,8139.0,10.26,262.0,0.03,0.29,10.28
002294,信立泰,31.47,31.3,31.9,32566.0,31.52,11.0,0.17,0.54,31.9
002295,精艺股份,10.18,9.82,9.91,12558.0,10.24,34.0,0.36,3.67,10.3
002296,辉煌科技,9.74,9.55,9.6,9410.0,9.76,185.0,0.19,1.99,9.77
002297,博云新材,22.18,22.44,21.9,316253.0,22.2,2449.0,-0.26,-1.16,22.48
002298,中电鑫龙,8.28,8.04,8.25,69590.0,8.31,90.0,0.24,2.99,8.36
002299,圣农发展,16.52,16.4,16.29,18023.0,16.54,105.0,0.12,0.73,16.53
002300,太阳电缆,7.65,7.48,7.53,30084.0,7.67,661.0,0.17,2.27,7.67
002301,齐心集团,7.42,7.36,7.32,18781.0,7.44,192.0,0.06,0.82,7.43
002302,西部建设,4.89,4.79,4.87,15259.0,4.91,435.0,0.1,2.09,4.9
002303,美盈森,3.23,3.16,3.16,18852.0,3.26,1941.0,0.07,2.22,3.24
002304,洋河股份,43.42,43.0,43.08,7768.0,43.49,15.0,0.42,0.98,43.55
002307,北新路桥,3.73,3.62,3.69,37952.0,3.76,1006.0,0.11,3.04,3.77
002309,中利集团,3.24,3.16,3.2,219978.0,3.27,6474.0,0.08,2.53,3.25
002310,东方新能,2.47,2.42,2.43,251900.0,2.5,26432.0,0.05,2.07,2.49
002311,海大集团,45.01,45.65,45.28,11273.0,45.09,2.0,-0.64,-1.4,45.4
002312,川发龙蟒,9.06,8.88,8.84,111723.0,9.08,1036.0,0.18,2.03,9.07
002313,日海智能,8.32,8.15,8.24,10868.0,8.35,597.0,0.17,2.09,8.34
002314,南山控股,2.37,2.33,2.33,80828.0,2.4,5139.0,0.04,1.72,2.39
002315,焦点科技,25.2,24.69,24.86,7873.0,25.23,36.0,0.51,2.07,25.34
002316,亚联发展,4.74,4.61,4.67,29495.0,4.76,801.0,0.13,2.82,4.79
002317,众生药业,22.12,22.54,22.3,67219.0,22.16,37.0,-0.42,-1.86,22.5
002318,久立特材,24.11,23.09,23.49,48025.0,24.15,390.0,1.02,4.42,24.14
002319,乐通股份,11.6,11.49,11.56,16211.0,11.62,381.0,0.11,0.96,11.83
002320,海峡股份,7.27,6.93,7.02,101015.0,7.3,639.0,0.34,4.91,7.41
002321,华英农业,1.87,1.84,1.84,56263.0,1.89,9716.0,0.03,1.63,1.89
002322,理工能科,10.84,10.65,10.65,3309.0,10.87,94.0,0.19,1.78,10.88
002324,普利特,12.27,12.05,12.28,33606.0,12.3,467.0,0.22,1.83,12.35
002326,永太科技,22.11,21.62,21.94,58434.0,22.13,44.0,0.49,2.27,22.27
002327,富安娜,7.14,7.16,7.2,10040.0,7.17,104.0,-0.02,-0.28,7.22
002328,新朋股份,7.94,7.74,7.96,42665.0,7.96,1381.0,0.2,2.58,7.97
002329,皇氏集团,3.33,3.16,3.2,102639.0,3.36,1286.0,0.17,5.38,3.44
002330,得利斯,3.96,3.9,3.91,24396.0,3.99,1379.0,0.06,1.54,3.99
002331,皖通科技,8.3,8.23,8.22,13988.0,8.33,489.0,0.07,0.85,8.39
002332,仙琚制药,8.6,8.61,8.58,22028.0,8.62,269.0,-0.01,-0.12,8.64
002333,罗普斯金,5.03,4.93,4.93,11284.0,5.05,389.0,0.1,2.03,5.06
002334,英威腾,8.27,8.11,8.14,51185.0,8.3,1661.0,0.16,1.97,8.34
002335,科华数据,37.51,35.66,36.5,53696.0,37.54,28.0,1.85,5.19,37.57
002337,赛象科技,5.08,5.0,4.98,13352.0,5.1,2051.0,0.08,1.6,5.1
002338,奥普光电,52.87,52.94,53.0,8913.0,52.88,28.0,-0.07,-0.13,53.44
002339,积成电子,7.97,7.64,7.7,37688.0,7.99,108.0,0.33,4.32,8.06
002340,格林美,7.55,7.36,7.48,321395.0,7.58,5233.0,0.19,2.58,7.56
002342,巨力索具,10.29,10.17,10.22,123382.0,10.31,2111.0,0.12,1.18,10.34
002343,慈文传媒,5.08,4.94,4.95,24929.0,5.1,1804.0,0.14,2.83,5.08
002344,海宁皮城,3.87,3.8,3.82,19649.0,3.9,1048.0,0.07,1.84,3.89
002345,潮宏基,9.99,9.76,9.77,145778.0,10.01,50.0,0.23,2.36,10.17
002346,柘中股份,16.5,16.0,16.13,6215.0,16.53,9.0,0.5,3.13,16.82
002347,泰尔股份,6.6,6.49,6.5,19411.0,6.63,658.0,0.11,1.69,6.64
002348,高乐股份,12.33,11.4,11.75,220052.0,12.38,3.0,0.93,8.16,12.54
002349,精华制药,6.56,6.47,6.47,11969.0,6.58,302.0,0.09,1.39,6.57
002350,北京科锐,14.61,14.33,14.36,21626.0,14.65,118.0,0.28,1.95,14.75
002351,漫步者,10.27,10.28,10.3,13858.0,10.29,91.0,-0.01,-0.1,10.38
002352,顺丰控股,34.65,34.36,34.8,32833.0,34.69,16.0,0.29,0.84,34.84
002353,杰瑞股份,146.81,144.9,146.01,42342.0,146.82,1.0,1.91,1.32,148.0
002354,天娱数科,7.81,7.52,7.56,1596704.0,7.83,138.0,0.29,3.86,7.98
002355,兴民智通,5.04,4.77,4.9,106671.0,5.06,252.0,0.27,5.66,5.15
002356,赫美集团,3.19,3.19,3.19,48195.0,3.22,806.0,0.0,0.0,3.21
002357,富临运业,9.6,9.39,9.5,16716.0,9.64,52.0,0.21,2.24,9.89
002358,森源电气,6.03,5.86,5.9,27687.0,6.05,1511.0,0.17,2.9,6.03
002361,神剑股份,15.9,15.74,15.72,405949.0,15.92,776.0,0.16,1.02,15.95
002362,汉王科技,18.4,18.4,18.5,21960.0,18.42,32.0,0.0,0.0,18.67
002363,隆基机械,6.88,6.75,6.75,9942.0,6.91,130.0,0.13,1.93,6.89
002364,中恒电气,48.42,46.51,47.24,72280.0,48.46,7.0,1.91,4.11,48.6
002365,永安药业,11.12,11.01,10.96,7189.0,11.15,76.0,0.11,1.0,11.17
002366,融发核电,6.12,5.99,6.04,49160.0,6.14,876.0,0.13,2.17,6.12
002367,康力电梯,5.39,5.32,5.32,14359.0,5.41,436.0,0.07,1.32,5.41
002368,太极股份,16.15,15.92,15.92,19602.0,16.18,141.0,0.23,1.44,16.18
002369,卓翼科技,6.08,5.91,5.97,25656.0,6.1,2275.0,0.17,2.88,6.09
002370,亚太药业,5.31,5.23,5.23,30840.0,5.33,1084.0,0.08,1.53,5.35
002371,北方华创,661.48,667.19,669.8,28056.0,662.3,1.0,-5.71,-0.86,675.4
002372,伟星新材,9.49,9.4,9.39,17793.0,9.51,152.0,0.09,0.96,9.5
002373,千方科技,7.54,7.4,7.44,33890.0,7.57,1313.0,0.14,1.89,7.57
002374,中锐股份,3.23,3.21,3.2,27795.0,3.26,3825.0,0.02,0.62,3.26
002375,亚厦股份,3.88,3.82,3.84,52267.0,3.91,1286.0,0.06,1.57,3.89
002376,新北洋,6.19,6.12,6.12,16861.0,6.22,662.0,0.07,1.14,6.22
002377,国创高新,2.85,2.8,2.81,68768.0,2.87,2151.0,0.05,1.79,2.88
002378,章源钨业,34.62,34.64,34.73,343043.0,34.67,15.0,-0.02,-0.06,35.59
002379,宏桥控股,17.96,17.57,18.07,80745.0,17.98,11.0,0.39,2.22,18.26
002380,科远智慧,37.01,37.04,37.04,9970.0,37.09,4.0,-0.03,-0.08,37.38
002381,双箭股份,5.7,5.62,5.63,5140.0,5.72,204.0,0.08,1.42,5.73
002382,蓝帆医疗,5.76,5.74,5.77,20090.0,5.79,199.0,0.02,0.35,5.82
002383,合众思壮,7.45,7.32,7.42,12248.0,7.47,525.0,0.13,1.78,7.45
002384,东山精密,219.28,217.55,222.47,108770.0,219.41,11.0,1.73,0.8,222.66
002385,大北农,3.06,3.01,3.03,302036.0,3.09,21248.0,0.05,1.66,3.07
002386,天原股份,5.89,5.81,5.85,49509.0,5.92,1368.0,0.08,1.38,5.91
002387,维信诺,8.27,7.91,7.98,137792.0,8.3,239.0,0.36,4.55,8.38
002388,新亚制程,5.2,5.0,5.1,90930.0,5.23,809.0,0.2,4.0,5.24
002389,航天彩虹,19.08,18.98,18.7,49880.0,19.1,75.0,0.1,0.53,19.1
002390,信邦制药,2.94,2.9,2.91,36690.0,2.96,2947.0,0.04,1.38,2.94
002391,长青股份,5.54,5.46,5.48,14802.0,5.57,840.0,0.08,1.47,5.58
002392,北京利尔,7.9,7.59,7.7,46938.0,7.92,290.0,0.31,4.08,7.97
002393,力生制药,14.48,14.27,14.28,3291.0,14.5,25.0,0.21,1.47,14.52
002394,联发股份,9.45,9.36,9.37,7347.0,9.5,16.0,0.09,0.96,9.53
002395,双象股份,13.7,13.32,13.45,11395.0,13.73,55.0,0.38,2.85,13.74
002396,星网锐捷,18.2,17.55,17.79,58436.0,18.21,357.0,0.65,3.7,18.22
002397,梦洁股份,4.36,4.24,4.27,29686.0,4.39,298.0,0.12,2.83,4.48
002398,垒知集团,4.26,4.17,4.17,18572.0,4.29,1052.0,0.09,2.16,4.27
002399,海普瑞,9.32,9.27,9.27,11748.0,9.34,29.0,0.05,0.54,9.34
002400,省广集团,7.13,7.0,7.02,94355.0,7.16,2009.0,0.13,1.86,7.17
002401,中远海科,13.11,12.7,12.7,13389.0,13.15,21.0,0.41,3.23,13.2
002402,和而泰,24.39,23.8,24.1,49283.0,24.41,64.0,0.59,2.48,24.45
002403,爱仕达,10.11,10.06,10.07,5032.0,10.14,69.0,0.05,0.5,10.18
002404,嘉欣丝绸,6.41,6.32,6.32,33219.0,6.45,555.0,0.09,1.42,6.49
002405,四维图新,7.57,7.4,7.43,92033.0,7.6,2961.0,0.17,2.3,7.6
002406,远东传动,7.39,7.19,7.29,60802.0,7.41,1232.0,0.2,2.78,7.41
002407,多氟多,38.46,39.67,39.28,542432.0,38.49,203.0,-1.21,-3.05,39.5
002408,齐翔腾达,5.02,4.88,4.9,74899.0,5.04,1317.0,0.14,2.87,5.05
002409,雅克科技,130.8,132.99,133.32,104143.0,131.0,54.0,-2.19,-1.65,136.8
002410,广联达,9.12,8.95,8.98,57981.0,9.15,1585.0,0.17,1.9,9.15
002412,汉森制药,6.47,6.26,6.25,36134.0,6.49,445.0,0.21,3.35,6.51
002413,雷科防务,10.38,10.35,10.33,122713.0,10.4,505.0,0.03,0.29,10.4
002414,高德红外,13.18,13.02,13.18,107465.0,13.2,715.0,0.16,1.23,13.27
002415,海康威视,30.88,30.24,30.6,88611.0,30.9,838.0,0.64,2.12,30.88
002416,爱施德,11.12,11.1,11.04,48410.0,11.15,298.0,0.02,0.18,11.18
002418,康盛股份,4.33,4.15,4.23,142816.0,4.35,16811.0,0.18,4.34,4.35
002419,天虹股份,4.68,4.65,4.63,14778.0,4.7,1420.0,0.03,0.65,4.7
002420,毅昌科技,5.94,5.65,5.7,49581.0,5.97,231.0,0.29,5.13,6.08
002421,达实智能,4.1,4.4,4.1,1460649.0,4.13,2257.0,-0.3,-6.82,4.16
002422,科伦药业,36.94,37.31,37.31,19534.0,36.96,2.0,-0.37,-0.99,37.31
002423,中粮资本,9.19,8.89,8.88,42757.0,9.21,208.0,0.3,3.37,9.2
002425,凯撒文化,2.9,2.85,2.9,27537.0,2.93,2356.0,0.05,1.75,2.94
002426,胜利精密,3.72,3.51,3.49,688556.0,3.75,22331.0,0.21,5.98,3.73
002427,尤夫股份,4.68,4.43,4.49,73685.0,4.7,371.0,0.25,5.64,4.78
002428,云南锗业,96.97,92.26,95.0,302890.0,97.14,1.0,4.71,5.11,97.56
002429,兆驰股份,10.58,10.35,10.5,160183.0,10.6,2310.0,0.23,2.22,10.61
002430,杭氧股份,26.04,26.04,25.95,51273.0,26.06,283.0,0.0,0.0,26.25
002432,九安医疗,66.99,60.9,63.88,63928.0,0.0,0.0,6.09,10.0,66.99
002434,万里扬,7.15,7.01,7.15,31373.0,7.17,218.0,0.14,2.0,7.18
002436,兴森科技,38.61,37.8,38.2,281029.0,38.67,134.0,0.81,2.14,38.9
002437,誉衡药业,2.74,2.7,2.7,69056.0,2.76,4526.0,0.04,1.48,2.74
002438,江苏神通,15.42,15.22,15.42,14569.0,15.44,83.0,0.2,1.31,15.48
002439,启明星辰,12.75,12.64,12.78,44782.0,12.77,143.0,0.11,0.87,12.87
002440,闰土股份,9.78,9.07,9.59,386853.0,9.8,223.0,0.71,7.83,9.98
002441,众业达,8.56,8.38,8.43,9607.0,8.58,316.0,0.18,2.15,8.56
002442,龙星科技,5.31,5.18,5.25,44343.0,5.33,1570.0,0.13,2.51,5.34
002443,金洲管道,11.0,11.06,11.03,27430.0,11.05,32.0,-0.06,-0.54,11.1
002444,巨星科技,31.76,30.61,31.05,27261.0,31.79,21.0,1.15,3.76,32.24
002445,中南文化,3.21,3.16,3.17,115407.0,3.24,3908.0,0.05,1.58,3.22
002446,盛路通信,10.49,10.5,10.52,92666.0,10.52,229.0,-0.01,-0.1,10.56
002448,中原内配,13.04,12.57,12.88,34919.0,13.07,62.0,0.47,3.74,13.08
002449,国星光电,7.45,7.31,7.33,53873.0,7.47,356.0,0.14,1.92,7.46
002451,摩恩电气,7.94,7.74,7.85,10913.0,7.96,287.0,0.2,2.58,7.97
002452,长高电气,10.92,10.69,10.75,19445.0,10.95,227.0,0.23,2.15,10.96
002453,华软科技,5.33,5.24,5.26,22479.0,5.35,1012.0,0.09,1.72,5.36
002454,松芝股份,5.52,5.3,5.34,32718.0,5.54,405.0,0.22,4.15,5.54
002455,百川股份,8.2,8.09,8.13,53224.0,8.23,369.0,0.11,1.36,8.27
002456,欧菲光,8.94,8.7,8.79,164892.0,8.97,4663.0,0.24,2.76,8.97
002457,青龙管业,12.75,12.95,12.9,135691.0,12.8,209.0,-0.2,-1.54,13.18
002458,益生股份,8.28,8.22,8.26,40622.0,8.31,343.0,0.06,0.73,8.31
002459,晶澳科技,8.72,8.85,8.8,154520.0,8.75,856.0,-0.13,-1.47,8.81
002460,赣锋锂业,72.88,71.16,72.05,147805.0,72.89,55.0,1.72,2.42,72.9
002461,珠江啤酒,9.3,9.39,9.25,35714.0,9.33,16.0,-0.09,-0.96,9.31
002462,嘉事堂,13.71,13.57,13.54,9610.0,13.76,49.0,0.14,1.03,13.75
002463,沪电股份,124.72,125.2,128.5,138921.0,124.8,5.0,-0.48,-0.38,129.0
002465,海格通信,13.9,13.68,13.76,146459.0,13.93,8957.0,0.22,1.61,14.0
002466,天齐锂业,64.25,62.5,62.99,209062.0,64.27,32.0,1.75,2.8,64.25
002467,二六三,5.29,5.15,5.2,64399.0,5.31,558.0,0.14,2.72,5.3
002468,申通快递,14.27,14.08,14.2,24292.0,14.29,298.0,0.19,1.35,14.39
002469,三维化学,7.04,7.34,7.18,85389.0,7.07,171.0,-0.3,-4.09,7.18
002470,金正大,2.25,2.21,2.22,299916.0,2.28,13933.0,0.04,1.81,2.26
002471,中超控股,7.16,7.2,7.07,147654.0,7.19,572.0,-0.04,-0.56,7.2
002472,双环传动,41.51,41.0,40.99,53551.0,41.53,79.0,0.51,1.24,41.76
002474,榕基软件,7.14,7.06,7.09,23801.0,7.16,481.0,0.08,1.13,7.14
002475,立讯精密,65.46,63.76,65.0,182742.0,65.48,206.0,1.7,2.67,65.64
002476,宝莫股份,5.47,5.32,5.38,36549.0,5.49,211.0,0.15,2.82,5.57
002478,常宝股份,7.19,7.02,7.18,34498.0,7.21,173.0,0.17,2.42,7.22
002479,富春环保,4.89,4.77,4.81,24253.0,4.91,1317.0,0.12,2.52,4.91
002480,新筑股份,5.63,5.59,5.58,8880.0,5.65,208.0,0.04,0.72,5.63
002481,双塔食品,4.11,4.08,4.08,13593.0,4.14,276.0,0.03,0.74,4.13
002482,广田集团,1.44,1.42,1.43,120552.0,1.47,6285.0,0.02,1.41,1.45
002483,润邦股份,5.49,5.43,5.48,18677.0,5.52,286.0,0.06,1.1,5.53
002484,江海股份,85.41,81.25,83.66,99314.0,85.43,5.0,4.16,5.12,85.5
002486,嘉麟杰,2.43,2.35,2.39,58504.0,2.45,8068.0,0.08,3.4,2.45
002487,大金重工,60.49,59.55,60.24,41209.0,60.54,10.0,0.94,1.58,61.45
002488,金固股份,10.04,9.75,9.88,40029.0,10.06,437.0,0.29,2.97,10.08
002489,浙江永强,3.33,3.28,3.3,67060.0,3.36,3202.0,0.05,1.52,3.36
002490,山东墨龙,8.26,8.84,8.3,226962.0,8.3,1105.0,-0.58,-6.56,8.47
002491,通鼎互联,22.97,22.73,23.66,351584.0,23.0,254.0,0.24,1.06,23.83
002492,恒基达鑫,6.05,5.83,5.88,25342.0,6.08,58.0,0.22,3.77,6.25
002493,荣盛石化,11.98,11.34,11.54,278488.0,12.01,267.0,0.64,5.64,12.2
002494,华斯股份,5.22,5.06,5.15,18852.0,5.24,86.0,0.16,3.16,5.26
002495,佳隆股份,2.38,2.32,2.33,59609.0,2.41,5438.0,0.06,2.59,2.4
002497,雅化集团,23.67,22.85,23.07,117022.0,23.69,486.0,0.82,3.59,23.68
002498,汉缆股份,7.44,7.23,7.29,154426.0,7.47,4835.0,0.21,2.9,7.49
002500,山西证券,5.32,5.15,5.18,113847.0,5.34,1187.0,0.17,3.3,5.33
002506,协鑫集成,3.24,3.17,3.22,375371.0,3.26,18029.0,0.07,2.21,3.24
002507,涪陵榨菜,11.79,11.79,11.79,15317.0,11.81,254.0,0.0,0.0,11.82
002508,老板电器,16.44,16.31,16.33,10682.0,16.48,17.0,0.13,0.8,16.55
002510,天汽模,6.36,6.29,6.29,28472.0,6.39,794.0,0.07,1.11,6.38
002511,中顺洁柔,7.13,6.94,6.99,29164.0,7.16,790.0,0.19,2.74,7.15
002513,蓝丰生化,5.79,5.5,5.57,52249.0,5.81,604.0,0.29,5.27,5.9
002515,金字火腿,8.2,7.53,8.09,371581.0,8.22,969.0,0.67,8.9,8.21
002516,旷达科技,6.0,5.84,5.9,58633.0,6.02,240.0,0.16,2.74,6.0
002517,恺英网络,14.95,14.73,14.72,95670.0,14.98,116.0,0.22,1.49,15.09
002518,科士达,46.89,45.48,46.0,21383.0,46.92,17.0,1.41,3.1,46.99
002519,银河电子,6.39,6.3,6.35,42073.0,6.41,253.0,0.09,1.43,6.39
002520,日发精机,6.56,6.41,6.67,99900.0,6.59,960.0,0.15,2.34,6.7
002521,齐峰新材,7.21,7.11,7.12,6203.0,7.24,32.0,0.1,1.41,7.22
002522,浙江众成,7.19,6.85,6.9,146378.0,7.22,1232.0,0.34,4.96,7.25
002523,天桥起重,3.37,3.3,3.31,34632.0,3.4,4341.0,0.07,2.12,3.38
002524,光正眼科,3.72,3.65,3.7,17381.0,3.75,1886.0,0.07,1.92,3.75
002526,山东矿机,2.97,2.93,2.95,34613.0,2.99,4161.0,0.04,1.37,2.97
002527,新时达,13.7,13.57,13.57,28186.0,13.72,135.0,0.13,0.96,13.75
002529,海源复材,7.94,7.39,7.7,69814.0,7.96,52.0,0.55,7.44,7.99
002530,金财互联,7.85,7.71,7.71,23884.0,7.87,625.0,0.14,1.82,7.88
002531,天顺风能,9.71,9.58,9.62,73092.0,9.73,26.0,0.13,1.36,9.88
002532,天山铝业,13.82,13.43,13.75,340867.0,13.84,336.0,0.39,2.9,13.97
002533,金杯电工,11.36,11.15,11.3,18518.0,11.39,259.0,0.21,1.88,11.44
002534,西子洁能,20.32,20.08,20.29,32099.0,20.34,5.0,0.24,1.2,20.57
002535,林州重机,2.6,2.47,2.5,95771.0,2.63,462.0,0.13,5.26,2.67
002536,飞龙股份,43.01,41.4,41.99,82701.0,43.07,6.0,1.61,3.89,43.5
002537,海联金汇,6.14,5.96,6.01,47742.0,6.17,1215.0,0.18,3.02,6.17
002539,云图控股,12.39,12.13,12.19,35337.0,12.41,33.0,0.26,2.14,12.4
002540,亚太科技,5.31,5.16,5.2,25509.0,5.33,242.0,0.15,2.91,5.32
002541,鸿路钢构,17.81,17.19,17.25,13447.0,17.84,74.0,0.62,3.61,17.89
002543,万和电气,6.96,6.83,6.85,7458.0,6.98,151.0,0.13,1.9,6.99
002544,普天科技,20.04,20.0,20.04,25948.0,20.06,244.0,0.04,0.2,20.09
002545,东方铁塔,21.74,19.76,20.96,118721.0,0.0,0.0,1.98,10.02,21.74
002546,新联电子,6.85,6.65,6.7,22206.0,6.88,1089.0,0.2,3.01,6.85
002548,金新农,4.08,4.0,4.05,41663.0,4.1,4582.0,0.08,2.0,4.11
002549,凯美特气,16.97,17.35,16.99,115143.0,16.99,189.0,-0.38,-2.19,17.15
002550,千红制药,6.0,5.94,5.95,15370.0,6.02,2034.0,0.06,1.01,6.01
002551,尚荣医疗,3.02,2.98,2.98,24205.0,3.05,3602.0,0.04,1.34,3.05
002552,宝鼎科技,64.47,58.62,62.7,49059.0,0.0,0.0,5.85,9.98,64.48
002553,南方精工,18.47,18.49,18.51,13236.0,18.5,419.0,-0.02,-0.11,18.62
002554,惠博普,3.2,3.16,3.19,38261.0,3.22,4624.0,0.04,1.27,3.22
002555,三七互娱,18.09,17.86,17.9,58166.0,18.11,1179.0,0.23,1.29,18.12
002556,辉隆股份,5.24,5.18,5.17,11245.0,5.26,462.0,0.06,1.16,5.24
002557,洽洽食品,20.61,20.26,20.18,27454.0,20.66,15.0,0.35,1.73,20.63
002558,巨人网络,24.1,23.44,24.03,135940.0,24.12,7.0,0.66,2.82,24.4
002559,亚威股份,9.76,9.45,9.71,130448.0,9.78,60.0,0.31,3.28,9.89
002560,通达股份,8.44,8.22,8.3,50402.0,8.46,359.0,0.22,2.68,8.49
002561,徐家汇,7.08,6.97,6.9,7972.0,7.11,172.0,0.11,1.58,7.1
002562,兄弟科技,4.93,4.83,4.88,32801.0,4.95,1925.0,0.1,2.07,4.93
002563,森马服饰,5.46,5.52,5.48,26549.0,5.48,404.0,-0.06,-1.09,5.49
002564,天沃科技,4.87,4.89,4.9,24600.0,4.9,480.0,-0.02,-0.41,4.94
002565,顺灏股份,13.94,13.86,13.8,95872.0,13.97,185.0,0.08,0.58,13.97
002566,益盛药业,6.96,6.78,6.8,9702.0,6.99,343.0,0.18,2.65,7.0
002567,唐人神,3.56,3.43,3.46,106517.0,3.58,3255.0,0.13,3.79,3.62
002568,百润股份,20.38,20.36,20.0,40827.0,20.4,102.0,0.02,0.1,20.39
002570,贝因美,4.84,4.78,4.78,51492.0,4.86,796.0,0.06,1.26,4.84
002571,德力股份,11.77,11.66,11.7,16272.0,11.78,103.0,0.11,0.94,12.09
002572,索菲亚,8.68,8.55,8.56,12348.0,8.7,478.0,0.13,1.52,8.69
002573,清新环境,3.32,3.26,3.27,21028.0,3.34,1708.0,0.06,1.84,3.34
002574,明牌珠宝,4.91,4.75,4.76,13571.0,4.92,431.0,0.16,3.37,4.92
002575,群兴玩具,6.08,5.97,5.98,87250.0,6.1,761.0,0.11,1.84,6.15
002576,通达动力,16.31,15.95,16.12,8956.0,16.36,77.0,0.36,2.26,16.37
002577,雷柏科技,18.27,18.28,18.13,5091.0,18.33,20.0,-0.01,-0.05,18.42
002578,闽发铝业,3.82,3.65,3.73,99987.0,3.85,2294.0,0.17,4.66,3.83
002579,中京电子,15.77,15.1,15.38,235788.0,15.79,1152.0,0.67,4.44,15.82
002580,圣阳股份,21.34,20.73,21.01,80753.0,21.36,540.0,0.61,2.94,21.36
002582,好想你,9.47,9.44,9.44,18847.0,9.49,624.0,0.03,0.32,9.49
002583,海能达,9.48,9.55,9.4,89246.0,9.5,1441.0,-0.07,-0.73,9.55
002584,西陇科学,8.02,7.93,7.9,60090.0,8.05,520.0,0.09,1.13,8.03
002585,双星新材,12.74,11.58,11.76,863142.0,0.0,0.0,1.16,10.02,12.74
002587,奥拓电子,6.7,6.58,6.64,66515.0,6.72,634.0,0.12,1.82,6.74
002588,史丹利,9.1,8.76,8.81,46451.0,9.12,519.0,0.34,3.88,9.1
002589,瑞康医药,2.76,2.71,2.72,46170.0,2.78,4407.0,0.05,1.85,2.77
002590,万安科技,11.19,10.96,11.04,12730.0,11.22,2738.0,0.23,2.1,11.23
002591,恒大高新,7.41,7.19,7.23,19328.0,7.44,64.0,0.22,3.06,7.47
002593,日上集团,4.59,4.43,4.48,25104.0,4.62,467.0,0.16,3.61,4.6
002594,比亚迪,91.84,91.6,91.61,54703.0,91.87,55.0,0.24,0.26,91.9
002595,豪迈科技,49.1,48.12,50.12,14079.0,49.25,10.0,0.98,2.04,50.3
002596,海南瑞泽,3.74,3.65,3.67,74584.0,3.77,1698.0,0.09,2.47,3.76
002597,金禾实业,22.28,22.24,22.29,42141.0,22.32,8.0,0.04,0.18,22.5
002599,盛通股份,5.95,5.88,5.86,9699.0,5.98,532.0,0.07,1.19,5.99
002600,领益智造,14.25,14.01,14.15,147166.0,14.28,243.0,0.24,1.71,14.34
002601,龙佰集团,15.9,15.34,15.1,165536.0,15.93,272.0,0.56,3.65,15.91
002602,世纪华通,14.48,14.37,14.56,279099.0,14.51,254.0,0.11,0.77,14.62
002603,以岭药业,15.78,15.71,15.69,24273.0,15.8,127.0,0.07,0.45,15.78
002605,姚记科技,18.82,18.56,18.56,10518.0,18.85,243.0,0.26,1.4,18.89
002606,大连电瓷,13.59,13.06,13.25,71624.0,13.61,122.0,0.53,4.06,13.86
002607,中公教育,2.11,2.07,2.08,309641.0,2.13,20544.0,0.04,1.93,2.12
002608,江苏国信,8.87,8.76,8.83,80122.0,8.89,1477.0,0.11,1.26,8.91
002609,捷顺科技,7.58,7.41,7.43,11739.0,7.6,398.0,0.17,2.29,7.6
002611,东方精工,18.31,18.41,18.2,181940.0,18.34,843.0,-0.1,-0.54,18.4
002612,朗姿股份,12.27,12.05,12.08,5479.0,12.28,48.0,0.22,1.83,12.29
002613,北玻股份,4.72,4.35,4.35,690225.0,4.74,1913.0,0.37,8.51,4.75
002614,奥佳华,4.98,4.9,4.9,11002.0,5.0,904.0,0.08,1.63,4.99
002615,哈尔斯,7.86,7.94,7.94,12784.0,7.9,27.0,-0.08,-1.01,7.94
002616,长青集团,5.02,4.94,4.95,14523.0,5.04,435.0,0.08,1.62,5.02
002617,露笑科技,8.6,8.5,8.5,406616.0,8.62,302.0,0.1,1.18,8.69
002622,皓宸医疗,2.42,2.36,2.39,56193.0,2.44,3383.0,0.06,2.54,2.44
002623,亚玛顿,17.42,17.39,17.42,5327.0,17.44,11.0,0.03,0.17,17.5
002624,完美世界,13.3,13.25,13.15,113288.0,13.32,280.0,0.05,0.38,13.4
002625,光启技术,38.26,38.69,38.54,63588.0,38.3,60.0,-0.43,-1.11,38.9
002626,金达威,14.49,14.3,14.26,5523.0,14.51,258.0,0.19,1.33,14.5
002627,三峡旅游,6.63,6.46,6.47,21300.0,6.66,344.0,0.17,2.63,6.65
002628,成都路桥,5.02,4.91,4.91,51469.0,5.04,293.0,0.11,2.24,5.07
002629,仁智股份,5.1,4.96,4.98,30928.0,5.13,1061.0,0.14,2.82,5.12
002631,德尔未来,7.78,7.76,7.7,45974.0,7.81,95.0,0.02,0.26,7.88
002632,道明光学,9.9,9.66,9.72,15925.0,9.92,397.0,0.24,2.48,9.93
002633,申科股份,17.26,16.69,17.0,11408.0,17.32,1.0,0.57,3.42,17.42
002635,安洁科技,16.41,15.86,16.02,59255.0,16.44,60.0,0.55,3.47,16.5
002636,金安国纪,92.35,89.88,90.92,150982.0,92.44,3.0,2.47,2.75,94.0
002637,赞宇科技,12.49,12.68,12.74,71674.0,12.52,200.0,-0.19,-1.5,12.78
002638,勤上股份,4.08,4.03,4.01,35233.0,4.11,161.0,0.05,1.24,4.1
002639,雪人集团,14.73,14.46,14.5,66266.0,14.75,2620.0,0.27,1.87,14.76
002640,跨境通,3.57,3.5,3.52,88341.0,3.59,3431.0,0.07,2.0,3.59
002641,公元股份,4.3,4.29,4.29,22503.0,4.32,300.0,0.01,0.23,4.35
002642,荣联科技,7.05,6.91,6.94,19002.0,7.07,719.0,0.14,2.03,7.07
002643,万润股份,15.24,14.86,15.09,51271.0,15.26,238.0,0.38,2.56,15.28
002644,佛慈制药,7.63,7.52,7.52,3469.0,7.65,152.0,0.11,1.46,7.64
002645,华宏科技,29.51,29.33,29.59,128732.0,29.53,213.0,0.18,0.61,30.0
002646,天佑德酒,7.07,6.96,6.94,10762.0,7.09,154.0,0.11,1.58,7.08
002647,仁东控股,11.8,11.66,11.78,16718.0,11.83,819.0,0.14,1.2,11.87
002648,卫星化学,23.15,24.16,23.99,196640.0,23.21,1.0,-1.01,-4.18,24.0
002649,博彦科技,8.99,8.77,8.95,18597.0,9.01,147.0,0.22,2.51,9.02
002651,利君股份,8.2,8.15,8.07,15904.0,8.22,286.0,0.05,0.61,8.22
002652,扬子新材,4.92,4.84,4.86,45368.0,4.94,592.0,0.08,1.65,4.95
002653,海思科,49.38,50.32,49.94,7200.0,49.44,16.0,-0.94,-1.87,50.46
002654,万润科技,16.21,16.19,16.53,184096.0,16.23,434.0,0.02,0.12,16.6
002655,共达电声,33.91,33.2,33.79,40692.0,33.93,48.0,0.71,2.14,34.3
002657,中科金财,21.56,21.55,21.11,80548.0,21.58,210.0,0.01,0.05,21.7
002658,雪迪龙,8.25,8.25,8.21,15156.0,8.27,23.0,0.0,0.0,8.29
002659,凯文教育,4.27,4.18,4.2,19084.0,4.3,892.0,0.09,2.15,4.3
002660,茂硕电源,7.35,7.17,7.2,11290.0,7.37,464.0,0.18,2.51,7.37
002661,克明食品,7.87,7.85,7.93,4901.0,7.89,92.0,0.02,0.25,7.94
002662,峰璟股份,3.45,3.26,3.32,74834.0,3.48,722.0,0.19,5.83,3.49
002663,普邦股份,1.75,1.69,1.7,116970.0,1.77,3122.0,0.06,3.55,1.76
002664,信质集团,18.11,17.75,18.0,6118.0,18.14,6.0,0.36,2.03,18.18
002666,德联集团,4.47,4.37,4.4,21618.0,4.5,1943.0,0.1,2.29,4.5
002668,TCL智家,9.64,9.64,9.58,21863.0,9.66,449.0,0.0,0.0,9.66
002669,康达新材,16.06,15.5,15.2,147964.0,16.1,479.0,0.56,3.61,16.2
002670,国盛证券,11.92,11.49,11.48,87151.0,11.95,2446.0,0.43,3.74,11.95
002671,龙泉股份,4.22,4.11,4.18,26185.0,4.24,868.0,0.11,2.68,4.25
002672,东江环保,3.68,3.56,3.67,28709.0,3.71,2027.0,0.12,3.37,3.72
002673,西部证券,6.7,6.46,6.46,99011.0,6.73,1035.0,0.24,3.72,6.71
002674,兴业科技,16.24,16.0,15.83,32841.0,16.29,18.0,0.24,1.5,16.4
002675,东诚药业,12.54,12.49,12.45,10158.0,12.56,316.0,0.05,0.4,12.56
002676,顺威股份,5.68,5.63,5.62,23590.0,5.7,334.0,0.05,0.89,5.72
002677,浙江美大,6.8,6.82,6.76,7375.0,6.83,154.0,-0.02,-0.29,6.86
002678,珠江钢琴,5.6,5.45,5.46,52668.0,5.63,274.0,0.15,2.75,5.72
002679,福建金森,8.98,8.87,8.87,3964.0,9.02,17.0,0.11,1.24,9.06
002681,奋达科技,4.91,4.8,4.81,71676.0,4.93,1397.0,0.11,2.29,4.92
002682,龙洲股份,4.95,4.79,4.82,38572.0,4.97,649.0,0.16,3.34,5.0
002683,广东宏大,30.71,30.24,30.33,12546.0,30.73,17.0,0.47,1.55,30.73
002685,华东重机,6.75,6.63,6.67,39711.0,6.77,500.0,0.12,1.81,6.77
002686,亿利达,6.0,5.9,5.94,12695.0,6.02,295.0,0.1,1.69,6.03
002687,乔治白,4.34,4.24,4.27,16785.0,4.37,992.0,0.1,2.36,4.36
002688,金河生物,5.08,5.0,5.0,12309.0,5.1,461.0,0.08,1.6,5.09
002690,美亚光电,14.63,14.43,14.47,8896.0,14.65,171.0,0.2,1.39,14.64
002692,远程股份,4.29,4.15,4.17,25722.0,4.31,1816.0,0.14,3.37,4.32
002693,双成药业,9.18,9.17,9.15,13323.0,9.21,81.0,0.01,0.11,9.32
002695,煌上煌,11.8,11.79,11.77,5356.0,11.83,64.0,0.01,0.08,11.92
002696,百洋股份,5.68,5.52,5.52,19554.0,5.7,215.0,0.16,2.9,5.73
002697,红旗连锁,4.61,4.53,4.55,27581.0,4.63,1746.0,0.08,1.77,4.61
002698,博实股份,11.55,11.54,11.43,22700.0,11.57,26.0,0.01,0.09,11.55
002700,万憬能源,8.28,8.59,8.38,39426.0,8.3,62.0,-0.31,-3.61,8.46
002701,奥瑞金,4.67,4.6,4.6,31005.0,4.69,1709.0,0.07,1.52,4.68
002702,海欣食品,5.18,5.12,5.12,17900.0,5.21,461.0,0.06,1.17,5.22
002703,浙江世宝,16.03,15.44,15.6,53493.0,16.05,190.0,0.59,3.82,16.05
002705,新宝股份,12.15,11.93,12.01,18116.0,12.17,136.0,0.22,1.84,12.15
002706,良信股份,11.61,11.33,11.61,71240.0,11.64,55.0,0.28,2.47,11.73
002707,众信旅游,5.58,5.49,5.53,29525.0,5.6,2198.0,0.09,1.64,5.6
002708,光洋股份,13.46,13.1,13.16,47551.0,13.48,100.0,0.36,2.75,13.54
002709,天赐材料,49.84,49.64,50.0,188976.0,49.87,3.0,0.2,0.4,50.31
002712,思美传媒,4.85,4.74,4.8,22113.0,4.88,744.0,0.11,2.32,4.89
002714,牧原股份,35.51,34.86,35.0,91362.0,35.53,55.0,0.65,1.86,35.52
002715,登云股份,14.85,14.54,14.6,5431.0,14.9,4.0,0.31,2.13,14.94
002716,湖南白银,9.48,9.01,9.37,433591.0,9.51,920.0,0.47,5.22,9.5
002718,友邦吊顶,104.78,101.48,101.51,4831.0,105.0,5.0,3.3,3.25,106.76
002721,金一文化,2.56,2.42,2.47,183136.0,2.58,2728.0,0.14,5.79,2.61
002722,物产金轮,13.15,12.8,12.79,8644.0,13.18,68.0,0.35,2.73,13.22
002723,小崧股份,8.25,8.16,8.16,11841.0,8.28,417.0,0.09,1.1,8.3
002724,海洋王,5.29,5.17,5.19,16779.0,5.31,382.0,0.12,2.32,5.29
002725,跃岭股份,13.09,12.95,13.09,6216.0,13.11,270.0,0.14,1.08,13.2
002727,一心堂,11.28,11.17,11.2,7703.0,11.3,216.0,0.11,0.98,11.29
002728,特一药业,8.44,8.31,8.3,10100.0,8.47,233.0,0.13,1.56,8.45
002729,好利科技,18.05,17.44,17.32,22732.0,18.08,5.0,0.61,3.5,18.44
002730,电光科技,29.3,27.97,28.4,24365.0,29.37,27.0,1.33,4.76,29.5
002732,燕塘乳业,14.12,13.94,13.99,2470.0,14.16,31.0,0.18,1.29,14.21
002733,雄韬股份,37.72,34.53,36.95,149656.0,37.77,111.0,3.19,9.24,37.9
002734,利民股份,15.43,15.2,15.3,12102.0,15.46,127.0,0.23,1.51,15.43
002735,王子新材,19.1,18.6,18.6,127623.0,19.14,58.0,0.5,2.69,19.29
002736,国信证券,10.55,10.27,10.35,140081.0,10.57,1928.0,0.28,2.73,10.57
002737,葵花药业,12.63,12.44,12.37,9351.0,12.66,8.0,0.19,1.53,12.64
002738,中矿资源,64.41,61.18,62.8,122009.0,64.45,44.0,3.23,5.28,64.8
002739,儒意电影,8.5,8.35,8.35,69185.0,8.53,745.0,0.15,1.8,8.51
002741,光华科技,32.59,29.63,31.16,308561.0,0.0,0.0,2.96,9.99,32.59
002742,冀衡医药,4.39,4.17,4.34,224178.0,4.41,940.0,0.22,5.28,4.59
002743,富煌钢构,4.63,4.46,4.48,38749.0,4.65,108.0,0.17,3.81,4.75
002745,木林森,9.53,9.32,9.5,108882.0,9.56,7.0,0.21,2.25,9.65
002746,仙坛股份,5.57,5.52,5.49,41861.0,5.6,517.0,0.05,0.91,5.59
002747,埃斯顿,32.66,32.22,32.79,179650.0,32.7,37.0,0.44,1.37,32.97
002748,世龙实业,11.21,11.09,11.1,14533.0,11.24,67.0,0.12,1.08,11.36
002749,国光股份,8.97,8.86,8.9,2745.0,9.01,18.0,0.11,1.24,9.02
002752,昇兴股份,6.37,6.2,6.22,23092.0,6.4,596.0,0.17,2.74,6.42
002753,永东股份,6.51,6.44,6.5,5054.0,6.53,120.0,0.07,1.09,6.54
002755,奥赛康,13.19,13.15,13.17,15343.0,13.22,1.0,0.04,0.3,13.29
002756,永兴材料,66.94,65.49,66.99,58412.0,67.0,337.0,1.45,2.21,67.1
002757,南兴股份,20.3,19.72,19.98,47479.0,20.34,30.0,0.58,2.94,20.41
002758,浙农股份,8.27,8.16,8.2,12098.0,8.29,254.0,0.11,1.35,8.32
002759,天际股份,26.84,26.61,26.88,62542.0,26.87,3.0,0.23,0.86,27.12
002760,凤形股份,18.25,17.84,17.92,8116.0,18.27,1.0,0.41,2.3,18.39
002761,浙江建投,7.45,7.32,7.43,24051.0,7.48,318.0,0.13,1.78,7.48
002763,汇洁股份,7.79,7.68,7.72,9357.0,7.82,530.0,0.11,1.43,7.83
002765,蓝黛科技,8.02,7.77,7.9,25611.0,8.04,363.0,0.25,3.22,8.1
002766,索菱股份,4.11,4.01,4.04,37755.0,4.13,557.0,0.1,2.49,4.12
002767,先锋电子,18.46,18.37,18.68,6444.0,18.5,3.0,0.09,0.49,18.84
002768,国恩股份,72.65,69.94,69.95,30540.0,72.79,5.0,2.71,3.87,73.38
002769,普路通,7.68,7.58,7.53,34742.0,7.71,502.0,0.1,1.32,7.73
002771,真视通,14.95,14.58,14.66,22374.0,14.98,175.0,0.37,2.54,15.22
002772,众兴菌业,13.08,12.97,13.08,16974.0,13.11,11.0,0.11,0.85,13.23
002773,康弘药业,20.46,20.36,20.46,9016.0,20.48,273.0,0.1,0.49,20.49
002774,快意电梯,10.99,10.88,10.9,4557.0,11.02,23.0,0.11,1.01,11.07
002775,文科股份,3.87,3.84,3.84,16485.0,3.9,15608.0,0.03,0.78,3.89
002777,久远银海,13.53,13.26,13.42,8688.0,13.55,169.0,0.27,2.04,13.58
002778,中晟高科,17.43,17.32,17.54,2099.0,17.47,150.0,0.11,0.64,17.64
002779,中坚科技,82.62,82.58,83.27,3941.0,82.76,5.0,0.04,0.05,83.3
002780,三夫户外,13.98,13.77,13.8,9161.0,14.01,34.0,0.21,1.53,14.15
002782,可立克,22.86,22.05,22.34,32553.0,22.91,19.0,0.81,3.67,22.98
002783,凯龙股份,7.69,7.52,7.51,25372.0,7.71,1.0,0.17,2.26,7.79
002785,万里石,40.13,39.88,39.92,9091.0,40.18,12.0,0.25,0.63,40.38
002786,银宝山新,8.29,8.14,8.11,48171.0,8.32,603.0,0.15,1.84,8.39
002787,华源控股,25.55,25.14,25.5,27831.0,25.57,4.0,0.41,1.63,25.87
002788,鹭燕医药,11.26,11.23,11.26,12593.0,11.3,104.0,0.03,0.27,11.34
002790,瑞尔特,6.16,6.09,6.09,5964.0,6.19,137.0,0.07,1.15,6.21
002791,坚朗五金,14.78,14.42,14.6,10909.0,14.8,106.0,0.36,2.5,14.82
002792,通宇通讯,36.64,37.01,36.81,51582.0,36.66,19.0,-0.37,-1.0,36.82
002793,罗欣药业,4.21,4.19,4.17,18871.0,4.23,1187.0,0.02,0.48,4.24
002795,永和智控,7.38,7.31,7.33,43020.0,7.4,177.0,0.07,0.96,7.48
002796,世嘉科技,39.67,38.93,39.34,13925.0,39.71,3.0,0.74,1.9,40.08
002797,第一创业,6.61,6.38,6.4,279594.0,6.64,2356.0,0.23,3.61,6.64
002798,帝欧水华,6.24,6.3,6.37,61638.0,6.26,157.0,-0.06,-0.95,6.37
002799,环球印务,7.09,6.93,6.96,7616.0,7.12,58.0,0.16,2.31,7.17
002800,天顺股份,15.07,14.94,15.01,5043.0,15.11,100.0,0.13,0.87,15.26
002801,微光股份,30.44,30.49,30.51,3471.0,30.46,3.0,-0.05,-0.16,30.58
002802,洪汇新材,12.48,12.15,12.3,6689.0,12.52,108.0,0.33,2.72,12.65
002803,吉宏股份,21.56,21.57,21.68,14399.0,21.59,2.0,-0.01,-0.05,21.77
002805,丰元股份,22.04,21.24,21.21,68295.0,22.07,39.0,0.8,3.77,22.08
002806,华锋股份,18.82,17.11,17.12,136449.0,0.0,0.0,1.71,9.99,18.82
002807,江阴银行,4.09,4.08,4.08,102530.0,4.12,7035.0,0.01,0.25,4.1
002809,红墙股份,8.73,8.37,8.4,79915.0,8.76,359.0,0.36,4.3,8.77
002810,山东赫达,24.47,23.05,23.51,43448.0,24.52,7.0,1.42,6.16,24.88
002811,郑中设计,12.42,12.4,12.45,9232.0,12.44,48.0,0.02,0.16,12.6
002812,恩捷股份,68.35,67.54,68.72,139537.0,68.37,104.0,0.81,1.2,69.33
002813,路畅科技,21.17,20.9,21.0,2183.0,21.23,11.0,0.27,1.29,21.34
002815,崇达技术,18.58,17.15,17.05,430506.0,18.61,43.0,1.43,8.34,18.7
002817,黄山胶囊,6.61,6.51,6.54,14159.0,6.64,100.0,0.1,1.54,6.66
002818,富森美,11.24,11.26,11.2,6345.0,11.27,67.0,-0.02,-0.18,11.29
002819,东方中科,21.53,21.11,21.42,2582.0,21.56,8.0,0.42,1.99,21.57
002820,桂发祥,9.63,9.46,9.52,7591.0,9.66,8.0,0.17,1.8,9.7
002821,凯莱英,113.92,117.01,115.84,9856.0,114.01,1.0,-3.09,-2.64,115.84
002823,凯中精密,17.05,16.62,16.7,25650.0,17.07,76.0,0.43,2.59,17.09
002824,和胜股份,31.46,28.85,29.23,90481.0,31.51,70.0,2.61,9.05,31.61
002825,纳尔股份,9.53,9.38,9.52,2827.0,9.56,13.0,0.15,1.6,9.62
002826,易明医药,15.73,15.35,15.51,6062.0,15.76,43.0,0.38,2.48,15.84
002827,高争民爆,26.08,26.0,26.25,3330.0,26.1,14.0,0.08,0.31,26.25
002828,贝肯能源,9.21,9.08,9.08,19553.0,9.25,54.0,0.13,1.43,9.28
002829,星网宇达,19.71,19.57,19.55,14887.0,19.73,12.0,0.14,0.72,19.95
002830,名雕股份,16.34,16.76,16.76,28919.0,16.41,115.0,-0.42,-2.51,16.76
002831,裕同科技,30.25,29.66,30.27,35988.0,30.3,48.0,0.59,1.99,30.53
002832,比音勒芬,21.07,21.37,21.16,45479.0,21.1,11.0,-0.3,-1.4,21.35
002833,弘亚数控,17.5,17.37,17.57,5730.0,17.53,47.0,0.13,0.75,17.71
002835,同为股份,12.9,12.7,12.69,3772.0,12.92,130.0,0.2,1.57,12.96
002836,新宏泽,10.9,10.7,10.83,5456.0,10.94,32.0,0.2,1.87,11.0
002837,英维克,67.15,66.08,67.3,72911.0,67.18,1.0,1.07,1.62,68.5
002838,道恩股份,33.8,33.44,33.09,18672.0,33.85,3.0,0.36,1.08,34.4
002839,张家港行,4.33,4.3,4.3,68934.0,4.35,6345.0,0.03,0.7,4.34
002840,华统股份,8.41,8.26,8.21,50065.0,8.44,61.0,0.15,1.82,8.5
002841,视源股份,33.85,33.95,33.83,11360.0,33.93,4.0,-0.1,-0.29,33.99
002842,翔鹭钨业,40.69,39.69,41.67,357405.0,40.71,21.0,1.0,2.52,42.3
002843,泰嘉股份,21.46,21.19,21.25,20070.0,21.5,790.0,0.27,1.27,21.6
002845,同兴达,14.68,14.14,14.42,59906.0,14.71,28.0,0.54,3.82,14.78
002846,英联股份,12.23,11.92,11.92,16413.0,12.25,35.0,0.31,2.6,12.29
002847,盐津铺子,54.3,54.22,54.23,2911.0,54.37,1.0,0.08,0.15,54.6
002848,高斯贝尔,13.13,12.68,12.7,17315.0,13.15,170.0,0.45,3.55,13.14
002849,威星智能,17.19,16.32,16.38,19238.0,17.19,1696.0,0.87,5.33,17.29
002850,科达利,188.27,188.77,190.11,9896.0,188.6,5.0,-0.5,-0.26,190.49
002851,麦格米特,146.62,135.24,140.51,109539.0,146.74,3.0,11.38,8.41,148.0
002852,道道全,7.91,7.75,7.76,7531.0,7.93,243.0,0.16,2.06,7.95
002853,皮阿诺,23.42,23.02,23.66,3853.0,23.5,20.0,0.4,1.74,23.66
002855,捷荣技术,10.91,10.43,10.68,14338.0,10.95,251.0,0.48,4.6,11.14
002857,三晖电气,17.77,17.42,17.79,9827.0,17.8,2.0,0.35,2.01,18.24
002858,力盛体育,12.22,11.92,12.04,10063.0,12.25,77.0,0.3,2.52,12.26
002859,洁美科技,79.97,75.28,78.88,66366.0,80.2,411.0,4.69,6.23,81.5
002860,星帅尔,13.32,13.09,13.0,18852.0,13.34,66.0,0.23,1.76,13.41
002861,瀛通通讯,18.11,17.79,17.81,7406.0,18.15,47.0,0.32,1.8,18.14
002862,实丰文化,15.1,14.85,15.0,6379.0,15.12,2.0,0.25,1.68,15.22
002863,今飞凯达,4.93,4.82,4.85,18493.0,4.95,1124.0,0.11,2.28,4.95
002864,盘龙药业,27.47,27.17,27.15,2368.0,27.49,5.0,0.3,1.1,27.5
002865,钧达股份,64.57,64.22,65.36,18494.0,64.69,15.0,0.35,0.55,65.54
002866,传艺科技,18.07,17.43,17.48,15019.0,18.1,39.0,0.64,3.67,18.12
002867,周大生,12.26,12.25,12.28,13096.0,12.28,76.0,0.01,0.08,12.38
002868,绿康生化,27.5,26.29,26.44,6850.0,27.52,20.0,1.21,4.6,27.65
002869,金溢科技,18.49,18.24,18.16,4355.0,18.51,95.0,0.25,1.37,18.51
002870,香山股份,40.12,40.0,40.0,4143.0,40.22,4.0,0.12,0.3,40.6
002871,伟隆股份,21.22,20.0,20.01,22331.0,21.27,15.0,1.22,6.1,21.59
002873,新天药业,8.3,8.13,8.14,10972.0,8.32,513.0,0.17,2.09,8.32
002875,安奈儿,16.88,16.5,16.55,7552.0,16.9,10.0,0.38,2.3,17.0
002876,三利谱,30.52,29.63,30.01,17046.0,30.62,3.0,0.89,3.0,30.86
002877,智能自控,7.98,7.84,7.85,17865.0,8.01,192.0,0.14,1.79,8.03
002878,元隆雅图,13.8,13.48,13.61,30306.0,13.81,17.0,0.32,2.37,13.91
002879,长缆科技,14.85,14.45,14.68,9692.0,14.89,56.0,0.4,2.77,14.9
002880,卫光生物,22.53,22.31,22.29,861.0,22.58,72.0,0.22,0.99,22.57
002881,美格智能,40.87,40.36,40.6,9404.0,40.88,12.0,0.51,1.26,41.01
002882,金龙羽,22.29,21.86,22.28,31195.0,22.31,58.0,0.43,1.97,22.5
002884,凌霄泵业,16.32,16.23,16.24,2452.0,16.35,15.0,0.09,0.55,16.39
002885,京泉华,38.84,37.52,38.19,24985.0,38.86,89.0,1.32,3.52,39.42
002886,沃特股份,28.5,27.4,27.58,30365.0,28.52,7.0,1.1,4.01,28.5
002887,绿茵生态,12.13,12.01,12.07,4983.0,12.17,107.0,0.12,1.0,12.24
002888,惠威科技,19.82,19.62,19.64,11919.0,19.86,18.0,0.2,1.02,20.35
002889,东方嘉盛,11.67,11.48,11.6,2539.0,11.7,30.0,0.19,1.66,11.72
002890,弘宇股份,15.65,15.23,15.24,5117.0,15.74,1.0,0.42,2.76,15.98
002891,中宠股份,29.43,28.77,28.7,16456.0,29.47,26.0,0.66,2.29,29.68
002892,科力尔,10.47,10.5,10.4,35596.0,10.49,128.0,-0.03,-0.29,10.5
002893,京能热力,10.27,10.11,10.17,18319.0,10.29,238.0,0.16,1.58,10.32
002895,川恒股份,32.29,31.18,32.08,32289.0,32.31,48.0,1.11,3.56,32.59
002896,中大力德,78.95,78.28,78.28,20583.0,78.98,2.0,0.67,0.86,79.5
002897,意华股份,83.5,78.98,79.74,28249.0,83.65,27.0,4.52,5.72,84.3
002899,英派斯,24.51,24.48,24.5,3010.0,24.57,2.0,0.03,0.12,24.6
002900,哈三联,10.18,9.91,9.91,8710.0,10.2,256.0,0.27,2.72,10.2
002901,大博医疗,42.28,42.15,42.29,2846.0,42.33,6.0,0.13,0.31,42.49
002902,铭普光磁,33.36,32.86,33.39,36872.0,33.43,3.0,0.5,1.52,33.82
002903,宇环数控,47.38,45.36,47.25,22124.0,47.45,3.0,2.02,4.45,47.94
002905,金逸影视,7.65,7.52,7.6,6639.0,7.68,363.0,0.13,1.73,7.7
002906,华阳集团,25.99,25.48,25.77,12096.0,26.01,12.0,0.51,2.0,26.02
002907,华森制药,12.03,11.94,11.93,3365.0,12.07,20.0,0.09,0.75,12.06
002908,德生科技,7.26,7.08,7.22,10429.0,7.28,416.0,0.18,2.54,7.3
002909,集泰股份,5.68,5.52,5.55,16666.0,5.7,622.0,0.16,2.9,5.72
002910,庄园牧场,10.21,10.11,10.15,10699.0,10.25,21.0,0.1,0.99,10.3
002911,佛燃能源,10.52,10.45,10.42,6226.0,10.56,144.0,0.07,0.67,10.56
002912,中新赛克,19.94,19.27,19.7,6237.0,19.96,18.0,0.67,3.48,20.0
002913,奥士康,57.37,55.98,56.53,13806.0,57.4,23.0,1.39,2.48,57.6
002915,中欣氟材,22.41,21.64,23.8,155952.0,22.43,82.0,0.77,3.56,23.8
002916,深南电路,389.11,379.5,386.96,20822.0,389.45,9.0,9.61,2.53,395.0
002917,金奥博,11.98,11.97,11.97,8249.0,12.0,235.0,0.01,0.08,12.1
002918,蒙娜丽莎,11.89,11.65,11.7,31185.0,11.93,49.0,0.24,2.06,12.05
002919,名臣健康,20.1,20.0,20.01,5404.0,20.22,7.0,0.1,0.5,20.49
002920,德赛西威,89.39,86.95,87.5,16711.0,89.41,14.0,2.44,2.81,89.5
002921,联诚精密,24.12,23.2,23.3,13489.0,24.14,5.0,0.92,3.97,24.56
002922,伊戈尔,35.42,34.12,34.6,48508.0,35.45,19.0,1.3,3.81,35.46
002923,润都股份,10.21,10.07,10.07,7896.0,10.24,22.0,0.14,1.39,10.3
002925,盈趣科技,21.21,20.91,21.01,21436.0,21.23,6.0,0.3,1.43,21.3
002926,华西证券,8.36,8.08,8.09,66013.0,8.38,1305.0,0.28,3.47,8.36
002927,泰永长征,20.05,20.17,19.87,61860.0,20.07,5.0,-0.12,-0.59,20.44
002928,华夏航空,7.48,7.0,7.43,205274.0,7.5,880.0,0.48,6.86,7.58
002929,润建股份,61.87,58.63,60.88,50696.0,61.95,1.0,3.24,5.53,62.17
002930,宏川智慧,9.95,9.87,10.14,27194.0,9.97,371.0,0.08,0.81,10.14
002931,锋龙股份,64.08,64.51,65.2,21586.0,64.1,29.0,-0.43,-0.67,65.5
002933,新兴装备,28.7,28.53,28.56,2921.0,28.79,30.0,0.17,0.6,28.79
002935,天奥电子,21.71,22.2,22.0,51993.0,21.74,14.0,-0.49,-2.21,22.05
002936,郑州银行,1.8,1.78,1.78,237540.0,1.82,60380.0,0.02,1.12,1.8
002937,兴瑞科技,39.39,37.6,37.34,40141.0,39.46,14.0,1.79,4.76,39.65
002938,鹏鼎控股,99.86,101.52,103.44,101123.0,99.96,1.0,-1.66,-1.64,104.2
002939,长城证券,8.51,8.2,8.21,108197.0,8.54,1002.0,0.31,3.78,8.53
002940,昂利康,28.04,27.81,27.95,15556.0,28.09,16.0,0.23,0.83,28.26
002941,新疆交建,11.27,10.98,11.16,18217.0,11.29,336.0,0.29,2.64,11.32
002942,新农股份,16.73,16.31,16.4,2632.0,16.75,55.0,0.42,2.58,16.78
002943,宇晶股份,52.17,49.89,49.91,22270.0,52.22,27.0,2.28,4.57,52.35
002945,华林证券,14.4,13.84,13.81,34072.0,14.42,92.0,0.56,4.05,14.46
002946,新乳业,16.73,16.6,16.6,9073.0,16.77,33.0,0.13,0.78,16.85
002947,恒铭达,86.88,83.88,85.25,14718.0,86.92,2.0,3.0,3.58,87.37
002948,青岛银行,5.95,5.99,5.95,76069.0,5.97,728.0,-0.04,-0.67,5.98
002949,华阳国际,11.58,11.27,11.32,5852.0,11.61,15.0,0.31,2.75,11.65
002950,奥美医疗,9.29,9.15,9.24,16286.0,9.31,585.0,0.14,1.53,9.34
002951,金时科技,16.61,15.75,15.95,59890.0,16.64,472.0,0.86,5.46,16.79
002952,亚世光电,23.66,23.22,23.2,6895.0,23.71,17.0,0.44,1.89,23.86
002953,日丰股份,9.89,9.67,9.79,6892.0,9.91,74.0,0.22,2.28,9.93
002955,鸿合科技,32.35,32.33,31.3,26523.0,32.4,20.0,0.02,0.06,32.98
002956,西麦食品,22.06,21.99,21.91,7215.0,22.08,3.0,0.07,0.32,22.32
002957,科瑞技术,52.25,50.35,51.25,30523.0,52.29,3.0,1.9,3.77,52.5
002958,青农商行,2.97,2.96,2.96,263599.0,2.99,17488.0,0.01,0.34,2.97
002959,小熊电器,34.66,34.35,34.35,1577.0,34.67,50.0,0.31,0.9,34.7
002960,青鸟智控,9.02,8.92,8.93,56503.0,9.04,103.0,0.1,1.12,9.09
002961,瑞达期货,21.1,19.51,19.79,48766.0,21.13,6.0,1.59,8.15,21.3
002962,五方光电,17.25,17.3,16.22,107631.0,17.36,157.0,-0.05,-0.29,17.47
002963,豪尔赛,18.2,19.17,18.94,10600.0,18.24,6.0,-0.97,-5.06,19.14
002965,祥鑫科技,40.39,39.58,39.71,45219.0,40.5,1.0,0.81,2.05,40.62
002966,苏州银行,8.32,8.25,8.26,127472.0,8.34,4155.0,0.07,0.85,8.34
002967,广电计量,17.95,17.44,17.56,25565.0,17.98,22.0,0.51,2.92,18.13
002968,新大正,9.72,9.55,9.53,5817.0,9.75,74.0,0.17,1.78,9.75
002969,嘉美包装,16.3,16.39,16.49,211469.0,16.32,448.0,-0.09,-0.55,16.86
002970,锐明技术,63.39,62.0,62.88,7073.0,63.5,35.0,1.39,2.24,63.85
002971,和远气体,53.17,58.03,55.76,148047.0,53.19,1.0,-4.86,-8.37,59.9
002972,科安达,13.29,13.22,13.24,11823.0,13.31,9.0,0.07,0.53,13.38
002973,侨银股份,12.86,12.78,12.79,2373.0,12.94,31.0,0.08,0.63,12.93
002975,博杰股份,125.8,121.37,123.99,16899.0,125.97,10.0,4.43,3.65,128.0
002976,瑞玛精密,30.2,32.88,30.93,36160.0,30.24,63.0,-2.68,-8.15,32.0
002978,安宁股份,27.57,26.91,27.15,10203.0,27.6,25.0,0.66,2.45,27.64
002979,雷赛智能,50.3,50.51,50.42,13636.0,50.32,11.0,-0.21,-0.42,50.76
002980,华盛昌,107.81,106.81,110.01,22667.0,107.95,1.0,1.0,0.94,112.2
002981,朝阳科技,27.26,27.3,26.73,20510.0,27.32,1.0,-0.04,-0.15,27.48
002982,湘佳股份,13.28,13.23,13.24,22138.0,13.3,152.0,0.05,0.38,13.3
002983,芯瑞达,24.51,23.8,23.95,11150.0,24.53,50.0,0.71,2.98,24.69
002984,森麒麟,15.59,15.06,15.23,44487.0,15.62,423.0,0.53,3.52,15.66
002985,北摩高科,31.16,29.99,30.58,55608.0,31.2,116.0,1.17,3.9,31.31
002986,宇新股份,11.58,11.56,11.58,7757.0,11.61,15.0,0.02,0.17,11.68
002987,京北方,11.7,11.48,11.5,32700.0,11.73,93.0,0.22,1.92,11.77
002988,豪美新材,26.04,25.34,25.61,5171.0,26.09,2.0,0.7,2.76,26.08
002989,中天精装,27.17,26.77,26.78,8732.0,27.2,2.0,0.4,1.49,27.48
002990,盛视科技,48.2,44.96,45.5,21476.0,48.22,2.0,3.24,7.21,48.46
002991,甘源食品,44.05,43.38,43.42,1051.0,44.17,3.0,0.67,1.54,44.4
002992,宝明科技,43.33,42.12,43.07,3195.0,43.38,8.0,1.21,2.87,43.65
002993,奥海科技,65.33,64.47,64.79,14286.0,65.37,1.0,0.86,1.33,67.1
002995,天地在线,22.15,21.6,21.68,21636.0,22.21,10.0,0.55,2.55,22.6
002996,顺博合金,6.58,6.4,6.46,20536.0,6.61,98.0,0.18,2.81,6.6
002997,瑞鹄模具,29.83,29.38,29.7,17113.0,29.85,21.0,0.45,1.53,29.99
002998,优彩资源,7.67,7.4,7.45,16546.0,7.7,388.0,0.27,3.65,7.7
002999,天禾股份,6.08,6.03,6.03,19072.0,6.11,395.0,0.05,0.83,6.14
