code,name,price,prev_close,open,volume,high,low,amount,pct_change,turnover
600000,浦发银行,9.67,9.55,9.5,940499.0,9.7,13227.0,0.12,1.26,9.71
600004,白云机场,8.26,8.02,8.12,202718.0,8.28,1256.0,0.24,2.99,8.26
600006,东风股份,5.78,5.64,5.66,133321.0,5.8,2847.0,0.14,2.48,5.8
600007,中国国贸,19.78,21.25,21.24,113690.0,19.88,184.0,-1.47,-6.92,21.24
600008,首创环保,3.16,3.12,3.13,809474.0,3.18,24476.0,0.04,1.28,3.18
600009,上海机场,24.28,23.46,23.67,198035.0,24.3,282.0,0.82,3.5,24.65
600010,包钢股份,2.39,2.31,2.34,8934292.0,2.42,130415.0,0.08,3.46,2.44
600011,华能国际,8.05,8.17,8.11,1952835.0,8.08,1172.0,-0.12,-1.47,8.24
600012,皖通高速,16.46,16.78,17.08,127023.0,16.51,17.0,-0.32,-1.91,17.1
600015,华夏银行,6.99,6.91,6.88,846094.0,7.01,5936.0,0.08,1.16,6.99
600016,民生银行,3.63,3.57,3.56,2533455.0,3.65,74859.0,0.06,1.68,3.63
600017,XD日照港,2.69,2.61,2.64,291101.0,2.71,3654.0,0.08,3.07,2.7
600018,上港集团,5.04,4.97,4.98,665138.0,5.07,14853.0,0.07,1.41,5.07
600019,宝钢股份,6.02,5.85,5.84,2722391.0,6.05,14561.0,0.17,2.91,6.07
600020,中原高速,3.96,3.92,3.93,177656.0,3.99,977.0,0.04,1.02,4.0
600021,上海电力,17.2,17.14,17.29,652611.0,17.22,177.0,0.06,0.35,17.64
600022,山东钢铁,1.33,1.28,1.28,1054893.0,1.35,28674.0,0.05,3.91,1.33
600023,浙能电力,6.26,6.3,6.23,1036129.0,6.29,160.0,-0.04,-0.63,6.34
600025,华能水电,9.86,9.7,9.69,305182.0,9.88,1968.0,0.16,1.65,9.86
600026,中远海能,17.5,16.65,16.93,1089144.0,17.53,1017.0,0.85,5.11,17.88
600027,华电国际,5.12,5.07,5.08,1241916.0,5.14,7029.0,0.05,0.99,5.16
600028,中国石化,4.94,4.79,4.77,4880591.0,4.96,41619.0,0.15,3.13,4.95
600029,南方航空,5.27,5.02,5.15,2061791.0,5.3,42322.0,0.25,4.98,5.3
600030,中信证券,26.29,25.51,25.56,2693845.0,26.32,1347.0,0.78,3.06,26.45
600031,三一重工,18.91,18.22,18.4,1130550.0,18.94,1332.0,0.69,3.79,19.22
600032,浙江新能,8.62,8.56,8.5,426442.0,8.65,521.0,0.06,0.7,8.7
600033,福建高速,3.56,3.49,3.48,335411.0,3.59,1699.0,0.07,2.01,3.57
600035,楚天高速,3.79,3.78,3.79,98562.0,3.82,3163.0,0.01,0.26,3.81
600036,招商银行,39.34,38.73,38.59,1119834.0,39.36,2832.0,0.61,1.58,39.35
600037,歌华有线,6.63,6.51,6.55,142422.0,6.66,866.0,0.12,1.84,6.67
600038,中直股份,28.53,27.25,27.36,150440.0,28.55,105.0,1.28,4.7,28.65
600039,四川路桥,8.25,8.34,8.33,263213.0,8.27,76.0,-0.09,-1.08,8.34
600048,保利发展,5.21,5.15,5.15,1069261.0,5.23,9735.0,0.06,1.17,5.25
600050,中国联通,4.37,4.36,4.37,2120920.0,4.4,30837.0,0.01,0.23,4.42
600051,宁波联合,6.31,6.28,6.3,51570.0,6.34,297.0,0.03,0.48,6.35
600052,东望时代,3.65,3.69,3.7,203068.0,3.67,848.0,-0.04,-1.08,3.77
600054,黄山旅游,11.1,10.76,10.83,98543.0,11.12,370.0,0.34,3.16,11.15
600055,万东医疗,11.57,11.36,11.36,68425.0,11.59,191.0,0.21,1.85,11.6
600056,中国医药,9.15,8.94,8.91,115325.0,9.17,588.0,0.21,2.35,9.16
600057,厦门象屿,6.18,5.98,5.98,332517.0,6.2,3020.0,0.2,3.34,6.19
600058,五矿发展,10.3,9.81,9.81,359579.0,10.33,984.0,0.49,4.99,10.75
600059,古越龙山,7.96,7.8,7.81,72480.0,7.98,511.0,0.16,2.05,7.98
600060,海信视像,27.73,27.98,27.57,402203.0,27.75,146.0,-0.25,-0.89,27.92
600061,国投资本,6.46,6.19,6.2,684097.0,6.48,7377.0,0.27,4.36,6.48
600062,华润双鹤,17.17,17.05,17.05,66791.0,17.19,427.0,0.12,0.7,17.2
600063,皖维高新,7.41,7.75,7.96,1807677.0,7.43,1325.0,-0.34,-4.39,8.1
600064,南京高科,7.49,7.27,7.29,251954.0,7.53,835.0,0.22,3.03,7.56
600066,宇通客车,28.85,29.5,29.31,203577.0,28.89,2.0,-0.65,-2.2,29.54
600067,冠城新材,3.48,3.16,3.27,1133220.0,0.0,0.0,0.32,10.13,3.48
600071,凤凰光学,16.5,16.46,16.63,34982.0,16.52,8.0,0.04,0.24,16.77
600072,中船科技,9.74,9.58,9.7,318602.0,9.77,586.0,0.16,1.67,9.92
600073,光明肉业,5.03,4.96,4.98,75714.0,5.05,1356.0,0.07,1.41,5.05
600075,新疆天业,4.75,4.67,4.67,227759.0,4.77,868.0,0.08,1.71,4.82
600076,康欣新材,3.47,3.46,3.51,228094.0,3.5,1397.0,0.01,0.29,3.6
600078,澄星股份,12.85,12.56,12.15,824591.0,12.88,430.0,0.29,2.31,13.36
600081,东风科技,10.1,10.03,10.1,26487.0,10.13,14.0,0.07,0.7,10.18
600085,同仁堂,24.95,24.3,24.39,91734.0,24.97,226.0,0.65,2.67,25.02
600088,中视传媒,14.22,14.16,14.16,148881.0,14.24,69.0,0.06,0.42,14.79
600089,特变电工,23.03,22.75,22.92,1362250.0,23.05,1396.0,0.28,1.23,23.39
600094,大名城,3.9,3.86,3.9,133481.0,3.92,1475.0,0.04,1.04,3.94
600095,湘财股份,7.86,7.49,7.51,367151.0,7.88,2256.0,0.37,4.94,7.91
600096,云天化,29.6,29.99,29.56,751424.0,29.75,1.0,-0.39,-1.3,30.99
600097,开创国际,8.67,8.53,8.53,28086.0,8.7,243.0,0.14,1.64,8.72
600098,广州发展,6.99,6.96,6.93,515476.0,7.01,322.0,0.03,0.43,7.06
600099,林海股份,9.09,9.07,9.1,37476.0,9.12,171.0,0.02,0.22,9.21
600100,同方股份,7.11,6.9,6.97,648391.0,7.13,1288.0,0.21,3.04,7.12
600101,明星电力,9.15,9.09,9.1,266840.0,9.17,638.0,0.06,0.66,9.23
600103,青山纸业,3.5,3.51,3.56,1067297.0,3.53,3454.0,-0.01,-0.28,3.58
600104,上汽集团,10.92,10.87,10.86,1451319.0,10.95,936.0,0.05,0.46,11.03
600105,永鼎股份,51.3,52.33,54.02,1305729.0,51.37,1.0,-1.03,-1.97,54.18
600106,重庆路桥,5.0,4.98,5.0,172327.0,5.02,2533.0,0.02,0.4,5.04
600108,亚盛集团,3.59,3.62,3.76,3098589.0,3.61,1578.0,-0.03,-0.83,3.79
600109,国金证券,8.49,7.96,8.02,834913.0,8.52,2118.0,0.53,6.66,8.61
600110,诺德股份,12.94,12.22,12.52,2798252.0,12.96,3267.0,0.72,5.89,13.44
600111,北方稀土,49.43,47.52,48.2,1524409.0,49.46,503.0,1.91,4.02,51.17
600113,浙江东日,35.85,34.2,33.86,71181.0,35.87,341.0,1.65,4.82,36.21
600114,东睦股份,38.57,39.72,40.2,374408.0,38.59,81.0,-1.15,-2.9,41.23
600115,中国东航,3.9,3.7,3.83,3193687.0,3.92,29629.0,0.2,5.41,3.93
600116,三峡水利,6.27,6.19,6.2,347506.0,6.29,2128.0,0.08,1.29,6.29
600117,西宁特钢,2.27,2.22,2.24,160482.0,2.29,11155.0,0.05,2.25,2.29
600118,中国卫星,78.0,78.03,79.53,577779.0,78.03,6.0,-0.03,-0.04,81.72
600120,浙江东方,4.47,4.38,4.42,369968.0,4.49,6937.0,0.09,2.05,4.5
600121,郑州煤电,4.51,4.46,4.37,1363621.0,4.54,844.0,0.05,1.12,4.7
600123,兰花科创,6.99,6.71,6.71,400831.0,7.01,592.0,0.28,4.17,7.11
600125,XD铁龙物,5.46,5.42,5.49,162229.0,5.52,4.0,0.04,0.74,5.55
600126,杭钢股份,6.75,6.64,6.72,532143.0,6.77,905.0,0.11,1.66,6.87
600127,金健米业,5.84,5.79,5.76,122221.0,5.86,1233.0,0.05,0.86,5.85
600128,苏豪弘业,8.74,8.64,8.69,34756.0,8.77,192.0,0.1,1.16,8.79
600129,太极集团,13.39,13.02,13.02,81083.0,13.41,374.0,0.37,2.84,13.4
600130,波导股份,4.53,4.51,4.58,255783.0,4.56,468.0,0.02,0.44,4.63
600131,国网信通,15.24,14.6,14.79,151144.0,15.26,116.0,0.64,4.38,15.24
600132,重庆啤酒,50.46,49.21,49.26,54130.0,50.49,22.0,1.25,2.54,50.85
600133,东湖高新,7.99,7.78,7.8,178294.0,8.02,386.0,0.21,2.7,8.14
600135,乐凯胶片,9.09,8.95,8.9,238204.0,9.12,670.0,0.14,1.56,9.4
600137,浪莎股份,18.78,18.46,18.65,23101.0,18.81,48.0,0.32,1.73,18.92
600138,中青旅,7.4,7.27,7.3,120736.0,7.42,620.0,0.13,1.79,7.42
600141,兴发集团,34.15,32.73,36.0,1114996.0,34.17,166.0,1.42,4.34,36.0
600143,金发科技,16.02,15.43,15.69,611894.0,16.04,778.0,0.59,3.82,16.24
600148,长春一东,16.56,16.38,16.45,25635.0,16.6,25.0,0.18,1.1,16.75
600149,廊坊发展,5.12,5.04,5.11,105463.0,5.15,1254.0,0.08,1.59,5.17
600150,中国船舶,34.89,34.45,34.7,1030478.0,34.91,300.0,0.44,1.28,35.68
600151,航天机电,11.66,11.22,11.4,562675.0,11.68,1774.0,0.44,3.92,12.24
600152,维科技术,10.5,10.33,10.45,309091.0,10.52,114.0,0.17,1.65,10.73
600153,建发股份,9.54,9.37,9.44,132501.0,9.56,1268.0,0.17,1.81,9.6
600155,华创云信,5.38,5.2,5.23,280466.0,5.4,5935.0,0.18,3.46,5.41
600156,华升股份,9.1,9.08,9.19,147331.0,9.13,268.0,0.02,0.22,9.34
600157,永泰能源,1.7,1.66,1.66,6850288.0,1.72,264403.0,0.04,2.41,1.72
600158,中体产业,8.41,8.55,8.49,942078.0,8.44,268.0,-0.14,-1.64,8.68
600159,大龙地产,2.63,2.61,2.63,248680.0,2.65,6800.0,0.02,0.77,2.66
600160,巨化股份,42.39,41.0,41.1,1146031.0,42.42,6.0,1.39,3.39,43.05
600161,天坛生物,12.87,12.36,12.37,358234.0,12.9,368.0,0.51,4.13,12.87
600162,香江控股,3.47,3.15,2.99,5188708.0,0.0,0.0,0.32,10.16,3.47
600163,中闽能源,6.23,5.68,5.68,972767.0,0.0,0.0,0.55,9.68,6.25
600166,福田汽车,3.1,3.01,3.04,1855495.0,3.13,18069.0,0.09,2.99,3.13
600167,联美控股,5.95,5.78,5.78,116235.0,5.98,1351.0,0.17,2.94,5.98
600168,武汉控股,4.46,4.39,4.44,47794.0,4.48,594.0,0.07,1.59,4.48
600170,上海建工,2.42,2.37,2.38,1659913.0,2.45,38226.0,0.05,2.11,2.45
600171,上海贝岭,26.32,26.23,26.73,136740.0,26.35,61.0,0.09,0.34,26.97
600172,黄河旋风,11.83,11.82,12.08,2735376.0,11.86,316.0,0.01,0.08,13.0
600173,卧龙新能,6.54,6.49,6.56,64610.0,6.57,152.0,0.05,0.77,6.65
600176,中国巨石,41.61,41.07,42.5,2092437.0,41.64,441.0,0.54,1.31,44.16
600177,雅戈尔,7.51,7.44,7.45,193162.0,7.53,1188.0,0.07,0.94,7.54
600178,东安动力,10.04,10.57,10.69,358830.0,10.06,441.0,-0.53,-5.01,11.49
600179,安通控股,4.56,4.35,4.39,679554.0,4.59,7292.0,0.21,4.83,4.58
600182,S佳通,13.93,13.43,13.51,27669.0,13.96,11.0,0.5,3.72,14.1
600183,生益科技,151.28,149.73,155.98,963705.0,151.31,52.0,1.55,1.04,162.62
600184,光电股份,25.05,25.72,26.5,373306.0,25.07,17.0,-0.67,-2.6,26.64
600185,珠免集团,5.02,4.91,4.93,187342.0,5.05,1283.0,0.11,2.24,5.07
600186,莲花控股,11.57,12.63,12.35,3312389.0,11.6,2348.0,-1.06,-8.39,12.95
600188,兖矿能源,22.95,23.1,22.51,631009.0,22.97,19.0,-0.15,-0.65,23.41
600189,泉阳泉,7.85,7.74,7.75,76189.0,7.87,270.0,0.11,1.42,7.85
600191,华资实业,10.96,10.68,10.72,56913.0,10.98,586.0,0.28,2.62,11.24
600192,长城电工,6.83,6.72,6.78,47484.0,6.85,283.0,0.11,1.64,6.92
600195,中牧股份,6.75,6.62,6.62,68290.0,6.77,547.0,0.13,1.96,6.77
600196,复星医药,22.36,21.78,21.85,193665.0,22.38,185.0,0.58,2.66,22.43
600197,伊力特,10.53,10.44,10.45,93668.0,10.6,41.0,0.09,0.86,10.68
600198,大唐电信,9.19,9.41,9.53,608623.0,9.22,196.0,-0.22,-2.34,9.6
600199,金种子酒,6.8,6.67,6.66,138242.0,6.82,66.0,0.13,1.95,6.9
600201,生物股份,12.28,11.93,11.94,213596.0,12.31,301.0,0.35,2.93,12.36
600202,哈空调,5.08,5.02,5.08,99419.0,5.11,1034.0,0.06,1.2,5.11
600203,福日电子,11.12,11.45,11.59,292101.0,11.15,567.0,-0.33,-2.88,11.8
600206,有研新材,32.99,34.24,35.7,1759959.0,33.01,71.0,-1.25,-3.65,36.07
600207,安彩高科,6.06,6.42,6.47,498147.0,6.09,415.0,-0.36,-5.61,6.64
600208,衢州发展,2.97,2.76,2.78,3190734.0,3.0,13550.0,0.21,7.61,3.04
600210,紫江企业,6.6,6.36,6.39,244566.0,6.62,1676.0,0.24,3.77,6.61
600211,西藏药业,36.59,35.31,35.48,58783.0,36.62,10.0,1.28,3.63,36.6
600212,绿能慧充,5.89,5.8,5.84,109913.0,5.91,298.0,0.09,1.55,6.0
600215,派斯林,6.24,6.25,6.32,164975.0,6.26,692.0,-0.01,-0.16,6.43
600216,浙江医药,12.01,11.74,11.75,231302.0,12.03,118.0,0.27,2.3,12.16
600217,中再资环,3.15,3.16,3.18,195603.0,3.2,1482.0,-0.01,-0.32,3.23
600218,全柴动力,8.03,7.92,8.0,56833.0,8.05,200.0,0.11,1.39,8.13
600219,南山铝业,4.73,4.58,4.65,2667037.0,4.75,13793.0,0.15,3.28,4.84
600221,海航控股,1.53,1.48,1.5,14181905.0,1.56,385071.0,0.05,3.38,1.56
600222,太龙药业,7.9,7.61,7.68,186764.0,7.92,267.0,0.29,3.81,7.96
600223,福瑞达,5.69,5.54,5.56,117288.0,5.73,321.0,0.15,2.71,5.77
600226,亨通股份,7.5,7.5,7.62,2468618.0,7.52,2855.0,0.0,0.0,7.92
600227,赤天化,2.87,3.0,2.87,1385047.0,2.89,3873.0,-0.13,-4.33,2.95
600228,返利科技,7.48,7.45,7.52,448121.0,7.5,438.0,0.03,0.4,7.64
600229,城市传媒,6.19,5.63,5.65,340711.0,0.0,0.0,0.56,9.95,6.19
600230,沧州大化,14.63,14.21,14.19,130939.0,14.65,204.0,0.42,2.96,14.95
600231,凌钢股份,1.89,1.83,1.84,148033.0,1.92,5631.0,0.06,3.28,1.92
600232,金鹰股份,7.11,6.88,6.99,83095.0,7.14,218.0,0.23,3.34,7.23
600233,圆通速递,17.17,16.95,17.02,183613.0,17.2,186.0,0.22,1.3,17.43
600234,科新发展,24.39,25.54,25.57,33621.0,24.43,39.0,-1.15,-4.5,26.04
600235,民丰特纸,5.65,5.57,5.62,51973.0,5.67,201.0,0.08,1.44,5.78
600236,桂冠电力,9.9,9.79,9.84,181389.0,9.92,295.0,0.11,1.12,9.94
600237,铜峰电子,9.71,10.28,10.45,806035.0,9.73,228.0,-0.57,-5.54,10.61
600241,时代万恒,7.34,7.24,7.3,65018.0,7.37,21.0,0.1,1.38,7.44
600246,万通发展,16.07,17.14,17.5,1742054.0,16.1,685.0,-1.07,-6.24,17.79
600248,陕建股份,3.02,2.96,2.97,212481.0,3.04,2213.0,0.06,2.03,3.03
600249,两面针,5.14,5.02,5.05,78712.0,5.17,127.0,0.12,2.39,5.15
600250,南京商旅,8.82,8.7,8.75,83475.0,8.85,396.0,0.12,1.38,8.91
600251,冠农股份,9.86,9.71,9.66,125495.0,9.89,28.0,0.15,1.54,10.0
600252,中恒集团,2.16,2.11,2.12,287291.0,2.19,9506.0,0.05,2.37,2.17
600255,鑫科材料,4.15,4.27,4.17,3302092.0,4.17,2986.0,-0.12,-2.81,4.3
600256,广汇能源,6.6,6.33,6.23,4075934.0,6.62,11788.0,0.27,4.27,6.63
600257,大湖股份,5.07,5.05,5.05,122248.0,5.1,439.0,0.02,0.4,5.12
600258,首旅酒店,12.75,12.49,12.53,257949.0,12.77,408.0,0.26,2.08,12.83
600259,中稀有色,93.94,92.09,93.99,236263.0,93.97,2.0,1.85,2.01,98.3
600261,阳光照明,3.19,3.12,3.14,98861.0,3.21,2008.0,0.07,2.24,3.21
600262,北方股份,21.43,20.72,21.07,33861.0,21.45,54.0,0.71,3.43,21.65
600266,城建发展,4.43,4.37,4.38,322637.0,4.46,1496.0,0.06,1.37,4.47
600267,海正药业,10.0,9.6,9.66,206617.0,10.02,48.0,0.4,4.17,10.08
600268,国电南自,12.36,11.91,12.03,180592.0,12.38,705.0,0.45,3.78,12.36
600269,赣粤高速,4.2,4.13,4.15,225085.0,4.23,2731.0,0.07,1.69,4.21
600271,航天信息,7.08,6.87,6.97,202867.0,7.1,1289.0,0.21,3.06,7.16
600272,开开实业,11.11,11.01,11.0,22614.0,11.13,135.0,0.1,0.91,11.18
600273,嘉化能源,6.97,6.94,6.95,293164.0,7.0,478.0,0.03,0.43,7.11
600276,恒瑞医药,48.49,46.98,47.2,1002990.0,48.52,137.0,1.51,3.21,48.95
600278,东方创业,6.25,6.12,6.16,74150.0,6.27,767.0,0.13,2.12,6.38
600279,重庆港,4.44,4.4,4.38,346285.0,4.46,600.0,0.04,0.91,4.5
600280,中央商场,2.93,2.89,2.88,1022429.0,2.96,1408.0,0.04,1.38,3.03
600281,华阳新材,4.9,4.85,4.9,119614.0,4.92,90.0,0.05,1.03,5.14
600282,南钢股份,4.84,4.7,4.7,394542.0,4.86,2663.0,0.14,2.98,4.86
600283,钱江水利,8.34,8.17,8.23,49432.0,8.38,255.0,0.17,2.08,8.64
600284,浦东建设,5.3,5.2,5.28,155678.0,5.33,620.0,0.1,1.92,5.39
600285,羚锐制药,20.83,20.65,20.7,78088.0,20.85,152.0,0.18,0.87,20.88
600287,苏豪时尚,4.9,4.82,4.89,31294.0,4.92,387.0,0.08,1.66,4.95
600288,大恒科技,12.25,12.15,12.21,56429.0,12.27,102.0,0.1,0.82,12.42
600292,电投水电,14.51,13.19,13.21,321610.0,0.0,0.0,1.32,10.01,14.51
600293,三峡新材,3.41,3.63,3.65,1387459.0,3.43,1552.0,-0.22,-6.06,3.7
600295,鄂尔多斯,13.7,13.6,13.6,210560.0,13.72,13.0,0.1,0.74,14.0
600298,安琪酵母,36.7,35.87,35.82,125054.0,36.72,80.0,0.83,2.31,36.79
600299,安迪苏,10.16,10.04,9.96,142015.0,10.18,85.0,0.12,1.2,10.47
600300,维维股份,3.07,2.99,3.01,257431.0,3.09,4959.0,0.08,2.68,3.08
600301,华锡有色,63.0,58.54,60.3,285673.0,63.02,138.0,4.46,7.62,64.0
600303,曙光股份,3.04,3.04,3.06,422522.0,3.06,1254.0,0.0,0.0,3.12
600305,恒顺醋业,6.88,6.75,6.76,89318.0,6.9,3858.0,0.13,1.93,6.9
600307,酒钢宏兴,1.57,1.54,1.55,660874.0,1.59,28209.0,0.03,1.95,1.6
600308,华泰股份,3.36,3.27,3.28,90035.0,3.39,1437.0,0.09,2.75,3.36
600309,万华化学,71.67,67.15,67.2,602114.0,71.69,14.0,4.52,6.73,72.83
600310,广西能源,4.63,4.76,4.71,995480.0,4.66,1126.0,-0.13,-2.73,4.8
600312,平高电气,18.49,18.15,18.4,204370.0,18.51,7.0,0.34,1.87,18.6
600313,农发种业,5.9,5.8,5.76,240708.0,5.93,1671.0,0.1,1.72,5.95
600315,上海家化,18.69,17.69,17.75,94165.0,18.72,192.0,1.0,5.65,18.86
600316,洪都航空,27.67,26.7,27.0,151097.0,27.7,340.0,0.97,3.63,28.46
600318,新力金融,6.37,6.23,6.3,106939.0,6.39,749.0,0.14,2.25,6.43
600319,亚星化学,7.07,7.02,7.07,29951.0,7.1,50.0,0.05,0.71,7.18
600320,振华重工,4.4,4.32,4.35,466603.0,4.43,3790.0,0.08,1.85,4.46
600322,津投城开,2.68,2.86,2.87,901952.0,2.71,2287.0,-0.18,-6.29,2.89
600323,瀚蓝环境,30.48,30.18,30.18,65183.0,30.59,114.0,0.3,0.99,30.78
600325,华发股份,2.63,2.59,2.6,379024.0,2.65,6739.0,0.04,1.54,2.65
600326,西藏天路,7.17,7.08,7.12,190862.0,7.19,255.0,0.09,1.27,7.28
600327,大东方,3.5,3.42,3.45,104409.0,3.53,3141.0,0.08,2.34,3.53
600328,中盐化工,6.77,6.56,6.6,249788.0,6.79,426.0,0.21,3.2,6.88
600329,达仁堂,38.3,37.51,37.52,33647.0,38.33,7.0,0.79,2.11,38.57
600330,天通股份,28.25,29.31,30.09,1188992.0,28.27,176.0,-1.06,-3.62,30.34
600331,宏达股份,13.18,12.66,12.8,643231.0,13.2,529.0,0.52,4.11,13.43
600332,白云山,21.69,21.39,21.39,94707.0,21.72,259.0,0.3,1.4,21.77
600333,长春燃气,5.48,5.44,5.42,154171.0,5.51,542.0,0.04,0.74,5.56
600335,国机汽车,5.29,5.19,5.2,100957.0,5.31,1253.0,0.1,1.93,5.32
600336,澳柯玛,7.14,6.98,7.02,115651.0,7.16,21.0,0.16,2.29,7.21
600338,西藏珠峰,17.87,17.2,17.26,1197916.0,17.9,194.0,0.67,3.9,18.36
600339,中油工程,3.31,3.26,3.2,755270.0,3.33,13188.0,0.05,1.53,3.33
600343,航天动力,25.08,23.6,24.08,685490.0,25.1,464.0,1.48,6.27,25.96
600345,长江通信,57.47,57.01,57.71,295816.0,57.49,42.0,0.46,0.81,62.5
600346,恒力石化,17.46,16.29,16.62,731522.0,17.48,109.0,1.17,7.18,17.84
600348,华阳股份,9.06,9.01,8.92,350407.0,9.08,406.0,0.05,0.55,9.22
600350,山东高速,11.2,11.04,10.99,175414.0,11.24,10.0,0.16,1.45,11.2
600351,亚宝药业,6.29,6.2,6.19,124566.0,6.31,2046.0,0.09,1.45,6.31
600352,浙江龙盛,11.46,10.73,10.98,1303668.0,11.48,2448.0,0.73,6.8,11.55
600353,旭光电子,28.69,29.94,31.0,1142802.0,28.71,1.0,-1.25,-4.18,32.27
600354,敦煌种业,5.39,5.3,5.29,139109.0,5.41,3157.0,0.09,1.7,5.42
600356,恒丰纸业,8.54,8.47,8.5,44680.0,8.58,1.0,0.07,0.83,8.59
600358,国旅联合,5.81,5.72,5.72,61599.0,5.83,293.0,0.09,1.57,5.82
600359,新农开发,6.44,6.24,6.27,138570.0,6.51,29.0,0.2,3.21,6.68
600360,华微电子,10.73,11.19,11.53,615426.0,10.75,1302.0,-0.46,-4.11,11.76
600361,创新新材,4.13,3.99,4.01,1122497.0,4.16,1920.0,0.14,3.51,4.19
600362,江西铜业,43.05,40.14,41.25,914270.0,43.07,144.0,2.91,7.25,44.15
600363,联创光电,32.98,32.74,33.18,157433.0,33.02,112.0,0.24,0.73,33.82
600366,宁波韵升,13.28,13.0,13.11,583227.0,13.31,595.0,0.28,2.15,13.55
600367,红星发展,53.03,54.03,56.0,653315.0,53.06,56.0,-1.0,-1.85,59.0
600368,五洲交通,3.78,3.74,3.75,99695.0,3.8,3188.0,0.04,1.07,3.78
600369,西南证券,3.99,3.83,3.84,628824.0,4.02,9635.0,0.16,4.18,4.0
600371,万向德农,7.14,7.05,7.08,41060.0,7.17,54.0,0.09,1.28,7.2
600372,中航机载,11.14,10.73,10.9,552873.0,11.17,838.0,0.41,3.82,11.38
600373,XD中文传,7.69,7.64,7.7,88216.0,7.72,68.0,0.05,0.65,7.73
600375,汉马科技,3.94,3.86,3.87,211599.0,3.96,9117.0,0.08,2.07,3.96
600376,首开股份,3.4,3.36,3.39,638776.0,3.43,6633.0,0.04,1.19,3.45
600377,宁沪高速,12.54,12.37,12.3,281469.0,12.57,81.0,0.17,1.37,12.54
600378,XD昊华科,57.15,63.5,63.18,1130784.0,57.17,71.0,-6.35,-10.0,63.25
600379,XD宝光股,11.88,12.01,12.01,121420.0,11.91,114.0,-0.13,-1.08,12.22
600380,健康元,10.04,9.82,9.82,138722.0,10.06,633.0,0.22,2.24,10.04
600382,广东明珠,8.15,8.22,8.38,223039.0,8.17,1306.0,-0.07,-0.85,8.47
600383,金地集团,2.51,2.48,2.49,389626.0,2.54,11546.0,0.03,1.21,2.54
600386,北巴传媒,3.5,3.45,3.46,110629.0,3.53,47.0,0.05,1.45,3.55
600388,龙净环保,17.27,16.63,16.7,127853.0,17.3,766.0,0.64,3.85,17.34
600389,江山股份,23.14,22.17,22.33,95014.0,23.17,60.0,0.97,4.38,23.76
600390,五矿资本,4.65,4.51,4.52,363961.0,4.67,5041.0,0.14,3.1,4.68
600391,航发科技,35.01,31.83,32.31,136492.0,0.0,0.0,3.18,9.99,35.01
600392,盛和资源,25.8,25.27,25.45,1693497.0,25.82,268.0,0.53,2.1,26.88
600395,盘江股份,5.56,5.53,5.47,354150.0,5.58,2344.0,0.03,0.54,5.68
600396,华电辽能,17.5,17.73,17.9,2813667.0,17.53,16.0,-0.23,-1.3,18.47
600397,江钨装备,14.72,14.26,14.2,947864.0,14.75,653.0,0.46,3.23,15.44
600398,海澜之家,5.96,5.84,5.85,395214.0,5.99,5408.0,0.12,2.05,6.0
600399,抚顺特钢,4.32,4.16,4.19,790955.0,4.34,3021.0,0.16,3.85,4.35
600400,红豆股份,2.61,2.58,2.58,234492.0,2.63,2488.0,0.03,1.16,2.62
600403,大有能源,7.25,8.05,7.25,941339.0,7.27,3894.0,-0.8,-9.94,7.45
600405,动力源,4.26,4.23,4.3,78302.0,4.29,339.0,0.03,0.71,4.33
600406,国电南瑞,23.24,22.85,23.05,704185.0,23.27,160.0,0.39,1.71,23.36
600408,安泰集团,2.88,2.92,2.88,1133492.0,2.91,3015.0,-0.04,-1.37,2.99
600409,三友化工,6.17,5.97,5.91,494929.0,6.2,700.0,0.2,3.35,6.42
600410,华胜天成,17.45,17.23,17.51,649199.0,17.48,1294.0,0.22,1.28,17.77
600415,小商品城,11.3,11.02,11.09,870693.0,11.32,1118.0,0.28,2.54,11.45
600416,湘电股份,9.76,9.55,9.64,268542.0,9.78,355.0,0.21,2.2,9.95
600418,江淮汽车,31.51,31.28,31.32,704277.0,31.53,51.0,0.23,0.74,32.95
600419,天润乳业,8.03,7.91,7.94,52597.0,8.06,698.0,0.12,1.52,8.07
600420,国药现代,8.71,8.54,8.55,87634.0,8.73,316.0,0.17,1.99,8.72
600422,昆药集团,8.55,8.39,8.4,60959.0,8.57,69.0,0.16,1.91,8.6
600425,XD青松建,3.54,3.43,3.48,167352.0,3.56,2263.0,0.11,3.21,3.55
600426,华鲁恒升,28.33,26.7,26.57,534989.0,28.35,189.0,1.63,6.1,29.05
600428,中远海特,7.99,7.83,7.83,539848.0,8.02,175.0,0.16,2.04,8.19
600429,三元股份,4.4,4.37,4.38,121019.0,4.42,567.0,0.03,0.69,4.45
600433,冠豪高新,3.53,3.43,3.47,586387.0,3.55,3914.0,0.1,2.92,3.55
600435,北方导航,12.3,11.83,11.9,355061.0,12.32,1508.0,0.47,3.97,12.34
600436,片仔癀,119.56,118.35,117.78,42696.0,119.63,1.0,1.21,1.02,121.33
600438,通威股份,13.7,14.2,14.2,919217.0,13.73,2052.0,-0.5,-3.52,14.32
600439,瑞贝卡,2.27,2.27,2.28,473320.0,2.3,4705.0,0.0,0.0,2.3
600444,国机通用,14.21,14.12,14.24,18210.0,14.24,104.0,0.09,0.64,14.4
600446,金证股份,11.53,11.21,11.35,248419.0,11.55,647.0,0.32,2.85,11.82
600448,华纺股份,2.9,2.92,2.94,231962.0,2.93,5645.0,-0.02,-0.68,2.95
600449,宁夏建材,12.9,12.48,12.54,63562.0,12.92,158.0,0.42,3.37,12.98
600452,涪陵电力,10.55,10.25,10.4,364818.0,10.58,1290.0,0.3,2.93,10.74
600455,博通股份,24.39,24.26,24.5,18800.0,24.44,5.0,0.13,0.54,24.87
600456,宝钛股份,29.8,28.6,28.98,131774.0,29.82,7.0,1.2,4.2,29.98
600458,时代新材,15.67,15.23,15.68,560383.0,15.7,399.0,0.44,2.89,16.0
600459,贵研铂业,24.99,25.11,26.43,1004437.0,25.01,217.0,-0.12,-0.48,26.89
600460,士兰微,32.15,33.18,34.2,857939.0,32.18,259.0,-1.03,-3.1,34.66
600461,洪城环境,9.48,9.36,9.33,118238.0,9.51,223.0,0.12,1.28,9.53
600463,空港股份,9.0,8.98,9.01,29862.0,9.02,12.0,0.02,0.22,9.16
600467,好当家,2.19,2.13,2.15,242449.0,2.21,4970.0,0.06,2.82,2.2
600468,百利电气,5.74,5.63,5.69,293209.0,5.76,881.0,0.11,1.95,5.79
600469,风神股份,5.68,5.54,5.57,75938.0,5.7,405.0,0.14,2.53,5.68
600470,六国化工,5.99,5.67,5.7,806216.0,6.02,536.0,0.32,5.64,6.21
600475,华光环能,14.63,14.17,14.3,158272.0,14.66,256.0,0.46,3.25,15.15
600477,杭萧钢构,2.59,2.53,2.55,301668.0,2.61,15154.0,0.06,2.37,2.61
600478,科力远,5.57,5.4,5.5,346808.0,5.6,1846.0,0.17,3.15,5.65
600479,千金药业,9.85,9.79,9.8,69340.0,9.87,56.0,0.06,0.61,9.86
600480,凌云股份,9.65,9.58,9.67,170660.0,9.68,256.0,0.07,0.73,9.81
600481,双良节能,5.04,5.16,5.12,1053000.0,5.07,1725.0,-0.12,-2.33,5.28
600482,中国动力,31.22,31.37,32.9,590331.0,31.25,6.0,-0.15,-0.48,33.33
600483,福能股份,11.61,11.71,11.7,395298.0,11.63,180.0,-0.1,-0.85,11.71
600486,扬农化工,55.96,53.81,54.0,75010.0,55.99,4.0,2.15,4.0,56.9
600487,亨通光电,97.0,102.4,105.08,2155301.0,97.02,1340.0,-5.4,-5.27,105.49
600488,津药药业,4.76,5.08,5.02,979636.0,4.79,1631.0,-0.32,-6.3,5.07
600489,中金黄金,21.51,20.64,21.3,1056960.0,21.53,483.0,0.87,4.22,22.16
600490,鹏欣资源,7.1,6.64,6.81,688845.0,7.12,1249.0,0.46,6.93,7.17
600493,凤竹纺织,6.02,5.99,6.04,42177.0,6.04,66.0,0.03,0.5,6.09
600495,晋西车轴,3.8,3.72,3.78,106506.0,3.82,796.0,0.08,2.15,3.85
600496,精工钢构,3.84,3.76,3.78,268206.0,3.87,4469.0,0.08,2.13,3.87
600497,驰宏锌锗,9.28,8.44,8.74,1385499.0,0.0,0.0,0.84,9.95,9.28
600498,烽火通信,63.13,60.99,62.5,2173422.0,63.16,87.0,2.14,3.51,66.82
600499,科达制造,15.66,14.9,15.1,368065.0,15.68,106.0,0.76,5.1,16.08
600500,中化国际,7.93,7.21,7.9,5777932.0,0.0,0.0,0.72,9.99,7.93
600501,航天晨光,17.71,17.25,17.47,84387.0,17.73,186.0,0.46,2.67,18.28
600502,安徽建工,4.68,4.62,4.64,564612.0,4.7,411.0,0.06,1.3,4.76
600503,华丽家族,2.46,2.45,2.48,450538.0,2.48,2277.0,0.01,0.41,2.53
600505,西昌电力,14.65,14.86,14.35,384587.0,14.68,320.0,-0.21,-1.41,14.7
600506,统一股份,16.34,16.34,16.34,54499.0,16.37,71.0,0.0,0.0,16.64
600507,方大特钢,4.29,4.23,4.25,385837.0,4.31,628.0,0.06,1.42,4.35
600508,上海能源,13.14,12.79,12.75,121172.0,13.17,35.0,0.35,2.74,13.4
600509,天富能源,8.13,8.03,8.08,393751.0,8.15,1182.0,0.1,1.25,8.22
600510,黑牡丹,7.68,7.45,7.5,145573.0,7.7,63.0,0.23,3.09,7.95
600511,国药股份,27.85,27.54,27.62,56282.0,27.87,87.0,0.31,1.13,27.88
600512,腾达建设,2.08,2.04,2.05,215093.0,2.1,5263.0,0.04,1.96,2.09
600513,联环药业,15.9,15.77,15.77,81367.0,15.93,54.0,0.13,0.82,16.19
600515,海南机场,2.98,2.92,2.94,1629914.0,3.0,26504.0,0.06,2.05,2.98
600516,方大炭素,5.7,5.74,5.64,1302359.0,5.72,680.0,-0.04,-0.7,5.87
600517,国网英大,4.89,4.79,4.85,402411.0,4.92,1515.0,0.1,2.09,4.91
600518,康美药业,1.4,1.38,1.38,2166299.0,1.43,71994.0,0.02,1.45,1.42
600519,贵州茅台,1291.91,1279.0,1271.18,50495.0,1292.33,1.0,12.91,1.01,1295.0
600520,三佳科技,26.89,28.77,29.4,175922.0,26.91,98.0,-1.88,-6.53,29.74
600521,华海药业,14.45,14.09,14.1,160220.0,14.47,249.0,0.36,2.56,14.49
600522,中天科技,48.6,49.27,50.72,3301235.0,48.63,2409.0,-0.67,-1.36,52.2
600523,贵航股份,11.34,10.92,10.99,53170.0,11.36,130.0,0.42,3.85,11.43
600526,菲达环保,4.49,4.42,4.45,79674.0,4.51,1596.0,0.07,1.58,4.51
600527,江南高纤,2.32,2.28,2.31,661869.0,2.34,8444.0,0.04,1.75,2.37
600528,中铁工业,7.12,6.93,6.97,211288.0,7.14,677.0,0.19,2.74,7.12
600529,山东药玻,18.16,18.05,18.05,70974.0,18.18,135.0,0.11,0.61,18.26
600530,交大昂立,6.13,5.92,5.91,166229.0,6.16,165.0,0.21,3.55,6.31
600531,豫光金铅,13.09,11.9,12.4,759485.0,0.0,0.0,1.19,10.0,13.09
600533,栖霞建设,2.19,2.18,2.19,223762.0,2.22,2187.0,0.01,0.46,2.23
600535,天士力,14.41,14.2,14.3,125515.0,14.44,94.0,0.21,1.48,14.48
600536,中国软件,29.82,33.13,33.3,378368.0,29.84,44.0,-3.31,-9.99,33.85
600538,国发股份,5.8,5.91,5.97,112432.0,5.83,170.0,-0.11,-1.86,6.07
600539,狮头股份,16.34,14.85,15.2,171687.0,0.0,0.0,1.49,10.03,16.34
600540,新赛股份,4.46,4.45,4.47,253895.0,4.49,149.0,0.01,0.22,4.59
600545,卓郎智能,5.44,5.76,5.95,1300046.0,5.46,4087.0,-0.32,-5.56,5.95
600546,山煤国际,13.27,13.03,12.9,408584.0,13.29,19.0,0.24,1.84,13.65
600547,山东黄金,27.79,26.95,27.6,827809.0,27.82,359.0,0.84,3.12,28.9
600548,深高速,8.65,8.53,8.63,20948.0,8.68,325.0,0.12,1.41,8.66
600549,厦门钨业,64.8,67.44,69.0,1641505.0,64.82,145.0,-2.64,-3.91,70.13
600550,保变电气,12.13,11.86,12.01,331759.0,12.16,281.0,0.27,2.28,12.3
600551,时代出版,7.42,7.31,7.3,47976.0,7.44,463.0,0.11,1.5,7.44
600552,凯盛科技,19.0,20.59,20.68,1376249.0,19.03,586.0,-1.59,-7.72,21.33
600556,天下秀,4.89,4.91,4.93,569264.0,4.92,3403.0,-0.02,-0.41,4.95
600557,康缘药业,12.12,11.7,11.73,43869.0,12.14,21.0,0.42,3.59,12.13
600558,大西洋,5.42,5.27,5.35,161924.0,5.45,1075.0,0.15,2.85,5.47
600559,老白干酒,12.35,12.14,12.1,192877.0,12.43,360.0,0.21,1.73,12.58
600560,金自天正,12.0,11.92,12.06,50948.0,12.04,25.0,0.08,0.67,12.28
600561,江西长运,5.58,5.56,5.58,43566.0,5.61,661.0,0.02,0.36,5.66
600562,国睿科技,21.54,21.0,21.22,152246.0,21.56,30.0,0.54,2.57,22.44
600563,XD法拉电,143.0,147.95,152.09,112913.0,143.02,4.0,-4.95,-3.35,153.2
600566,济川药业,27.11,26.37,26.41,102690.0,27.16,1.0,0.74,2.81,27.19
600567,山鹰国际,1.44,1.31,1.3,4165241.0,0.0,0.0,0.13,9.92,1.44
600569,安阳钢铁,1.87,1.81,1.82,204754.0,1.89,4434.0,0.06,3.31,1.88
600570,恒生电子,21.71,21.02,21.35,323462.0,21.74,101.0,0.69,3.28,22.06
600571,信雅达,10.46,10.23,10.35,82663.0,10.48,257.0,0.23,2.25,10.6
600572,康恩贝,4.13,4.07,4.07,336842.0,4.15,7455.0,0.06,1.47,4.14
600573,惠泉啤酒,13.59,13.31,12.91,413270.0,13.61,123.0,0.28,2.1,13.8
600575,淮河能源,3.99,3.75,3.77,1579955.0,4.02,81.0,0.24,6.4,4.07
600576,祥源文旅,6.18,5.62,5.68,434888.0,0.0,0.0,0.56,9.96,6.18
600577,精达股份,11.55,10.85,11.02,899042.0,11.58,2414.0,0.7,6.45,11.82
600578,京能电力,7.49,7.78,7.8,2471924.0,7.51,477.0,-0.29,-3.73,7.93
600579,中化装备,6.61,6.74,6.85,162660.0,6.65,12.0,-0.13,-1.93,6.99
600580,卧龙电驱,34.09,34.83,35.3,457953.0,34.14,1.0,-0.74,-2.12,35.88
600582,XD天地科,5.29,5.23,5.23,441778.0,5.31,1333.0,0.06,1.15,5.34
600583,海油工程,5.5,5.43,5.36,524749.0,5.53,963.0,0.07,1.29,5.65
600584,长电科技,68.92,71.95,75.0,1863166.0,68.95,442.0,-3.03,-4.21,75.88
600585,海螺水泥,18.71,18.57,18.71,330582.0,18.74,93.0,0.14,0.75,18.9
600586,金晶科技,4.57,4.7,4.72,397986.0,4.6,725.0,-0.13,-2.77,4.77
600587,新华医疗,12.74,12.58,12.58,43563.0,12.76,291.0,0.16,1.27,12.76
600588,用友网络,10.0,9.9,10.0,416378.0,10.03,385.0,0.1,1.01,10.21
600589,大位科技,9.35,9.43,9.6,868772.0,9.38,1020.0,-0.08,-0.85,9.68
600590,泰豪科技,11.8,11.45,11.61,426951.0,11.83,144.0,0.35,3.06,12.28
600592,龙溪股份,15.56,16.41,16.64,203543.0,15.58,165.0,-0.85,-5.18,16.68
600593,大连圣亚,41.4,39.6,39.35,120257.0,41.45,3.0,1.8,4.55,43.48
600594,益佰制药,3.29,3.25,3.25,165884.0,3.31,2000.0,0.04,1.23,3.32
600595,中孚实业,6.9,6.6,6.68,1223818.0,6.92,1635.0,0.3,4.55,7.09
600596,新安股份,14.36,14.3,14.5,930609.0,14.38,286.0,0.06,0.42,14.99
600597,光明乳业,6.79,6.61,6.62,118658.0,6.81,781.0,0.18,2.72,6.8
600598,北大荒,14.3,14.0,13.97,183180.0,14.32,218.0,0.3,2.14,14.3
600600,青岛啤酒,60.56,60.69,60.0,78032.0,60.59,27.0,-0.13,-0.21,60.8
600601,方正科技,12.89,11.72,11.96,3701538.0,0.0,0.0,1.17,9.98,12.89
600602,云赛智联,17.1,16.67,16.98,270587.0,17.12,199.0,0.43,2.58,17.46
600603,广汇物流,4.64,4.46,4.51,165628.0,4.66,300.0,0.18,4.04,4.71
600604,市北高新,4.22,4.1,4.14,101939.0,4.24,1670.0,0.12,2.93,4.23
600605,汇通能源,30.15,29.89,30.03,44172.0,30.17,3.0,0.26,0.87,30.35
600606,绿地控股,1.38,1.36,1.37,1077452.0,1.41,25970.0,0.02,1.47,1.4
600609,金杯汽车,3.44,3.33,3.36,191907.0,3.46,1441.0,0.11,3.3,3.53
600610,中毅达,8.14,8.35,8.09,305456.0,8.17,180.0,-0.21,-2.51,8.35
600611,大众交通,4.18,4.22,4.3,585736.0,4.21,809.0,-0.04,-0.95,4.32
600612,老凤祥,35.38,34.6,34.6,15947.0,35.44,5.0,0.78,2.25,35.51
600613,神奇制药,4.95,4.85,4.86,52955.0,4.97,463.0,0.1,2.06,4.97
600615,鑫源智造,9.35,9.24,9.35,25519.0,9.37,34.0,0.11,1.19,9.68
600616,金枫酒业,4.26,4.19,4.2,53223.0,4.28,1316.0,0.07,1.67,4.27
600617,国新能源,3.13,3.09,3.09,312236.0,3.16,4888.0,0.04,1.29,3.16
600618,氯碱化工,10.61,10.7,10.51,189058.0,10.63,364.0,-0.09,-0.84,10.7
600619,海立股份,14.9,14.42,14.55,263088.0,14.93,259.0,0.48,3.33,15.13
600620,天宸股份,4.53,4.47,4.4,75491.0,4.55,1252.0,0.06,1.34,4.56
600621,华鑫股份,12.41,11.99,12.06,119955.0,12.44,185.0,0.42,3.5,12.49
600622,光大嘉宝,2.3,2.25,2.26,279187.0,2.33,9456.0,0.05,2.22,2.33
600623,华谊集团,8.66,8.37,8.37,299396.0,8.68,307.0,0.29,3.46,8.83
600626,申达股份,3.47,3.39,3.43,123391.0,3.49,928.0,0.08,2.36,3.51
600628,新世界,6.16,6.04,6.07,59762.0,6.18,749.0,0.12,1.99,6.17
600629,华建集团,15.91,15.9,15.85,204938.0,15.94,117.0,0.01,0.06,16.49
600630,龙头股份,8.88,8.95,8.94,323159.0,8.91,105.0,-0.07,-0.78,9.14
600633,XD浙数文,10.75,10.74,10.87,199105.0,10.78,168.0,0.01,0.09,10.87
600635,大众公用,4.78,4.77,4.76,453270.0,4.81,2998.0,0.01,0.21,4.84
600637,东方明珠,8.6,8.44,8.55,549098.0,8.62,2072.0,0.16,1.9,8.77
600638,新黄浦,5.26,5.18,5.21,121215.0,5.29,216.0,0.08,1.54,5.38
600639,浦东金桥,9.81,9.64,9.63,26129.0,9.83,180.0,0.17,1.76,9.81
600640,国脉文化,10.6,10.51,10.55,76023.0,10.62,63.0,0.09,0.86,10.67
600641,先导基电,28.48,28.91,29.41,814297.0,28.5,123.0,-0.43,-1.49,29.9
600642,申能股份,9.63,9.56,9.57,420825.0,9.65,2412.0,0.07,0.73,9.76
600643,爱建集团,4.05,3.9,3.91,164512.0,4.08,1324.0,0.15,3.85,4.06
600644,乐山电力,9.9,9.8,9.77,184108.0,9.93,171.0,0.1,1.02,10.03
600645,中源协和,18.72,18.19,18.33,92162.0,18.74,18.0,0.53,2.91,18.8
600648,外高桥,8.88,8.73,8.72,35727.0,8.91,13.0,0.15,1.72,8.9
600649,城投控股,3.69,3.64,3.64,152950.0,3.71,2715.0,0.05,1.37,3.71
600650,锦江在线,10.28,10.11,10.11,33122.0,10.3,197.0,0.17,1.68,10.33
600651,飞乐音响,6.16,6.01,6.07,181330.0,6.18,1671.0,0.15,2.5,6.2
600653,申华控股,1.66,1.63,1.63,165912.0,1.68,10066.0,0.03,1.84,1.66
600654,中安科,2.87,2.85,2.88,699251.0,2.9,6492.0,0.02,0.7,2.93
600655,豫园股份,4.42,4.37,4.4,175392.0,4.44,1072.0,0.05,1.14,4.45
600657,信达地产,2.75,2.72,2.73,263781.0,2.77,5275.0,0.03,1.1,2.78
600658,电子城,4.35,4.33,4.35,116075.0,4.38,664.0,0.02,0.46,4.41
600660,福耀玻璃,52.35,52.41,52.5,102578.0,52.38,13.0,-0.06,-0.11,52.95
600661,昂立教育,7.97,7.82,7.81,51309.0,8.0,218.0,0.15,1.92,8.02
600662,外服控股,4.28,4.17,4.2,152598.0,4.3,1310.0,0.11,2.64,4.31
600663,陆家嘴,6.65,6.5,6.57,189815.0,6.75,450.0,0.15,2.31,6.75
600664,哈药股份,3.16,3.09,3.1,402560.0,3.18,13323.0,0.07,2.27,3.18
600665,天地源,3.99,4.07,3.87,973904.0,4.02,699.0,-0.08,-1.97,4.18
600666,奥瑞德,4.34,4.38,4.47,1003851.0,4.36,2734.0,-0.04,-0.91,4.49
600667,太极实业,16.42,17.51,18.7,4175395.0,16.44,128.0,-1.09,-6.23,18.86
600668,尖峰集团,7.5,7.33,7.35,54904.0,7.52,81.0,0.17,2.32,7.57
600671,天目药业,16.47,15.94,16.06,17832.0,16.5,43.0,0.53,3.32,16.55
600673,东阳光,31.46,33.14,33.64,562856.0,31.5,3.0,-1.68,-5.07,33.79
600674,川投能源,15.6,15.51,15.5,502645.0,15.62,714.0,0.09,0.58,15.75
600675,中华企业,2.41,2.36,2.36,281897.0,2.43,3745.0,0.05,2.12,2.42
600676,交运股份,6.52,6.32,6.3,133625.0,6.54,1590.0,0.2,3.16,6.52
600679,上海凤凰,9.46,9.31,9.34,46502.0,9.49,137.0,0.15,1.61,9.55
600681,百川能源,3.56,3.53,3.53,148962.0,3.59,1079.0,0.03,0.85,3.6
600682,南京新百,5.83,5.84,5.89,172188.0,5.85,1158.0,-0.01,-0.17,5.9
600683,京投发展,12.38,12.63,12.8,227287.0,12.4,68.0,-0.25,-1.98,13.45
600684,珠江股份,3.43,3.34,3.36,368306.0,3.46,648.0,0.09,2.69,3.63
600685,中船防务,25.99,25.12,25.36,139500.0,26.01,154.0,0.87,3.46,26.25
600686,金龙汽车,12.97,12.3,12.41,218446.0,13.0,606.0,0.67,5.45,13.22
600688,上海石化,2.91,2.89,2.84,1558367.0,2.93,4641.0,0.02,0.69,2.98
600689,上海三毛,11.09,11.39,11.48,38760.0,11.12,196.0,-0.3,-2.63,11.51
600690,海尔智家,21.13,21.11,20.88,721931.0,21.15,500.0,0.02,0.09,21.26
600691,潞化科技,2.65,2.62,2.62,431154.0,2.67,5500.0,0.03,1.15,2.72
600692,亚通股份,6.42,6.29,6.35,56840.0,6.45,706.0,0.13,2.07,6.49
600693,东百集团,8.79,8.63,8.6,602744.0,8.81,1087.0,0.16,1.85,9.02
600694,大商股份,14.66,14.42,14.36,43131.0,14.69,452.0,0.24,1.66,14.7
600697,欧亚集团,10.99,10.81,10.76,31828.0,11.03,20.0,0.18,1.67,11.13
600698,湖南天雁,6.91,7.14,6.91,273506.0,6.94,614.0,-0.23,-3.22,7.02
600699,均胜电子,23.86,23.53,23.87,355364.0,23.88,234.0,0.33,1.4,24.36
600702,舍得酒业,38.07,37.88,37.88,49658.0,38.1,18.0,0.19,0.5,38.74
600703,三安光电,13.92,15.26,14.48,4319917.0,13.94,2450.0,-1.34,-8.78,15.18
600704,物产中大,4.77,4.67,4.7,481103.0,4.79,4502.0,0.1,2.14,4.8
600706,曲江文旅,7.73,7.65,7.71,60341.0,7.76,84.0,0.08,1.05,7.8
600707,彩虹股份,9.86,10.61,10.75,2164996.0,9.88,1991.0,-0.75,-7.07,10.88
600708,光明地产,2.89,2.85,2.86,211623.0,2.91,1495.0,0.04,1.4,2.94
600710,苏美达,11.08,10.85,10.93,101243.0,11.12,313.0,0.23,2.12,11.2
600711,盛屯矿业,13.0,11.83,12.07,3027069.0,0.0,0.0,1.17,9.89,13.01
600712,南宁百货,5.37,5.33,5.36,58182.0,5.39,169.0,0.04,0.75,5.41
600713,南京医药,5.0,4.87,4.9,107114.0,5.02,1660.0,0.13,2.67,5.01
600714,金瑞矿业,28.05,29.22,29.23,215318.0,28.09,10.0,-1.17,-4.0,31.22
600715,文投控股,1.71,1.68,1.69,191916.0,1.74,8610.0,0.03,1.79,1.73
600716,凤凰股份,3.75,3.73,3.75,93614.0,3.77,556.0,0.02,0.54,3.85
600718,东软集团,7.84,7.73,7.79,89585.0,7.86,307.0,0.11,1.42,7.88
600719,大连热电,8.62,8.74,8.86,260172.0,8.64,100.0,-0.12,-1.37,9.0
600720,中交设计,5.55,5.53,5.56,211379.0,5.6,48.0,0.02,0.36,5.64
600721,百花医药,7.77,7.87,7.82,196126.0,7.8,321.0,-0.1,-1.27,7.84
600722,金牛化工,10.33,10.82,10.72,1250386.0,10.36,214.0,-0.49,-4.53,11.17
600724,XD宁波富,6.64,6.59,6.53,106405.0,6.67,298.0,0.05,0.76,6.68
600725,云维股份,3.77,3.8,3.77,150028.0,3.8,2328.0,-0.03,-0.79,3.93
600726,华电能源,8.09,8.12,8.15,2978774.0,8.12,959.0,-0.03,-0.37,8.93
600727,鲁北化工,7.74,7.6,7.63,288391.0,7.76,250.0,0.14,1.84,7.87
600728,佳都科技,4.59,4.55,4.59,292293.0,4.61,5930.0,0.04,0.88,4.62
600729,重百集团,20.06,20.05,20.01,70277.0,20.09,5.0,0.01,0.05,20.56
600731,湖南海利,5.6,5.4,5.41,150317.0,5.63,290.0,0.2,3.7,5.82
600732,爱旭股份,12.7,12.54,12.45,761842.0,12.72,62.0,0.16,1.28,13.27
600733,北汽蓝谷,5.79,5.7,5.75,921711.0,5.81,2920.0,0.09,1.58,5.99
600736,苏州高新,7.94,7.78,7.65,826787.0,7.97,760.0,0.16,2.06,8.06
600737,中粮糖业,13.36,12.72,12.83,327870.0,13.39,237.0,0.64,5.03,13.52
600738,XD丽尚国,4.1,3.95,4.02,107467.0,4.12,2124.0,0.15,3.8,4.13
600739,辽宁成大,10.32,9.91,9.96,191044.0,10.35,175.0,0.41,4.14,10.32
600740,山西焦化,3.82,3.66,3.66,565538.0,3.85,3591.0,0.16,4.37,3.89
600741,华域汽车,16.65,16.65,16.64,226272.0,16.68,69.0,0.0,0.0,16.9
600742,富维股份,7.9,7.92,7.9,78013.0,7.93,439.0,-0.02,-0.25,7.93
600743,华远控股,2.25,2.24,2.24,388905.0,2.27,9705.0,0.01,0.45,2.27
600744,华银电力,7.27,7.18,7.21,768479.0,7.29,1201.0,0.09,1.25,7.36
600746,江苏索普,6.17,6.08,6.05,131785.0,6.2,262.0,0.09,1.48,6.3
600748,上实发展,4.05,4.02,4.04,168172.0,4.08,734.0,0.03,0.75,4.14
600749,西藏旅游,16.22,16.12,15.53,164971.0,16.25,257.0,0.1,0.62,16.7
600750,华润江中,24.56,25.0,25.02,56597.0,24.76,10.0,-0.44,-1.76,25.21
600751,海航科技,3.15,2.97,2.99,574281.0,3.17,4838.0,0.18,6.06,3.19
600754,锦江酒店,20.03,19.29,19.28,147224.0,20.05,428.0,0.74,3.84,20.13
600755,厦门国贸,5.6,5.52,5.54,139480.0,5.62,1358.0,0.08,1.45,5.64
600756,浪潮软件,13.2,12.91,13.03,63017.0,13.22,470.0,0.29,2.25,13.29
600757,长江传媒,8.08,7.99,8.04,100253.0,8.11,271.0,0.09,1.13,8.09
600758,辽宁能源,4.07,4.08,4.05,932511.0,4.1,2146.0,-0.01,-0.25,4.2
600760,中航沈飞,44.61,41.62,41.96,477643.0,44.64,310.0,2.99,7.18,45.0
600761,安徽合力,16.61,16.02,16.15,154951.0,16.63,228.0,0.59,3.68,16.75
600763,通策医疗,34.56,33.53,33.66,70014.0,34.59,92.0,1.03,3.07,34.81
600764,中国海防,19.24,18.78,18.88,86742.0,19.27,126.0,0.46,2.45,19.34
600765,中航重机,14.02,13.27,13.47,400935.0,14.05,241.0,0.75,5.65,14.35
600768,宁波富邦,15.29,15.1,15.26,40405.0,15.31,20.0,0.19,1.26,15.49
600769,祥龙电业,15.76,16.38,16.3,211403.0,15.78,85.0,-0.62,-3.79,16.3
600770,综艺股份,5.77,5.72,5.84,299843.0,5.8,1759.0,0.05,0.87,5.94
600771,广誉远,14.1,13.76,13.79,48933.0,14.13,431.0,0.34,2.47,14.13
600773,西藏城投,15.54,14.7,14.87,484337.0,15.57,3.0,0.84,5.71,15.92
600774,汉商集团,7.13,7.02,7.03,34019.0,7.15,165.0,0.11,1.57,7.15
600775,南京熊猫,10.19,10.03,10.2,124576.0,10.22,50.0,0.16,1.6,10.33
600776,东方通信,15.1,15.35,15.69,339405.0,15.12,230.0,-0.25,-1.63,15.93
600778,友好集团,5.75,5.64,5.68,61511.0,5.77,76.0,0.11,1.95,5.79
600779,水井坊,29.03,28.5,28.39,52579.0,29.08,30.0,0.53,1.86,29.5
600780,通宝能源,6.64,6.51,6.56,187707.0,6.66,445.0,0.13,2.0,6.77
600782,新钢股份,2.65,2.59,2.59,364568.0,2.68,26852.0,0.06,2.32,2.68
600783,鲁信创投,21.31,21.95,22.18,354356.0,21.33,128.0,-0.64,-2.92,23.55
600784,鲁银投资,7.06,6.88,6.95,76208.0,7.08,277.0,0.18,2.62,7.13
600785,新华百货,15.17,14.95,14.8,75050.0,15.2,36.0,0.22,1.47,15.32
600787,中储股份,4.57,4.5,4.51,214788.0,4.59,1918.0,0.07,1.56,4.58
600789,鲁抗医药,7.16,7.0,7.0,94494.0,7.18,1398.0,0.16,2.29,7.17
600790,轻纺城,3.84,3.79,3.82,179477.0,3.87,2417.0,0.05,1.32,3.88
600791,京能置业,12.14,13.49,12.14,95596.0,12.16,269.0,-1.35,-10.01,12.49
600792,云煤能源,4.1,3.9,3.85,507039.0,4.13,378.0,0.2,5.13,4.28
600793,宜宾纸业,13.72,13.39,13.5,39063.0,13.75,107.0,0.33,2.46,13.8
600794,保税科技,3.11,3.06,3.08,106747.0,3.14,4480.0,0.05,1.63,3.13
600795,国电电力,5.01,4.99,4.97,2024490.0,5.04,40257.0,0.02,0.4,5.05
600796,钱江生化,5.13,5.05,5.08,52343.0,5.15,362.0,0.08,1.58,5.17
600797,浙大网新,7.24,7.22,7.31,179171.0,7.27,1043.0,0.02,0.28,7.35
600798,宁波海运,3.35,3.31,3.31,188071.0,3.38,4895.0,0.04,1.21,3.38
600800,渤海化学,3.66,3.64,3.64,245861.0,3.68,1026.0,0.02,0.55,3.72
600801,华新建材,19.03,18.77,18.64,138434.0,19.1,3.0,0.26,1.39,19.3
600802,福建水泥,4.8,4.75,4.8,63817.0,4.82,1228.0,0.05,1.05,4.85
600803,新奥股份,18.33,18.23,18.18,122480.0,18.36,78.0,0.1,0.55,18.45
600805,悦达投资,4.44,4.37,4.4,50882.0,4.46,877.0,0.07,1.6,4.48
600807,济高发展,2.6,2.58,2.6,186077.0,2.63,2630.0,0.02,0.78,2.64
600808,马钢股份,2.83,2.81,2.81,677863.0,2.86,13403.0,0.02,0.71,2.88
600809,山西汾酒,118.54,119.6,119.4,104199.0,119.3,2.0,-1.06,-0.89,122.35
600810,神马股份,6.41,6.26,6.27,359580.0,6.45,75.0,0.15,2.4,6.68
600812,华北制药,4.48,4.35,4.35,145148.0,4.5,4783.0,0.13,2.99,4.48
600814,杭州解百,6.92,6.77,6.78,65702.0,6.94,810.0,0.15,2.22,6.94
600815,厦工股份,3.03,2.96,3.01,587273.0,3.06,987.0,0.07,2.36,3.12
600816,建元信托,2.66,2.61,2.63,575850.0,2.68,12255.0,0.05,1.92,2.68
600817,宇通重工,9.64,9.65,9.69,41494.0,9.67,15.0,-0.01,-0.1,9.75
600819,耀皮玻璃,6.4,6.4,6.47,89290.0,6.43,160.0,0.0,0.0,6.55
600820,隧道股份,5.51,5.37,5.4,213187.0,5.53,1460.0,0.14,2.61,5.51
600821,金开新能,6.56,6.4,6.53,1059656.0,6.59,1970.0,0.16,2.5,6.69
600822,上海物贸,8.51,8.31,8.35,22427.0,8.53,162.0,0.2,2.41,8.53
600824,益民集团,3.66,3.58,3.61,91466.0,3.68,1506.0,0.08,2.23,3.67
600825,新华传媒,4.86,4.8,4.81,171462.0,4.89,921.0,0.06,1.25,4.9
600826,兰生股份,9.98,9.27,9.35,213160.0,10.01,980.0,0.71,7.66,10.08
600827,百联股份,8.07,7.89,7.91,117246.0,8.1,467.0,0.18,2.28,8.09
600828,茂业商业,3.99,3.98,3.95,423244.0,4.02,1422.0,0.01,0.25,4.09
600829,人民同泰,8.4,8.28,8.28,53503.0,8.42,548.0,0.12,1.45,8.43
600830,香溢融通,8.32,8.13,8.2,112038.0,8.35,133.0,0.19,2.34,8.46
600831,广电网络,3.26,3.27,3.3,133090.0,3.29,2894.0,-0.01,-0.31,3.32
600833,第一医药,10.14,9.95,9.98,27601.0,10.16,12.0,0.19,1.91,10.2
600834,申通地铁,7.24,7.17,7.17,24501.0,7.28,187.0,0.07,0.98,7.26
600835,上海机电,20.17,19.8,19.92,54881.0,20.2,323.0,0.37,1.87,20.54
600838,上海九百,7.73,7.56,7.6,83077.0,7.75,406.0,0.17,2.25,7.8
600839,四川长虹,6.77,6.67,6.75,693157.0,6.8,7739.0,0.1,1.5,6.83
600841,动力新科,6.79,6.71,6.78,104089.0,6.82,289.0,0.08,1.19,6.87
600843,上工申贝,8.63,8.16,8.16,409609.0,8.66,379.0,0.47,5.76,8.87
600844,金煤科技,2.83,2.88,2.85,456125.0,2.85,1123.0,-0.05,-1.74,2.89
600845,宝信软件,17.93,17.91,18.12,221096.0,17.96,37.0,0.02,0.11,18.23
600846,同济科技,10.41,10.05,10.15,78729.0,10.44,10.0,0.36,3.58,10.78
600847,万里股份,15.34,14.45,14.81,73097.0,15.4,505.0,0.89,6.16,15.9
600848,上海临港,8.16,8.0,8.03,107056.0,8.18,1447.0,0.16,2.0,8.18
600850,电科数字,18.49,18.26,18.4,135103.0,18.52,41.0,0.23,1.26,19.02
600851,海欣股份,7.32,7.11,7.16,54560.0,7.34,268.0,0.21,2.95,7.38
600853,龙建股份,3.37,3.31,3.33,140571.0,3.39,4283.0,0.06,1.81,3.39
600854,春兰股份,4.46,4.39,4.43,101592.0,4.49,1602.0,0.07,1.59,4.49
600855,航天长峰,14.9,14.25,14.39,188013.0,14.92,47.0,0.65,4.56,15.46
600857,宁波中百,15.58,14.16,14.2,179493.0,0.0,0.0,1.42,10.03,15.58
600858,银座股份,4.94,4.82,4.84,107584.0,4.96,693.0,0.12,2.49,4.94
600859,王府井,10.43,10.18,10.2,167534.0,10.45,1075.0,0.25,2.46,10.49
600860,京城股份,8.85,8.69,8.73,57781.0,8.89,234.0,0.16,1.84,8.95
600861,北京人力,14.7,14.53,14.62,44899.0,14.78,58.0,0.17,1.17,14.85
600862,中航高科,18.87,17.15,18.0,333617.0,0.0,0.0,1.72,10.03,18.87
600863,华能蒙电,5.52,5.49,5.47,2444120.0,5.54,3849.0,0.03,0.55,5.58
600864,哈投股份,5.22,5.04,5.05,366543.0,5.24,4260.0,0.18,3.57,5.24
600865,百大集团,9.36,9.19,9.19,103981.0,9.38,39.0,0.17,1.85,9.49
600866,星湖科技,4.74,4.64,4.65,187297.0,4.77,1291.0,0.1,2.16,4.78
600867,通化东宝,7.55,7.38,7.43,218459.0,7.57,1756.0,0.17,2.3,7.56
600868,梅雁吉祥,3.03,3.02,3.04,571016.0,3.06,6887.0,0.01,0.33,3.07
600869,远东股份,32.43,29.5,29.9,2425996.0,0.0,0.0,2.93,9.93,32.45
600871,石化油服,2.24,2.22,2.18,1647413.0,2.27,25204.0,0.02,0.9,2.29
600872,中炬高新,17.82,17.52,17.56,95969.0,17.86,19.0,0.3,1.71,17.92
600873,梅花生物,8.95,8.73,8.76,435899.0,8.97,725.0,0.22,2.52,8.95
600874,创业环保,5.84,5.82,5.9,143026.0,5.86,224.0,0.02,0.34,5.92
600875,东方电气,30.3,29.49,30.0,728228.0,30.36,101.0,0.81,2.75,31.23
600876,凯盛新能,8.31,8.41,8.47,46824.0,8.34,19.0,-0.1,-1.19,8.65
600877,电科芯片,13.36,13.13,13.38,179461.0,13.38,297.0,0.23,1.75,13.66
600879,航天电子,20.01,20.12,20.46,1714200.0,20.03,855.0,-0.11,-0.55,21.15
600880,博瑞传播,4.1,4.03,4.08,191368.0,4.12,2074.0,0.07,1.74,4.13
600881,亚泰集团,1.77,1.68,1.66,1990279.0,1.8,13486.0,0.09,5.36,1.85
600882,妙可蓝多,19.51,18.92,18.79,94621.0,19.54,20.0,0.59,3.12,19.71
600883,博闻科技,7.96,7.82,7.91,42060.0,8.0,353.0,0.14,1.79,8.04
600884,杉杉股份,13.62,13.1,13.28,855136.0,13.64,1186.0,0.52,3.97,13.84
600885,宏发股份,31.53,31.69,31.99,184027.0,31.92,2.0,-0.16,-0.5,33.44
600886,国投电力,14.03,13.77,13.69,486289.0,14.05,657.0,0.26,1.89,14.1
600887,伊利股份,25.71,25.61,25.64,606879.0,25.74,290.0,0.1,0.39,25.96
600888,XD新疆众,10.92,11.01,11.26,918651.0,10.95,1142.0,-0.09,-0.82,11.51
600893,航发动力,38.82,38.19,38.88,467283.0,38.84,17.0,0.63,1.65,40.6
600894,广日股份,8.33,8.36,8.39,50013.0,8.38,36.0,-0.03,-0.36,8.5
600895,张江高科,34.28,32.47,32.54,716673.0,34.4,2.0,1.81,5.57,35.71
600897,厦门空港,16.19,15.76,15.7,64558.0,16.21,121.0,0.43,2.73,16.2
600900,长江电力,28.28,27.89,27.77,1494245.0,28.3,18388.0,0.39,1.4,28.29
600901,江苏金租,6.68,6.58,6.59,331347.0,6.7,1220.0,0.1,1.52,6.75
600903,贵州燃气,8.78,9.18,9.06,391754.0,8.84,10.0,-0.4,-4.36,9.5
600905,三峡能源,4.18,4.16,4.15,4180306.0,4.21,10.0,0.02,0.48,4.27
600906,财达证券,6.99,6.35,6.33,1635630.0,0.0,0.0,0.64,10.08,6.99
600908,无锡银行,5.59,5.5,5.48,182669.0,5.61,3019.0,0.09,1.64,5.6
600909,华安证券,7.35,7.27,7.37,2265551.0,7.38,1058.0,0.08,1.1,7.51
600916,中国黄金,7.74,7.47,7.53,398298.0,7.77,604.0,0.27,3.61,7.84
600917,重庆燃气,5.08,5.0,4.99,59271.0,5.11,1258.0,0.08,1.6,5.12
600918,中泰证券,5.34,5.19,5.21,613448.0,5.36,1852.0,0.15,2.89,5.35
600919,江苏银行,11.89,11.78,11.7,1028863.0,11.91,929.0,0.11,0.93,11.94
600925,苏能股份,4.43,4.37,4.35,169485.0,4.45,1618.0,0.06,1.37,4.43
600926,杭州银行,16.74,16.61,16.47,654642.0,16.76,938.0,0.13,0.78,16.77
600927,永安期货,12.48,12.12,12.13,66442.0,12.5,167.0,0.36,2.97,12.61
600928,西安银行,3.6,3.49,3.48,407681.0,3.62,3537.0,0.11,3.15,3.6
600929,雪天盐业,5.11,5.0,5.04,208049.0,5.14,100.0,0.11,2.2,5.17
600930,华电新能,5.81,5.69,5.69,1356303.0,5.84,6132.0,0.12,2.11,5.88
600933,爱柯迪,14.74,14.4,14.59,100502.0,14.76,93.0,0.34,2.36,14.87
600935,华塑股份,2.33,2.31,2.31,257769.0,2.35,14360.0,0.02,0.87,2.35
600936,北投科技,4.84,4.94,4.99,783332.0,4.87,1526.0,-0.1,-2.02,5.08
600938,中国海油,33.36,33.82,32.86,669674.0,33.38,77.0,-0.46,-1.36,33.99
600939,重庆建工,2.7,2.68,2.7,116343.0,2.72,1012.0,0.02,0.75,2.73
600941,中国移动,95.12,95.97,95.9,96746.0,95.16,18.0,-0.85,-0.89,96.16
600955,维远股份,15.66,15.2,15.18,53923.0,15.69,156.0,0.46,3.03,15.8
600956,新天绿能,8.35,7.86,7.86,318778.0,8.37,470.0,0.49,6.23,8.4
600958,东方证券,9.24,8.82,8.87,1080040.0,9.26,7566.0,0.42,4.76,9.29
600959,江苏有线,3.15,3.17,3.2,647439.0,3.18,1111.0,-0.02,-0.63,3.23
600960,渤海汽车,4.1,4.03,4.15,144887.0,4.12,936.0,0.07,1.74,4.17
600961,株冶集团,25.41,23.1,23.9,470495.0,0.0,0.0,2.31,10.0,25.41
600962,国投中鲁,26.21,23.83,24.15,57938.0,0.0,0.0,2.38,9.99,26.21
600963,岳阳林纸,3.6,3.49,3.54,294809.0,3.62,1752.0,0.11,3.15,3.66
600966,博汇纸业,5.39,5.23,5.28,217917.0,5.42,402.0,0.16,3.06,5.41
600967,内蒙一机,11.98,11.59,11.61,245063.0,12.01,803.0,0.39,3.36,12.13
600968,海油发展,3.89,3.82,3.78,417216.0,3.91,5282.0,0.07,1.83,3.91
600969,郴电国际,9.34,9.55,9.86,143614.0,9.36,43.0,-0.21,-2.2,10.15
600970,中材国际,8.4,8.33,8.38,190277.0,8.43,119.0,0.07,0.84,8.49
600971,恒源煤电,7.94,7.76,7.76,168075.0,7.97,186.0,0.18,2.32,7.99
600973,宝胜股份,6.39,6.35,6.37,628738.0,6.41,1036.0,0.04,0.63,6.57
600975,新五丰,4.75,4.79,4.78,126152.0,4.78,50.0,-0.04,-0.84,4.84
600976,健民集团,26.45,26.27,26.39,26964.0,26.47,33.0,0.18,0.69,26.61
600977,中国电影,13.77,13.26,13.36,493834.0,13.79,409.0,0.51,3.85,14.08
600979,广安爱众,4.73,4.99,4.99,889744.0,4.76,3378.0,-0.26,-5.21,5.0
600980,北矿科技,21.2,20.53,20.79,50670.0,21.22,2.0,0.67,3.26,21.83
600981,苏豪汇鸿,2.75,2.78,2.7,639305.0,2.78,1047.0,-0.03,-1.08,2.75
600982,宁波能源,5.51,5.56,5.58,391205.0,5.54,813.0,-0.05,-0.9,5.67
600983,惠而浦,8.7,8.63,8.57,63499.0,8.73,70.0,0.07,0.81,8.74
600984,建设机械,4.21,4.13,4.16,368705.0,4.24,694.0,0.08,1.94,4.34
600985,淮北矿业,16.62,16.42,16.0,314394.0,16.64,628.0,0.2,1.22,16.8
600986,浙文互联,7.77,7.69,7.81,515419.0,7.79,2485.0,0.08,1.04,7.9
600987,航民股份,6.46,6.38,6.38,73441.0,6.48,64.0,0.08,1.25,6.52
600988,赤峰黄金,30.37,28.26,29.26,954485.0,30.39,64.0,2.11,7.47,30.93
600989,宝丰能源,23.1,22.96,22.44,970118.0,23.13,98.0,0.14,0.61,23.55
600990,四创电子,18.9,18.15,18.47,61420.0,18.92,134.0,0.75,4.13,19.3
600992,贵绳股份,10.03,10.01,10.16,69860.0,10.05,117.0,0.02,0.2,10.3
600993,马应龙,23.83,23.32,23.32,47286.0,23.86,68.0,0.51,2.19,23.84
600995,南网储能,13.4,13.15,13.25,251506.0,13.42,191.0,0.25,1.9,13.48
600996,贵广网络,8.86,8.8,8.81,384193.0,8.89,220.0,0.06,0.68,9.14
600997,开滦股份,5.44,5.25,5.22,180536.0,5.47,718.0,0.19,3.62,5.5
600998,九州通,4.79,4.73,4.75,362403.0,4.81,5044.0,0.06,1.27,4.81
600999,招商证券,17.69,17.24,17.24,1132047.0,17.71,5055.0,0.45,2.61,17.8
601000,唐山港,4.23,4.2,4.2,506731.0,4.25,5144.0,0.03,0.71,4.25
601001,晋控煤业,20.81,20.54,19.96,344197.0,20.84,23.0,0.27,1.31,21.4
601002,晋亿实业,4.85,4.81,4.86,108106.0,4.87,2095.0,0.04,0.83,4.89
601003,柳钢股份,3.65,3.55,3.59,237180.0,3.68,1654.0,0.1,2.82,3.71
601005,重庆钢铁,1.25,1.23,1.24,813465.0,1.28,34238.0,0.02,1.63,1.27
601006,大秦铁路,5.06,5.03,5.04,871024.0,5.08,18519.0,0.03,0.6,5.07
601007,金陵饭店,6.72,6.55,6.56,79332.0,6.74,846.0,0.17,2.6,6.75
601008,连云港,4.47,4.37,4.37,104708.0,4.49,1936.0,0.1,2.29,4.49
601009,南京银行,11.83,11.68,11.67,588383.0,11.85,3706.0,0.15,1.28,11.83
601011,宝泰隆,2.92,2.85,2.83,693457.0,2.94,2619.0,0.07,2.46,2.98
601012,隆基绿能,13.46,13.64,13.63,1869736.0,13.49,779.0,-0.18,-1.32,13.87
601015,陕西黑猫,3.42,3.42,3.35,538819.0,3.45,2239.0,0.0,0.0,3.51
601016,XD节能风,3.9,3.99,3.99,2205197.0,3.93,4222.0,-0.09,-2.26,4.0
601018,宁波港,3.38,3.32,3.32,675858.0,3.4,12925.0,0.06,1.81,3.38
601019,山东出版,7.05,6.9,6.94,71466.0,7.07,456.0,0.15,2.17,7.05
601020,华钰矿业,21.58,20.54,21.05,413173.0,21.6,997.0,1.04,5.06,22.07
601021,春秋航空,45.55,44.0,44.88,117623.0,45.57,35.0,1.55,3.52,45.68
601022,宁波远洋,7.72,7.61,7.62,43469.0,7.74,558.0,0.11,1.45,7.77
601026,道生天合,15.24,14.6,14.76,59577.0,15.27,95.0,0.64,4.38,15.26
601033,永兴股份,13.86,13.59,13.69,29108.0,13.89,269.0,0.27,1.99,13.87
601038,一拖股份,11.8,11.48,11.57,75690.0,11.84,115.0,0.32,2.79,11.9
601058,赛轮轮胎,12.41,12.18,12.28,615203.0,12.44,2335.0,0.23,1.89,12.59
601059,信达证券,15.14,14.77,14.77,144789.0,15.17,350.0,0.37,2.51,15.18
601061,中信金属,11.35,11.14,11.35,279566.0,11.42,147.0,0.21,1.89,11.85
601065,江盐集团,7.4,7.25,7.25,40218.0,7.43,87.0,0.15,2.07,7.4
601066,中信建投,25.46,24.59,24.42,533883.0,25.49,194.0,0.87,3.54,25.63
601068,中铝国际,5.06,4.95,5.0,132363.0,5.08,175.0,0.11,2.22,5.13
601069,西部黄金,26.12,24.95,25.5,217834.0,26.14,111.0,1.17,4.69,26.65
601077,渝农商行,7.0,6.96,6.96,440139.0,7.03,2728.0,0.04,0.57,7.02
601083,锦江航运,11.05,10.7,10.71,100382.0,11.09,353.0,0.35,3.27,11.09
601086,国芳集团,7.12,7.0,7.0,97634.0,7.14,141.0,0.12,1.71,7.2
601088,中国神华,46.14,47.29,46.99,946837.0,46.17,13.0,-1.15,-2.43,47.0
601089,福元医药,16.58,16.4,16.62,27628.0,16.6,133.0,0.18,1.1,16.77
601096,宏盛华源,4.6,4.62,4.65,344649.0,4.63,1684.0,-0.02,-0.43,4.68
601098,中南传媒,10.71,10.72,10.79,121714.0,10.74,210.0,-0.01,-0.09,10.8
601099,太平洋,3.26,3.15,3.17,1537466.0,3.28,24625.0,0.11,3.49,3.27
601100,恒立液压,114.54,122.51,122.12,202243.0,114.65,21.0,-7.97,-6.51,123.48
601101,昊华能源,12.55,12.31,12.12,418919.0,12.57,91.0,0.24,1.95,12.88
601106,中国一重,3.51,3.42,3.45,696974.0,3.53,6823.0,0.09,2.63,3.57
601107,四川成渝,5.94,5.81,5.81,103605.0,5.96,377.0,0.13,2.24,5.94
601108,财通证券,7.69,7.33,7.39,774709.0,7.71,1799.0,0.36,4.91,7.71
601111,中国国航,6.27,5.96,6.12,1614786.0,6.3,6251.0,0.31,5.2,6.34
601112,振石股份,17.64,16.88,16.97,111838.0,17.66,564.0,0.76,4.5,17.64
601113,华鼎股份,3.92,3.93,3.94,92545.0,3.95,1408.0,-0.01,-0.25,3.97
601116,三江购物,11.24,10.95,10.95,126477.0,11.26,198.0,0.29,2.65,11.38
601117,中国化学,7.51,7.34,7.36,1270834.0,7.54,1867.0,0.17,2.32,7.62
601118,海南橡胶,5.8,5.57,5.61,741815.0,5.82,3657.0,0.23,4.13,5.82
601121,宝地矿业,6.43,6.12,6.24,169785.0,6.46,583.0,0.31,5.07,6.57
601126,四方股份,67.18,67.07,69.5,203109.0,67.28,56.0,0.11,0.16,69.5
601127,赛力斯,68.67,67.71,68.99,271425.0,68.69,16.0,0.96,1.42,69.83
601128,常熟银行,6.47,6.43,6.42,429576.0,6.5,18894.0,0.04,0.62,6.47
601133,柏诚股份,29.45,30.89,31.61,347947.0,29.48,23.0,-1.44,-4.66,31.7
601136,首创证券,14.08,13.57,13.41,223813.0,14.1,1064.0,0.51,3.76,14.15
601137,博威合金,24.41,24.71,25.01,683365.0,24.43,128.0,-0.3,-1.21,25.58
601138,工业富联,70.13,69.52,71.94,1465028.0,70.16,295.0,0.61,0.88,72.26
601139,深圳燃气,6.27,6.2,6.14,220583.0,6.29,1684.0,0.07,1.13,6.28
601155,新城控股,11.86,11.68,11.68,143429.0,11.89,21.0,0.18,1.54,12.05
601156,东航物流,16.68,16.46,16.67,172246.0,16.7,140.0,0.22,1.34,16.93
601158,XD重庆水,4.11,4.06,4.11,75230.0,4.14,1680.0,0.05,1.23,4.13
601162,天风证券,3.16,3.06,3.07,1787756.0,3.18,43985.0,0.1,3.27,3.18
601163,三角轮胎,13.01,13.03,13.09,48403.0,13.2,604.0,-0.02,-0.15,13.25
601166,XD兴业银,18.61,18.29,18.29,1510117.0,18.64,437.0,0.32,1.75,18.67
601168,西部矿业,30.71,29.54,30.4,891448.0,30.83,3.0,1.17,3.96,32.32
601169,北京银行,5.27,5.19,5.18,1608081.0,5.29,33615.0,0.08,1.54,5.27
601177,杭齿前进,13.48,13.22,13.39,84385.0,13.5,174.0,0.26,1.97,13.73
601179,中国西电,13.47,13.46,13.71,1230387.0,13.49,317.0,0.01,0.07,13.79
601186,中国铁建,6.41,6.31,6.33,626824.0,6.44,9061.0,0.1,1.58,6.44
601187,厦门银行,7.99,7.81,7.61,312932.0,8.01,161.0,0.18,2.3,8.13
601188,龙江交通,3.04,2.99,2.99,104984.0,3.06,1864.0,0.05,1.67,3.05
601198,东兴证券,12.6,12.31,12.36,301615.0,12.62,318.0,0.29,2.36,12.65
601199,江南水务,5.58,5.58,5.54,133815.0,5.61,868.0,0.0,0.0,5.68
601200,上海环境,7.23,7.21,7.22,137614.0,7.26,812.0,0.02,0.28,7.27
601208,东材科技,61.06,61.72,62.23,1228030.0,61.12,7.0,-0.66,-1.07,65.33
601211,国泰海通,17.68,17.22,17.21,2020713.0,17.71,2316.0,0.46,2.67,17.75
601212,白银有色,5.76,5.56,5.68,2329231.0,5.78,5559.0,0.2,3.6,5.99
601216,君正集团,5.26,5.04,5.04,1116541.0,5.28,12780.0,0.22,4.37,5.29
601218,吉鑫科技,4.78,4.75,4.79,247701.0,4.8,1750.0,0.03,0.63,4.85
601222,林洋能源,6.23,6.06,6.1,739499.0,6.25,1158.0,0.17,2.81,6.38
601225,陕西煤业,27.0,26.93,26.55,545373.0,27.02,908.0,0.07,0.26,27.1
601226,华电科工,6.98,6.85,6.89,120137.0,7.01,580.0,0.13,1.9,7.05
601228,广州港,3.01,2.98,2.98,269168.0,3.03,14552.0,0.03,1.01,3.02
601229,上海银行,9.36,9.14,9.11,608896.0,9.38,3075.0,0.22,2.41,9.36
601231,环旭电子,33.9,35.17,36.34,535207.0,33.95,5.0,-1.27,-3.61,37.18
601233,桐昆股份,22.3,20.27,20.8,550317.0,0.0,0.0,2.03,10.01,22.3
601236,红塔证券,6.8,6.46,6.48,500726.0,6.83,364.0,0.34,5.26,6.8
601238,广汽集团,5.88,5.75,5.77,262773.0,5.91,1100.0,0.13,2.26,5.94
601279,英利汽车,3.42,3.37,3.38,99804.0,3.44,1051.0,0.05,1.48,3.43
601288,农业银行,6.8,6.68,6.6,4600687.0,6.83,22616.0,0.12,1.8,6.81
601298,青岛港,9.24,9.24,9.27,441843.0,9.26,381.0,0.0,0.0,9.28
601311,骆驼股份,8.03,7.88,7.92,172646.0,8.05,592.0,0.15,1.9,8.09
601318,中国平安,54.01,52.64,52.46,1102953.0,54.03,81.0,1.37,2.6,54.24
601319,中国人保,7.02,6.73,6.74,1224684.0,7.04,6041.0,0.29,4.31,7.03
601326,秦港股份,3.47,3.4,3.42,310653.0,3.49,6612.0,0.07,2.06,3.5
601328,交通银行,7.14,6.97,6.93,3576055.0,7.17,18963.0,0.17,2.44,7.16
601330,绿色动力,8.54,8.15,8.18,278862.0,8.56,726.0,0.39,4.79,8.65
601333,广深铁路,3.06,3.03,3.03,892995.0,3.08,8464.0,0.03,0.99,3.06
601336,新华保险,61.46,59.22,58.62,404440.0,61.49,39.0,2.24,3.78,61.8
601339,百隆东方,7.33,7.2,7.2,131989.0,7.35,1017.0,0.13,1.81,7.4
601360,三六零,9.16,9.0,9.1,789843.0,9.19,1149.0,0.16,1.78,9.29
601366,利群股份,3.61,3.55,3.56,75637.0,3.63,1771.0,0.06,1.69,3.64
601368,绿城水务,4.41,4.34,4.38,50155.0,4.44,715.0,0.07,1.61,4.44
601369,陕鼓动力,8.93,9.0,9.0,170656.0,8.96,68.0,-0.07,-0.78,9.07
601375,中原证券,3.9,3.74,3.75,780259.0,3.93,5203.0,0.16,4.28,3.91
601377,兴业证券,6.0,5.84,5.84,1475004.0,6.02,11774.0,0.16,2.74,6.03
601388,怡球资源,3.25,3.15,3.19,575678.0,3.27,5733.0,0.1,3.17,3.32
601390,中国中铁,4.57,4.46,4.49,1922143.0,4.6,15089.0,0.11,2.47,4.62
601398,工商银行,7.78,7.66,7.59,4238547.0,7.8,64219.0,0.12,1.57,7.78
601399,国机重装,3.69,3.56,3.61,1496219.0,3.72,3434.0,0.13,3.65,3.84
601456,国联民生,9.41,9.3,9.2,1796976.0,9.45,117.0,0.11,1.18,9.71
601500,通用股份,4.01,3.95,3.96,165882.0,4.03,393.0,0.06,1.52,4.05
601512,中新集团,8.28,8.19,8.22,68317.0,8.34,65.0,0.09,1.1,8.49
601515,衢州东峰,3.74,3.67,3.68,183271.0,3.76,1079.0,0.07,1.91,3.84
601518,吉林高速,2.99,2.96,2.96,171330.0,3.01,4808.0,0.03,1.01,2.99
601519,大智慧,8.72,8.3,8.44,639162.0,8.74,1296.0,0.42,5.06,8.9
601528,瑞丰银行,4.83,4.72,4.72,180199.0,4.85,1356.0,0.11,2.33,4.83
601555,东吴证券,7.71,7.39,7.41,659881.0,7.73,4848.0,0.32,4.33,7.72
601566,九牧王,9.74,9.89,9.87,147750.0,9.77,32.0,-0.15,-1.52,9.94
601567,三星电气,14.65,13.96,14.1,440206.0,14.68,199.0,0.69,4.94,15.21
601568,北元化工,3.95,3.8,3.8,373267.0,3.98,2292.0,0.15,3.95,3.95
601577,长沙银行,9.78,9.6,9.6,236901.0,9.8,2140.0,0.18,1.88,9.78
601579,会稽山,15.7,15.41,15.05,65840.0,15.72,480.0,0.29,1.88,15.8
601588,北辰实业,1.9,1.92,1.91,859008.0,1.92,12309.0,-0.02,-1.04,1.93
601595,上海电影,18.43,17.76,17.8,56977.0,18.45,58.0,0.67,3.77,18.62
601598,中国外运,5.74,5.72,5.76,135670.0,5.76,333.0,0.02,0.35,5.78
601599,浙文影业,3.11,3.04,3.05,140445.0,3.13,2517.0,0.07,2.3,3.12
601600,中国铝业,10.8,10.33,10.47,3859744.0,10.83,1994.0,0.47,4.55,11.04
601601,中国太保,32.86,32.06,31.98,707232.0,32.89,490.0,0.8,2.5,33.1
601606,长城军工,32.01,31.51,31.12,187096.0,32.04,32.0,0.5,1.59,33.0
601607,上海医药,16.34,16.24,16.15,111381.0,16.36,656.0,0.1,0.62,16.34
601608,中信重工,5.23,5.15,5.17,520675.0,5.26,2601.0,0.08,1.55,5.3
601609,金田股份,12.55,11.41,11.78,1181859.0,0.0,0.0,1.14,9.99,12.55
601611,中国核建,10.72,10.46,10.65,283288.0,10.75,692.0,0.26,2.49,10.88
601615,明阳智能,12.11,12.11,12.35,924037.0,12.14,105.0,0.0,0.0,12.6
601616,广电电气,3.73,3.63,3.66,235089.0,3.75,895.0,0.1,2.75,3.84
601618,中国中冶,2.68,2.61,2.62,1452406.0,2.71,37584.0,0.07,2.68,2.71
601619,嘉泽新能,4.75,4.78,4.78,298050.0,4.78,1368.0,-0.03,-0.63,4.88
601628,中国人寿,35.81,34.33,34.0,813106.0,35.84,223.0,1.48,4.31,35.97
601633,长城汽车,17.6,17.52,17.41,782687.0,17.63,131.0,0.08,0.46,18.25
601636,旗滨集团,6.51,6.63,6.71,1328545.0,6.53,481.0,-0.12,-1.81,6.87
601658,邮储银行,5.2,5.1,5.07,2648467.0,5.22,17664.0,0.1,1.96,5.2
601665,齐鲁银行,6.45,6.44,6.41,568729.0,6.48,1204.0,0.01,0.16,6.49
601666,平煤股份,9.18,9.1,9.0,531991.0,9.2,588.0,0.08,0.88,9.33
601668,中国建筑,4.77,4.74,4.75,2491617.0,4.8,56138.0,0.03,0.63,4.78
601669,中国电建,4.82,4.75,4.8,1931573.0,4.85,22044.0,0.07,1.47,4.87
601677,XD明泰铝,16.98,16.49,16.8,608292.0,17.01,8.0,0.49,2.97,17.32
601678,滨化股份,5.87,5.95,5.73,2063103.0,5.89,4517.0,-0.08,-1.34,5.93
601686,友发集团,5.15,4.98,5.06,94745.0,5.17,273.0,0.17,3.41,5.15
601688,华泰证券,19.97,19.29,19.27,2342065.0,19.99,2994.0,0.68,3.53,20.07
601689,拓普集团,60.62,61.38,62.3,402932.0,60.64,24.0,-0.76,-1.24,63.29
601696,中银证券,11.54,10.49,10.52,959659.0,0.0,0.0,1.05,10.01,11.54
601698,中国卫通,33.84,31.95,32.6,1010417.0,33.87,438.0,1.89,5.92,34.5
601699,潞安环能,18.06,17.83,17.5,530690.0,18.08,51.0,0.23,1.29,18.3
601700,风范股份,4.79,4.74,4.8,112179.0,4.81,736.0,0.05,1.05,4.84
601702,华峰铝业,17.4,16.82,16.9,151764.0,17.43,320.0,0.58,3.45,17.4
601717,中创智领,17.78,17.5,17.68,217280.0,17.81,144.0,0.28,1.6,18.08
601727,上海电气,7.26,7.09,7.2,2341472.0,7.31,122.0,0.17,2.4,7.4
601728,中国电信,6.05,6.24,6.26,3149842.0,6.08,1782.0,-0.19,-3.04,6.27
601766,中国中车,5.76,5.71,5.7,2435160.0,5.79,11167.0,0.05,0.88,5.82
601777,千里科技,9.8,9.06,9.3,590938.0,9.82,600.0,0.74,8.17,9.95
601778,晶科科技,4.78,4.86,4.93,1557821.0,4.81,3284.0,-0.08,-1.65,5.02
601788,光大证券,14.29,13.94,13.85,554945.0,14.31,2498.0,0.35,2.51,14.32
601789,宁波建工,4.45,4.39,4.44,338142.0,4.48,850.0,0.06,1.37,4.52
601798,蓝科高新,7.32,7.31,7.4,89784.0,7.34,158.0,0.01,0.14,7.52
601799,星宇股份,117.88,119.58,120.51,37977.0,118.04,4.0,-1.7,-1.42,121.01
601800,中国交建,6.31,6.28,6.28,988251.0,6.34,802.0,0.03,0.48,6.43
601801,皖新传媒,5.31,5.33,5.34,314448.0,5.34,1759.0,-0.02,-0.38,5.37
601808,中海油服,12.51,12.24,12.0,340384.0,12.54,102.0,0.27,2.21,12.51
601811,XD新华文,12.1,12.19,12.23,35834.0,12.28,17.0,-0.09,-0.74,12.31
601816,京沪高铁,5.0,4.99,4.97,3061832.0,5.02,16877.0,0.01,0.2,5.0
601818,光大银行,3.23,3.17,3.16,3197306.0,3.25,86273.0,0.06,1.89,3.23
601825,沪农商行,8.88,8.8,8.81,169089.0,8.91,481.0,0.08,0.91,8.9
601827,三峰环境,7.56,7.45,7.48,54669.0,7.58,937.0,0.11,1.48,7.59
601828,美凯龙,2.32,2.28,2.3,253657.0,2.34,2730.0,0.04,1.75,2.32
601838,成都银行,20.07,19.76,19.64,325740.0,20.1,1866.0,0.31,1.57,20.14
601857,中国石油,10.38,10.37,10.15,2866761.0,10.42,411.0,0.01,0.1,10.56
601858,中国科传,21.54,20.89,20.9,85088.0,21.56,20.0,0.65,3.11,21.6
601860,紫金银行,2.68,2.65,2.65,341834.0,2.7,12634.0,0.03,1.13,2.68
601865,福莱特,10.82,10.85,10.97,228603.0,10.85,475.0,-0.03,-0.28,11.05
601866,中远海发,2.39,2.36,2.36,804607.0,2.42,35995.0,0.03,1.27,2.42
601868,中国能建,2.65,2.63,2.66,4740656.0,2.68,170015.0,0.02,0.76,2.68
601869,长飞光纤,436.5,442.51,456.51,149071.0,436.76,1.0,-6.01,-1.36,462.46
601872,招商轮船,15.6,14.42,14.77,1823232.0,15.62,1585.0,1.18,8.18,15.86
601877,正泰电器,27.19,26.7,26.85,393038.0,27.22,38.0,0.49,1.84,27.76
601878,浙商证券,9.3,9.04,9.04,490001.0,9.32,3342.0,0.26,2.88,9.32
601880,辽港股份,1.55,1.5,1.51,1507218.0,1.57,21095.0,0.05,3.33,1.55
601881,中国银河,12.4,11.96,11.99,670641.0,12.42,3119.0,0.44,3.68,12.43
601882,海天精工,19.96,19.97,20.2,69129.0,19.98,55.0,-0.01,-0.05,20.94
601886,江河集团,8.95,8.61,8.62,57070.0,8.98,34.0,0.34,3.95,8.99
601888,中国中免,58.49,57.01,56.5,554052.0,58.52,234.0,1.48,2.6,59.49
601890,亚星锚链,8.68,8.39,8.42,249385.0,8.71,440.0,0.29,3.46,8.77
601898,中煤能源,16.18,16.31,16.04,412865.0,16.2,1022.0,-0.13,-0.8,16.72
601899,紫金矿业,29.09,27.33,28.09,5098539.0,29.11,2590.0,1.76,6.44,29.76
601900,南方传媒,11.73,11.63,11.67,46031.0,11.76,383.0,0.1,0.86,11.79
601901,方正证券,6.68,6.49,6.5,910983.0,6.71,7768.0,0.19,2.93,6.71
601908,京运通,3.36,3.34,3.37,340594.0,3.38,3915.0,0.02,0.6,3.42
601916,浙商银行,3.08,3.08,3.06,1640138.0,3.11,82267.0,0.0,0.0,3.09
601918,新集能源,9.95,9.83,9.67,859238.0,9.97,219.0,0.12,1.22,9.99
601919,中远海控,14.57,14.23,14.27,1595314.0,14.59,1878.0,0.34,2.39,14.65
601921,浙版传媒,7.68,7.58,7.58,267423.0,7.71,71.0,0.1,1.32,7.8
601928,凤凰传媒,9.23,9.11,9.15,97528.0,9.26,370.0,0.12,1.32,9.25
601929,吉视传媒,2.41,2.39,2.4,646167.0,2.43,25127.0,0.02,0.84,2.44
601933,永辉超市,3.21,3.16,3.15,1085275.0,3.24,8993.0,0.05,1.58,3.28
601939,建设银行,10.7,10.6,10.49,1179191.0,10.72,3107.0,0.1,0.94,10.72
601949,中国出版,5.13,5.03,5.11,199885.0,5.15,1008.0,0.1,1.99,5.17
601952,苏垦农发,8.66,8.59,8.5,93680.0,8.69,237.0,0.07,0.81,8.74
601956,东贝集团,5.01,4.96,4.98,59419.0,5.03,2196.0,0.05,1.01,5.03
601958,金钼股份,25.52,23.2,25.52,163011.0,0.0,0.0,2.32,10.0,25.52
601963,重庆银行,11.93,11.78,11.58,223446.0,11.95,285.0,0.15,1.27,11.93
601965,中国汽研,14.07,13.85,13.95,107817.0,14.1,331.0,0.22,1.59,14.18
601966,玲珑轮胎,11.87,11.78,11.85,150068.0,11.89,104.0,0.09,0.76,12.01
601968,宝钢包装,4.45,4.24,4.25,223784.0,4.47,351.0,0.21,4.95,4.58
601969,海南矿业,9.37,9.09,9.08,256090.0,9.4,228.0,0.28,3.08,9.62
601975,招商南油,4.16,3.94,4.0,3493204.0,4.19,4609.0,0.22,5.58,4.33
601985,中国核电,9.24,9.12,9.1,1890789.0,9.26,18387.0,0.12,1.32,9.26
601988,中国银行,6.29,6.2,6.14,3350004.0,6.31,8775.0,0.09,1.45,6.29
601990,南京证券,6.63,6.35,6.37,339411.0,6.65,2011.0,0.28,4.41,6.64
601991,大唐发电,8.09,7.99,7.91,5242681.0,8.11,5406.0,0.1,1.25,8.2
601992,金隅集团,1.52,1.5,1.51,515471.0,1.55,23439.0,0.02,1.33,1.54
601995,中金公司,32.82,31.73,31.76,239646.0,32.84,280.0,1.09,3.44,32.98
601996,丰林集团,2.71,2.46,2.49,824130.0,0.0,0.0,0.25,10.16,2.71
601997,贵阳银行,5.81,5.72,5.7,560305.0,5.83,5328.0,0.09,1.57,5.81
601998,中信银行,7.68,7.64,7.55,567678.0,7.71,686.0,0.04,0.52,7.72
601999,出版传媒,6.06,5.71,5.74,212114.0,6.08,95.0,0.35,6.13,6.28
603000,人民网,16.3,16.03,16.13,173656.0,16.32,246.0,0.27,1.68,16.33
603001,奥康国际,9.64,9.58,9.77,197232.0,9.66,167.0,0.06,0.63,9.98
603002,XD宏昌电,17.43,17.89,17.96,1001368.0,17.45,330.0,-0.46,-2.57,18.5
603004,鼎龙科技,20.23,19.78,20.08,38302.0,20.27,32.0,0.45,2.28,20.62
603005,晶方科技,41.02,44.11,45.1,873038.0,41.04,142.0,-3.09,-7.01,45.8
603006,联明股份,12.79,12.99,12.99,49788.0,12.83,17.0,-0.2,-1.54,13.25
603007,顺景科技,5.35,5.34,5.45,352655.0,5.37,468.0,0.01,0.19,5.51
603009,北特科技,42.67,43.36,43.95,100520.0,42.69,20.0,-0.69,-1.59,45.41
603010,万盛股份,13.23,14.01,13.94,163820.0,13.25,5.0,-0.78,-5.57,14.35
603011,合锻智能,31.11,33.6,32.64,723429.0,31.13,27.0,-2.49,-7.41,34.13
603012,创力集团,7.61,7.65,7.71,239484.0,7.63,23.0,-0.04,-0.52,8.0
603013,亚普股份,17.15,16.89,17.34,34522.0,17.27,1.0,0.26,1.54,17.61
603014,威高血净,36.53,33.21,34.09,90354.0,0.0,0.0,3.32,10.0,36.53
603015,XD弘讯科,13.27,12.64,12.9,397378.0,13.29,196.0,0.63,4.98,13.9
603016,新宏泰,36.09,37.24,37.78,53022.0,36.14,50.0,-1.15,-3.09,38.27
603017,中衡设计,11.07,10.87,10.97,67925.0,11.1,139.0,0.2,1.84,11.36
603018,华设集团,6.84,6.72,6.76,30882.0,6.86,766.0,0.12,1.79,6.86
603019,中科曙光,82.15,81.37,83.0,349840.0,82.18,315.0,0.78,0.96,83.47
603020,爱普股份,13.04,11.85,11.98,238468.0,0.0,0.0,1.19,10.04,13.04
603022,新通联,9.3,9.24,9.31,34451.0,9.33,131.0,0.06,0.65,9.42
603023,威帝股份,3.99,3.91,3.95,91394.0,4.02,944.0,0.08,2.05,4.02
603025,大豪科技,13.84,13.81,13.97,83581.0,13.86,22.0,0.03,0.22,14.18
603026,石大胜华,86.35,81.88,82.0,194216.0,86.37,2.0,4.47,5.46,87.34
603027,千禾味业,7.95,7.85,7.84,188598.0,7.97,297.0,0.1,1.27,8.05
603028,赛福天,7.48,7.38,7.57,35597.0,7.51,5.0,0.1,1.36,7.6
603029,天鹅股份,15.7,15.6,15.79,19595.0,15.8,117.0,0.1,0.64,15.95
603030,全筑股份,2.24,2.29,2.25,707067.0,2.27,1100.0,-0.05,-2.18,2.32
603031,安孚科技,50.83,51.6,52.98,139699.0,50.85,27.0,-0.77,-1.49,53.78
603032,德新科技,21.89,21.97,22.41,93863.0,21.92,23.0,-0.08,-0.36,22.59
603033,三维股份,9.43,9.48,9.5,95445.0,9.46,91.0,-0.05,-0.53,9.75
603035,常熟汽饰,11.65,11.5,11.55,34130.0,11.67,243.0,0.15,1.3,11.68
603036,如通股份,14.56,13.24,13.43,148273.0,0.0,0.0,1.32,9.97,14.56
603037,XD凯众股,11.68,11.56,11.7,33985.0,11.71,22.0,0.12,1.04,11.83
603038,华立股份,15.58,15.79,15.92,47740.0,15.6,59.0,-0.21,-1.33,16.1
603039,泛微网络,47.61,45.56,45.11,311581.0,47.64,13.0,2.05,4.5,48.2
603040,新坐标,88.73,85.71,87.0,34244.0,88.82,1.0,3.02,3.52,90.85
603041,美思德,11.74,11.68,11.77,23656.0,11.76,21.0,0.06,0.51,11.88
603042,华脉科技,18.08,18.56,18.84,109172.0,18.11,42.0,-0.48,-2.59,18.86
603043,广州酒家,14.17,14.0,14.01,25204.0,14.2,148.0,0.17,1.21,14.18
603045,福达合金,72.86,76.01,77.3,148823.0,72.9,17.0,-3.15,-4.14,79.91
603048,浙江黎明,19.42,19.09,19.33,25221.0,19.45,24.0,0.33,1.73,19.54
603049,中策橡胶,47.74,45.24,45.5,38278.0,47.76,16.0,2.5,5.53,47.94
603050,科林电气,20.73,19.26,19.65,170383.0,20.75,69.0,1.47,7.63,21.19
603051,鹿山新材,20.48,20.85,21.03,57759.0,20.5,10.0,-0.37,-1.77,21.34
603052,可川科技,82.53,85.8,87.8,44372.0,82.59,6.0,-3.27,-3.81,88.0
603053,成都燃气,9.03,8.89,8.88,29264.0,9.05,141.0,0.14,1.57,9.03
603055,台华新材,8.3,8.09,8.15,70841.0,8.32,735.0,0.21,2.6,8.4
603057,紫燕食品,25.56,23.82,23.95,32899.0,25.61,7.0,1.74,7.3,25.56
603058,永吉股份,9.98,9.48,9.65,124714.0,10.0,392.0,0.5,5.27,10.17
603059,倍加洁,26.83,25.78,25.8,14922.0,26.85,28.0,1.05,4.07,27.11
603060,国检集团,7.61,7.49,7.45,444518.0,7.64,275.0,0.12,1.6,8.14
603061,金海通,314.18,322.06,333.33,26434.0,314.49,1.0,-7.88,-2.45,336.66
603062,麦加芯彩,42.42,43.1,43.35,6148.0,42.46,23.0,-0.68,-1.58,43.5
603063,禾望电气,46.88,49.92,51.13,407632.0,46.9,36.0,-3.04,-6.09,51.88
603065,宿迁联盛,13.6,12.36,13.6,98637.0,0.0,0.0,1.24,10.03,13.6
603066,音飞储存,10.27,10.22,10.31,57909.0,10.34,9.0,0.05,0.49,10.38
603067,振华股份,32.04,31.89,32.8,236294.0,32.09,219.0,0.15,0.47,33.49
603068,博通集成,32.09,31.91,32.54,36302.0,32.15,31.0,0.18,0.56,33.87
603069,海汽集团,14.21,13.92,14.1,41211.0,14.23,18.0,0.29,2.08,14.37
603070,万控智造,14.58,14.31,14.38,81464.0,14.66,80.0,0.27,1.89,14.88
603071,物产环能,12.32,11.9,11.95,41519.0,12.35,152.0,0.42,3.53,12.41
603072,天和磁材,38.02,35.9,36.21,81227.0,38.05,88.0,2.12,5.91,38.6
603073,彩蝶实业,17.01,16.91,16.93,15214.0,17.03,8.0,0.1,0.59,17.15
603075,热威股份,22.62,22.51,22.64,28183.0,22.65,41.0,0.11,0.49,23.13
603076,乐惠国际,23.0,22.9,23.01,24286.0,23.04,5.0,0.1,0.44,23.33
603077,和邦生物,2.42,2.36,2.38,2235065.0,2.45,19010.0,0.06,2.54,2.46
603078,江化微,41.72,46.36,47.0,522148.0,41.74,16.0,-4.64,-10.01,47.0
603079,圣达生物,13.1,12.77,12.86,19216.0,13.12,22.0,0.33,2.58,13.2
603080,新疆火炬,20.74,20.3,20.28,25346.0,20.76,94.0,0.44,2.17,20.98
603081,大丰实业,9.7,9.61,9.72,27468.0,9.73,423.0,0.09,0.94,9.78
603082,北自科技,32.81,32.4,32.71,31497.0,32.84,28.0,0.41,1.27,33.78
603083,剑桥科技,182.99,171.08,177.0,382675.0,183.02,1.0,11.91,6.96,188.19
603085,天成自控,11.74,11.43,11.66,115462.0,11.77,156.0,0.31,2.71,12.23
603086,先达股份,5.92,5.77,5.85,74823.0,5.94,243.0,0.15,2.6,5.96
603087,甘李药业,55.62,55.81,55.4,57991.0,55.64,18.0,-0.19,-0.34,55.99
603088,宁波精达,9.82,9.92,10.02,80927.0,9.85,7.0,-0.1,-1.01,10.23
603089,正裕工业,9.52,9.5,9.57,20656.0,9.54,298.0,0.02,0.21,9.7
603090,宏盛股份,56.26,57.64,58.7,32255.0,56.28,1.0,-1.38,-2.39,59.85
603091,众鑫股份,66.27,66.1,66.67,5714.0,66.46,1.0,0.17,0.26,67.97
603092,德力佳,59.33,56.29,56.9,21029.0,59.48,5.0,3.04,5.4,59.33
603093,南华期货,19.12,18.07,18.33,179817.0,19.14,595.0,1.05,5.81,19.42
603095,越剑智能,17.55,17.63,17.9,54631.0,17.61,161.0,-0.08,-0.45,18.47
603096,新经典,15.11,14.8,14.89,14815.0,15.13,4.0,0.31,2.09,15.29
603097,江苏华辰,24.75,24.77,24.9,15573.0,24.77,41.0,-0.02,-0.08,25.28
603098,森特股份,11.66,11.76,11.77,49061.0,11.68,150.0,-0.1,-0.85,11.93
603099,长白山,38.11,36.86,36.84,94604.0,38.14,18.0,1.25,3.39,38.53
603100,川仪股份,18.27,18.05,18.01,31074.0,18.31,60.0,0.22,1.22,18.46
603101,汇嘉时代,6.89,6.79,6.84,71957.0,6.92,13.0,0.1,1.47,6.97
603102,百合股份,35.08,34.66,34.93,4193.0,35.22,2.0,0.42,1.21,35.45
603103,横店影视,18.82,20.91,19.54,243845.0,18.84,76.0,-2.09,-10.0,19.97
603105,芯能科技,7.7,7.62,7.67,110852.0,7.73,465.0,0.08,1.05,7.78
603106,恒银科技,7.14,7.0,7.02,65425.0,7.16,539.0,0.14,2.0,7.22
603107,上海汽配,12.5,12.41,12.51,15856.0,12.54,40.0,0.09,0.73,12.57
603108,润达医疗,10.45,10.21,10.22,185297.0,10.48,735.0,0.24,2.35,10.62
603109,神驰机电,18.43,18.37,18.6,25411.0,18.46,215.0,0.06,0.33,19.0
603110,东方材料,21.13,21.03,21.6,98451.0,21.15,58.0,0.1,0.48,22.0
603111,康尼机电,6.24,6.03,6.1,68600.0,6.27,531.0,0.21,3.48,6.25
603112,华翔股份,18.26,18.25,18.5,94257.0,18.28,1000.0,0.01,0.05,18.6
603113,金能科技,4.88,4.79,4.83,94290.0,4.9,680.0,0.09,1.88,4.92
603115,海星股份,90.12,91.99,95.58,78785.0,90.18,2.0,-1.87,-2.03,96.33
603116,红蜻蜓,6.89,6.94,6.97,79846.0,6.93,318.0,-0.05,-0.72,6.98
603117,万林物流,3.96,3.93,3.96,73281.0,3.99,325.0,0.03,0.76,3.98
603118,共进股份,12.16,11.91,12.12,262434.0,12.18,1769.0,0.25,2.1,12.43
603119,浙江荣泰,74.0,71.0,71.47,306068.0,74.02,19.0,3.0,4.23,74.55
603120,肯特催化,57.84,52.58,53.9,100784.0,0.0,0.0,5.26,10.0,57.84
603121,华培动力,14.67,14.72,15.0,53219.0,14.69,42.0,-0.05,-0.34,15.07
603122,合富中国,12.12,11.9,11.91,106629.0,12.14,249.0,0.22,1.85,12.23
603123,翠微股份,9.13,9.0,9.08,144104.0,9.15,230.0,0.13,1.44,9.23
603124,江南新材,178.7,178.8,178.0,63673.0,178.75,19.0,-0.1,-0.06,187.78
603125,常青科技,24.21,24.45,24.76,65412.0,24.23,19.0,-0.24,-0.98,25.27
603126,中材节能,7.55,7.45,7.53,118717.0,7.57,12.0,0.1,1.34,7.64
603127,昭衍新药,32.52,31.39,31.6,190564.0,32.55,17.0,1.13,3.6,32.93
603128,华贸物流,5.3,5.27,5.3,88962.0,5.35,2437.0,0.03,0.57,5.35
603129,春风动力,225.17,220.49,223.3,17686.0,225.7,2.0,4.68,2.12,226.0
603130,云中马,43.68,44.0,44.5,12068.0,43.81,1.0,-0.32,-0.73,44.81
603131,上海沪工,18.66,18.09,18.39,111685.0,18.68,133.0,0.57,3.15,19.11
603132,金徽股份,16.89,15.86,16.11,77801.0,16.91,17.0,1.03,6.49,16.96
603135,中重科技,12.02,12.8,12.8,531492.0,12.05,117.0,-0.78,-6.09,13.25
603136,天目湖,9.11,8.85,8.88,32002.0,9.13,294.0,0.26,2.94,9.13
603137,恒尚节能,11.76,11.54,11.58,18836.0,11.79,84.0,0.22,1.91,11.8
603138,海量数据,16.21,16.35,16.55,77785.0,16.25,35.0,-0.14,-0.86,16.84
603139,康惠股份,36.48,39.72,39.73,72608.0,36.52,7.0,-3.24,-8.16,39.92
603150,万朗磁塑,76.43,76.57,77.72,37115.0,76.47,15.0,-0.14,-0.18,79.79
603151,邦基科技,12.57,12.18,12.29,24269.0,12.59,91.0,0.39,3.2,12.63
603153,上海建科,13.92,13.67,13.72,13071.0,14.01,45.0,0.25,1.83,14.0
603155,新亚强,22.61,25.12,23.8,311251.0,22.63,45.0,-2.51,-9.99,24.88
603156,养元饮品,41.37,40.8,41.0,104375.0,41.4,11.0,0.57,1.4,41.73
603158,腾龙股份,12.76,13.03,13.29,278364.0,12.78,1462.0,-0.27,-2.07,13.37
603159,上海亚虹,26.0,26.5,26.5,30787.0,26.2,51.0,-0.5,-1.89,26.83
603160,汇顶科技,55.99,57.11,57.7,88347.0,56.02,60.0,-1.12,-1.96,58.77
603161,科华控股,14.52,14.44,14.72,47206.0,14.55,16.0,0.08,0.55,14.98
603162,海通发展,9.8,9.81,9.9,127393.0,9.85,41.0,-0.01,-0.1,10.01
603163,XD圣晖集,113.27,114.38,115.99,56969.0,113.29,8.0,-1.11,-0.97,118.5
603165,荣晟环保,15.33,14.8,15.0,110635.0,15.41,15.0,0.53,3.58,16.28
603166,福达股份,13.17,12.95,12.95,107630.0,13.2,162.0,0.22,1.7,13.33
603167,渤海轮渡,9.07,9.04,9.04,26667.0,9.09,1074.0,0.03,0.33,9.08
603168,莎普爱思,5.41,5.31,5.38,57357.0,5.43,1341.0,0.1,1.88,5.44
603169,兰石重装,7.37,7.26,7.36,185159.0,7.39,452.0,0.11,1.52,7.41
603170,宝立食品,12.17,11.64,11.65,33603.0,12.2,291.0,0.53,4.55,12.19
603171,税友股份,45.42,43.8,44.49,63204.0,45.45,45.0,1.62,3.7,45.78
603172,万丰股份,19.05,18.5,18.83,23587.0,19.15,24.0,0.55,2.97,19.37
603173,福斯达,34.66,34.44,34.78,15142.0,34.68,112.0,0.22,0.64,34.94
603175,超颖电子,83.98,78.58,81.0,64661.0,84.0,169.0,5.4,6.87,86.44
603176,汇通集团,4.83,4.82,4.9,30131.0,4.85,294.0,0.01,0.21,4.9
603177,德创环保,9.44,9.33,9.39,27684.0,9.47,45.0,0.11,1.18,9.55
603178,圣龙股份,16.25,16.02,16.22,51787.0,16.28,105.0,0.23,1.44,16.35
603179,新泉股份,48.48,50.5,51.29,262750.0,48.5,160.0,-2.02,-4.0,51.75
603180,金牌家居,17.48,15.89,16.02,46450.0,0.0,0.0,1.59,10.01,17.48
603181,皇马科技,15.39,14.42,14.43,193138.0,15.41,180.0,0.97,6.73,15.71
603182,嘉华股份,12.89,12.71,12.8,23478.0,12.93,53.0,0.18,1.42,12.98
603183,建研院,3.83,3.76,3.8,95050.0,3.86,1610.0,0.07,1.86,3.85
603185,弘元绿能,17.57,17.83,17.66,186068.0,17.59,81.0,-0.26,-1.46,17.97
603186,华正新材,170.3,170.38,176.0,212147.0,170.35,2.0,-0.08,-0.05,187.42
603187,海容冷链,12.38,12.13,12.15,46868.0,12.42,2.0,0.25,2.06,12.51
603188,亚邦股份,4.31,4.26,4.3,101065.0,4.33,345.0,0.05,1.17,4.37
603190,亚通精工,25.49,25.08,25.29,13106.0,25.51,83.0,0.41,1.63,25.53
603191,望变电气,15.75,15.7,15.9,81596.0,15.77,55.0,0.05,0.32,16.09
603192,汇得科技,19.05,18.77,18.85,11242.0,19.07,73.0,0.28,1.49,19.09
603193,润本股份,21.6,21.06,21.19,26185.0,21.62,147.0,0.54,2.56,21.68
603194,中力股份,38.61,38.54,38.2,43391.0,38.66,11.0,0.07,0.18,38.61
603195,公牛集团,39.98,40.49,40.69,115978.0,40.02,33.0,-0.51,-1.26,40.74
603196,璞源材料,21.85,21.34,21.57,47785.0,21.87,168.0,0.51,2.39,22.24
603197,保隆科技,28.63,28.19,28.44,38639.0,29.0,103.0,0.44,1.56,29.18
603198,XD迎驾贡,33.08,32.86,32.86,53668.0,33.18,1.0,0.22,0.67,33.78
603199,九华旅游,33.29,32.3,32.5,15929.0,33.32,20.0,0.99,3.07,33.32
603200,上海洗霸,46.6,44.68,45.0,48877.0,46.63,79.0,1.92,4.3,47.28
603201,常润股份,18.24,18.7,18.71,32656.0,18.27,5.0,-0.46,-2.46,18.71
603202,天有为,67.7,67.96,67.98,13225.0,67.73,31.0,-0.26,-0.38,68.96
603203,快克智能,54.1,59.1,58.51,290418.0,54.14,1.0,-5.0,-8.46,64.4
603205,健尔康,22.53,21.79,22.05,11629.0,22.61,5.0,0.74,3.4,23.0
603206,嘉环科技,18.3,17.81,17.71,187960.0,18.32,337.0,0.49,2.75,18.4
603207,小方制药,22.48,22.07,22.16,11013.0,22.51,17.0,0.41,1.86,22.48
603208,江山欧派,11.91,11.6,11.67,25773.0,11.93,102.0,0.31,2.67,12.05
603209,兴通股份,13.11,12.84,12.98,25352.0,13.13,178.0,0.27,2.1,13.14
603210,泰鸿万立,14.62,14.71,14.85,44773.0,14.65,432.0,-0.09,-0.61,14.85
603211,晋拓股份,29.78,33.09,33.09,168885.0,29.8,149.0,-3.31,-10.0,33.1
603212,赛伍技术,16.48,15.67,15.58,385504.0,16.5,3789.0,0.81,5.17,16.5
603213,镇洋发展,14.75,14.93,14.84,63821.0,14.8,70.0,-0.18,-1.21,14.96
603214,爱婴室,13.7,13.47,13.47,22109.0,13.72,7.0,0.23,1.71,13.75
603215,比依股份,14.76,14.6,14.85,15411.0,14.78,10.0,0.16,1.1,14.95
603216,梦天家居,22.87,22.35,22.75,38462.0,22.9,37.0,0.52,2.33,23.05
603217,元利科技,23.78,23.45,23.5,33424.0,23.8,11.0,0.33,1.41,23.78
603218,日月股份,10.71,10.63,10.7,75510.0,10.73,47.0,0.08,0.75,10.82
603219,富佳股份,14.82,14.82,14.91,35521.0,14.84,1.0,0.0,0.0,15.09
603220,中贝通信,22.42,22.87,23.31,342441.0,22.45,159.0,-0.45,-1.97,23.39
603221,爱丽家居,12.51,12.21,12.26,48232.0,12.55,25.0,0.3,2.46,12.89
603222,济民健康,8.14,7.99,7.99,101765.0,8.17,49.0,0.15,1.88,8.21
603223,恒通股份,9.25,9.06,9.07,114236.0,9.28,190.0,0.19,2.1,9.59
603225,新凤鸣,20.16,18.33,18.84,274204.0,0.0,0.0,1.83,9.98,20.16
603226,菲林格尔,55.87,55.7,55.64,47352.0,55.9,51.0,0.17,0.31,57.65
603227,雪峰科技,8.01,7.84,7.77,58017.0,8.03,265.0,0.17,2.17,8.06
603228,景旺电子,73.1,75.8,78.0,394069.0,73.5,7.0,-2.7,-3.56,78.0
603229,奥翔药业,8.52,8.65,8.65,75573.0,8.62,10.0,-0.13,-1.5,8.74
603230,内蒙新华,9.75,9.52,9.5,17589.0,9.77,261.0,0.23,2.42,9.75
603231,索宝蛋白,15.75,15.32,15.32,22086.0,15.78,46.0,0.43,2.81,15.86
603232,格尔软件,16.03,15.99,16.2,83622.0,16.05,166.0,0.04,0.25,16.4
603233,大参林,17.18,16.45,16.45,84912.0,17.2,14.0,0.73,4.44,17.23
603235,天新药业,23.56,23.05,23.2,4259.0,23.61,49.0,0.51,2.21,23.7
603236,移远通信,55.5,56.15,56.36,102551.0,55.53,15.0,-0.65,-1.16,56.74
603237,五芳斋,15.35,14.48,14.48,43514.0,15.38,95.0,0.87,6.01,15.88
603238,诺邦股份,12.63,12.31,12.37,24792.0,12.65,169.0,0.32,2.6,12.7
603239,浙江仙通,17.38,16.92,17.07,49761.0,17.4,193.0,0.46,2.72,17.73
603248,锡华科技,23.78,23.07,23.53,52284.0,23.8,219.0,0.71,3.08,23.78
603255,鼎际得,31.98,30.0,30.6,20769.0,32.0,181.0,1.98,6.6,31.98
603256,宏和科技,207.89,211.0,216.0,182911.0,208.59,8.0,-3.11,-1.47,225.01
603257,中国瑞林,68.76,66.08,66.11,35603.0,68.8,70.0,2.68,4.06,70.0
603258,电魂网络,13.29,13.08,13.11,22418.0,13.31,40.0,0.21,1.61,13.37
603259,药明康德,99.71,97.07,97.5,612700.0,99.73,94.0,2.64,2.72,99.9
603260,合盛硅业,43.36,41.4,41.0,289874.0,43.38,127.0,1.96,4.73,44.87
603262,技源集团,26.61,26.1,26.37,27769.0,26.7,6.0,0.51,1.95,26.88
603266,天龙股份,17.18,17.19,17.39,24891.0,17.21,98.0,-0.01,-0.06,17.49
603267,鸿远电子,62.2,66.7,68.12,217825.0,62.25,34.0,-4.5,-6.75,68.36
603268,松发股份,147.86,144.9,146.0,65552.0,147.89,2.0,2.96,2.04,150.7
603269,海鸥股份,22.81,21.22,21.56,384435.0,22.84,29.0,1.59,7.49,23.34
603270,金帝股份,28.9,30.1,30.0,88721.0,28.93,3.0,-1.2,-3.99,30.23
603271,永杰新材,45.3,45.01,45.5,21974.0,45.35,1.0,0.29,0.64,45.59
603273,天元智能,14.41,14.45,14.4,34623.0,14.45,86.0,-0.04,-0.28,14.73
603275,众辰科技,39.44,39.08,39.38,11287.0,39.48,3.0,0.36,0.92,40.25
603276,恒兴新材,17.53,17.46,17.13,138459.0,17.57,47.0,0.07,0.4,17.77
603277,银都股份,10.96,10.97,11.05,10902.0,11.02,30.0,-0.01,-0.09,11.08
603278,大业股份,11.83,12.06,12.18,349276.0,11.85,364.0,-0.23,-1.91,12.36
603279,景津装备,13.52,13.44,13.71,95708.0,13.55,287.0,0.08,0.6,13.78
603280,南方路机,27.82,27.35,27.86,10176.0,27.84,3.0,0.47,1.72,27.91
603281,江瀚新材,34.58,34.6,34.28,38278.0,34.6,53.0,-0.02,-0.06,35.36
603282,亚光股份,15.06,14.89,15.04,11607.0,15.09,2.0,0.17,1.14,15.26
603283,赛腾股份,50.9,50.93,53.6,480579.0,50.94,6.0,-0.03,-0.06,56.02
603284,林平发展,39.07,38.58,38.75,8311.0,39.1,26.0,0.49,1.27,39.2
603285,键邦股份,45.1,45.75,44.91,51004.0,45.19,20.0,-0.65,-1.42,48.28
603286,日盈电子,54.35,54.28,55.12,33519.0,54.39,19.0,0.07,0.13,59.25
603288,海天味业,35.53,35.17,35.0,196870.0,35.56,472.0,0.36,1.02,35.68
603289,泰瑞机器,8.98,9.05,9.12,62941.0,9.0,120.0,-0.07,-0.77,9.28
603290,斯达半导,109.0,111.45,114.44,71609.0,109.03,2.0,-2.45,-2.2,115.33
603291,联合水务,9.1,9.17,9.15,77190.0,9.12,32.0,-0.07,-0.76,9.57
603293,埃泰克,40.09,39.63,39.97,19152.0,40.11,5.0,0.46,1.16,40.74
603296,华勤技术,102.77,104.78,106.5,178324.0,103.3,2.0,-2.01,-1.92,108.8
603297,永新光学,117.3,117.96,120.99,13120.0,117.5,6.0,-0.66,-0.56,122.79
603298,杭叉集团,24.65,23.13,23.78,105312.0,24.67,10.0,1.52,6.57,24.99
603299,苏盐井神,10.15,9.81,9.81,63519.0,10.17,195.0,0.34,3.47,10.18
603300,海南华铁,5.09,4.96,4.99,439786.0,5.11,2256.0,0.13,2.62,5.14
603301,振德医疗,85.6,84.07,84.24,70099.0,85.65,46.0,1.53,1.82,86.45
603303,XD得邦照,32.7,32.0,31.3,152716.0,32.73,306.0,0.7,2.19,34.22
603305,旭升集团,13.73,13.39,13.68,267496.0,13.75,500.0,0.34,2.54,14.02
603306,华懋科技,100.98,102.7,105.98,146188.0,101.13,1.0,-1.72,-1.67,108.09
603307,扬州金泉,25.94,25.97,26.03,6886.0,26.05,37.0,-0.03,-0.12,26.37
603308,应流股份,60.15,57.39,59.47,397926.0,60.17,104.0,2.76,4.81,63.13
603309,维力医疗,11.73,11.4,11.45,37826.0,11.75,287.0,0.33,2.89,11.73
603310,巍华新材,15.6,15.71,15.61,28453.0,15.65,40.0,-0.11,-0.7,15.75
603311,金海高科,38.51,38.93,39.17,194320.0,38.56,12.0,-0.42,-1.08,41.19
603312,西典新能,34.1,33.24,33.5,13824.0,34.14,58.0,0.86,2.59,34.69
603313,梦百合,5.31,5.13,5.13,118643.0,5.33,667.0,0.18,3.51,5.32
603315,福鞍股份,16.25,16.5,16.01,232521.0,16.29,23.0,-0.25,-1.52,17.14
603316,诚邦股份,19.18,19.53,19.95,181870.0,19.21,63.0,-0.35,-1.79,20.31
603317,天味食品,13.82,13.56,13.5,107663.0,13.84,100.0,0.26,1.92,13.97
603318,水发燃气,9.16,9.85,9.4,842694.0,9.19,129.0,-0.69,-7.01,9.85
603319,美湖股份,36.3,34.01,35.31,472465.0,36.38,28.0,2.29,6.73,37.41
603320,迪贝电气,19.67,19.38,19.57,21320.0,19.75,31.0,0.29,1.5,20.08
603321,梅轮电梯,6.35,6.31,6.35,41953.0,6.38,141.0,0.04,0.63,6.44
603322,超讯通信,28.01,27.81,28.11,47454.0,28.03,51.0,0.2,0.72,28.6
603323,苏农银行,4.89,4.76,4.76,401518.0,4.91,4964.0,0.13,2.73,4.9
603324,盛剑科技,33.76,33.83,35.12,178626.0,33.79,40.0,-0.07,-0.21,37.21
603325,博隆技术,58.98,58.99,59.0,4807.0,59.01,10.0,-0.01,-0.02,59.68
603326,我乐家居,6.99,6.91,6.97,37339.0,7.01,124.0,0.08,1.16,7.12
603327,福蓉科技,9.71,9.8,9.83,228170.0,9.73,389.0,-0.09,-0.92,10.06
603328,依顿电子,13.38,13.98,13.81,609878.0,13.4,1056.0,-0.6,-4.29,14.14
603329,上海雅仕,9.97,9.82,9.82,40763.0,10.02,5.0,0.15,1.53,10.18
603330,天洋新材,8.54,8.84,8.85,526556.0,8.57,28.0,-0.3,-3.39,9.23
603331,百达精工,11.84,11.9,12.09,49230.0,11.87,22.0,-0.06,-0.5,12.19
603332,苏州龙杰,11.47,11.18,11.26,38363.0,11.49,414.0,0.29,2.59,11.47
603333,福华尚纬,8.51,8.9,8.9,241336.0,8.54,50.0,-0.39,-4.38,8.93
603334,丰倍生物,41.15,39.33,39.6,21893.0,41.18,32.0,1.82,4.63,41.94
603335,迪生力,8.05,7.32,8.05,54292.0,0.0,0.0,0.73,9.97,8.05
603336,宏辉果蔬,8.76,8.85,8.88,115980.0,8.79,10.0,-0.09,-1.02,9.2
603337,杰克科技,38.45,38.35,38.45,34717.0,38.48,18.0,0.1,0.26,39.55
603338,浙江鼎力,49.34,48.5,49.57,38747.0,49.44,4.0,0.84,1.73,50.06
603339,四方科技,12.73,12.71,12.78,24739.0,12.77,121.0,0.02,0.16,12.93
603341,龙旗科技,35.65,35.39,35.88,98342.0,35.69,5.0,0.26,0.73,36.78
603344,星德胜,28.73,28.7,28.95,34966.0,28.75,7.0,0.03,0.1,29.57
603345,安井食品,90.18,88.5,88.0,50589.0,90.22,30.0,1.68,1.9,90.81
603348,文灿股份,14.92,14.5,14.55,39317.0,14.96,25.0,0.42,2.9,15.41
603350,安乃达,30.01,29.55,29.65,4956.0,30.04,23.0,0.46,1.56,30.26
603351,威尔药业,25.59,25.63,25.77,6701.0,25.69,27.0,-0.04,-0.16,25.91
603352,至信股份,28.05,27.58,27.58,13962.0,28.07,11.0,0.47,1.7,28.18
603353,和顺石油,38.77,38.2,38.2,79600.0,38.82,1.0,0.57,1.49,41.5
603355,莱克电气,27.4,27.05,27.0,44953.0,27.43,3.0,0.35,1.29,27.6
603356,华菱精工,18.34,17.46,17.66,55560.0,18.4,44.0,0.88,5.04,18.65
603357,设计总院,6.72,6.62,6.67,30372.0,6.75,790.0,0.1,1.51,6.77
603358,华达科技,38.51,37.43,37.29,118632.0,38.58,141.0,1.08,2.89,39.03
603360,百傲化学,18.83,19.4,19.52,154960.0,18.86,1.0,-0.57,-2.94,19.84
603363,傲农生物,2.95,2.9,2.92,326927.0,2.97,8462.0,0.05,1.72,2.97
603365,水星家纺,18.6,18.1,18.28,21053.0,18.62,49.0,0.5,2.76,18.66
603366,日出东方,6.97,6.85,6.9,86482.0,6.99,1154.0,0.12,1.75,7.01
603367,辰欣药业,13.27,13.03,13.03,65834.0,13.29,226.0,0.24,1.84,13.28
603368,柳药集团,16.61,16.51,16.49,55751.0,16.64,40.0,0.1,0.61,16.71
603369,今世缘,25.06,24.37,24.3,146977.0,25.13,7.0,0.69,2.83,25.72
603370,华新精科,43.35,42.27,42.1,8243.0,43.38,10.0,1.08,2.56,43.45
603373,安邦护卫,32.93,32.64,33.21,23477.0,32.95,20.0,0.29,0.89,33.44
603375,盛景微,49.85,50.9,51.4,37519.0,49.9,37.0,-1.05,-2.06,52.4
603376,大明电子,26.89,25.91,25.9,14404.0,26.91,9.0,0.98,3.78,26.91
603379,三美股份,63.58,61.1,61.79,195480.0,63.67,1.0,2.48,4.06,64.64
603380,易德龙,35.22,35.07,35.9,29441.0,35.26,1.0,0.15,0.43,36.88
603381,永臻股份,17.09,16.95,16.88,39357.0,17.11,69.0,0.14,0.83,17.29
603382,海阳科技,20.16,19.81,18.68,53114.0,20.18,635.0,0.35,1.77,20.39
603383,顶点软件,28.69,27.63,27.89,69055.0,28.82,6.0,1.06,3.84,29.36
603385,惠达卫浴,5.47,5.37,5.4,36517.0,5.49,298.0,0.1,1.86,5.55
603386,骏亚科技,17.23,18.1,18.1,274736.0,17.25,924.0,-0.87,-4.81,18.66
603387,基蛋生物,8.14,7.98,8.09,78530.0,8.16,599.0,0.16,2.01,8.15
603390,通达电气,11.3,11.22,11.44,51535.0,11.32,124.0,0.08,0.71,11.45
603391,力聚热能,55.8,52.9,52.0,8986.0,55.9,7.0,2.9,5.48,55.8
603392,万泰生物,29.52,28.93,29.32,119154.0,29.55,57.0,0.59,2.04,29.52
603393,新天然气,27.18,28.06,27.0,115516.0,27.22,5.0,-0.88,-3.14,27.88
603395,红四方,22.71,23.21,22.95,43711.0,22.74,10.0,-0.5,-2.15,22.95
603396,XD金辰股,29.41,28.97,29.19,24716.0,29.44,4.0,0.44,1.52,29.89
603399,永杉锂业,20.45,19.18,19.75,1580118.0,20.47,75.0,1.27,6.62,20.83
603400,华之杰,59.03,58.86,59.5,7807.0,59.15,1.0,0.17,0.29,60.69
603402,DR陕西旅,72.45,71.15,70.58,17128.0,72.6,1.0,1.3,1.83,72.45
603406,天富龙,28.11,27.35,27.75,14586.0,28.15,16.0,0.76,2.78,28.4
603407,长裕集团,51.95,50.13,49.8,36978.0,51.98,30.0,1.82,3.63,52.4
603408,建霖家居,10.29,10.03,10.03,17344.0,10.32,59.0,0.26,2.59,10.3
603409,汇通控股,31.76,35.28,31.75,77381.0,31.78,15.0,-3.52,-9.98,33.8
603416,信捷电气,53.4,54.01,54.9,36211.0,53.49,4.0,-0.61,-1.13,55.78
603418,友升股份,49.59,48.47,48.48,22465.0,49.63,2.0,1.12,2.31,49.59
603421,鼎信通讯,6.55,6.46,6.49,82151.0,6.57,310.0,0.09,1.39,6.64
603435,嘉德利,60.91,64.2,65.47,90074.0,60.94,1.0,-3.29,-5.12,65.89
603439,三力制药,14.95,15.47,15.56,154494.0,15.02,1275.0,-0.52,-3.36,15.95
603444,吉比特,338.6,327.42,330.0,23960.0,338.66,1.0,11.18,3.41,343.9
603456,九洲药业,12.78,12.18,12.18,188835.0,12.8,903.0,0.6,4.93,12.78
603458,勘设股份,12.97,13.39,13.44,146376.0,13.04,372.0,-0.42,-3.14,13.73
603459,红板科技,75.67,78.8,81.22,170830.0,75.71,7.0,-3.13,-3.97,82.0
603466,风语筑,11.45,10.83,9.9,1095273.0,11.48,558.0,0.62,5.72,11.91
603477,巨星农牧,14.12,13.9,13.76,95885.0,14.15,80.0,0.22,1.58,14.2
603486,科沃斯,54.48,55.68,56.4,111493.0,54.51,35.0,-1.2,-2.16,56.5
603488,展鹏科技,12.09,12.1,12.19,125952.0,12.11,34.0,-0.01,-0.08,12.43
603489,八方股份,31.37,31.23,31.66,16619.0,31.41,13.0,0.14,0.45,31.89
603496,恒为科技,21.84,21.44,21.66,85542.0,21.86,29.0,0.4,1.87,22.1
603499,翔港科技,18.05,16.84,17.2,66348.0,18.08,77.0,1.21,7.19,18.29
603500,祥和实业,12.86,13.12,12.99,417000.0,12.89,27.0,-0.26,-1.98,13.09
603501,豪威集团,86.01,85.17,86.9,214113.0,86.06,7.0,0.84,0.99,87.25
603505,金石资源,18.77,18.87,19.2,348892.0,18.8,581.0,-0.1,-0.53,19.44
603506,南都物业,10.63,10.51,10.53,23849.0,10.67,13.0,0.12,1.14,10.81
603507,振江股份,36.51,35.85,36.58,47386.0,36.57,1.0,0.66,1.84,37.15
603508,思维列控,21.79,21.71,21.82,34010.0,21.82,164.0,0.08,0.37,22.07
603511,爱慕股份,12.57,12.36,12.48,13802.0,12.61,19.0,0.21,1.7,12.64
603515,欧普照明,18.86,18.36,18.4,14152.0,18.9,1.0,0.5,2.72,19.08
603516,淳中科技,111.27,113.95,115.9,83273.0,111.3,4.0,-2.68,-2.35,119.45
603518,锦泓集团,8.37,8.19,8.2,45572.0,8.39,827.0,0.18,2.2,8.4
603519,立霸股份,13.64,12.4,12.66,199846.0,0.0,0.0,1.24,10.0,13.64
603520,司太立,9.37,9.19,9.32,138241.0,9.4,433.0,0.18,1.96,9.46
603527,众源新材,13.63,13.4,13.5,319417.0,13.66,31.0,0.23,1.72,14.07
603528,多伦科技,7.13,6.48,6.55,284883.0,0.0,0.0,0.65,10.03,7.13
603529,爱玛科技,20.88,20.02,20.12,90186.0,20.9,399.0,0.86,4.3,21.08
603530,神马电力,53.15,51.1,51.75,42039.0,53.2,2.0,2.05,4.01,54.79
603533,掌阅科技,19.97,19.95,20.19,163578.0,20.0,121.0,0.02,0.1,20.53
603535,嘉诚国际,6.68,6.57,6.57,37697.0,6.7,245.0,0.11,1.67,6.75
603536,惠发食品,8.96,8.76,8.72,43277.0,8.98,248.0,0.2,2.28,8.99
603538,美诺华,38.4,36.99,37.73,194340.0,38.43,14.0,1.41,3.81,39.06
603551,奥普科技,9.85,10.04,10.04,50302.0,9.89,52.0,-0.19,-1.89,10.09
603556,海兴电力,23.79,23.56,23.8,38397.0,23.81,40.0,0.23,0.98,24.05
603558,健盛集团,12.01,11.65,11.75,44631.0,12.04,4.0,0.36,3.09,12.1
603565,中谷物流,9.92,9.7,9.71,299199.0,9.96,900.0,0.22,2.27,10.01
603566,普莱柯,10.47,10.23,10.25,29005.0,10.49,158.0,0.24,2.35,10.47
603567,珍宝岛,6.0,5.95,5.9,230582.0,6.02,96.0,0.05,0.84,6.0
603568,伟明环保,16.2,16.18,16.15,105217.0,16.22,42.0,0.02,0.12,16.35
603569,长久物流,6.23,6.1,6.11,91704.0,6.25,229.0,0.13,2.13,6.3
603577,汇金通,9.25,9.24,9.43,28934.0,9.27,39.0,0.01,0.11,9.43
603578,三星新材,12.84,12.98,12.86,51851.0,12.87,125.0,-0.14,-1.08,13.28
603579,荣泰健康,18.73,18.39,18.65,21174.0,18.75,45.0,0.34,1.85,18.83
603583,捷昌驱动,24.13,23.84,24.0,45424.0,24.16,87.0,0.29,1.22,24.79
603585,苏利股份,15.31,14.93,15.0,42436.0,15.34,68.0,0.38,2.55,15.47
603586,金麒麟,18.42,18.28,18.33,44017.0,18.44,108.0,0.14,0.77,18.51
603587,地素时尚,12.17,11.99,12.1,17611.0,12.23,111.0,0.18,1.5,12.28
603588,高能环境,14.21,13.68,13.99,675439.0,14.24,102.0,0.53,3.87,14.49
603589,口子窖,20.25,19.95,19.9,85255.0,20.31,3.0,0.3,1.5,20.55
603590,康辰药业,29.93,29.45,30.04,28301.0,29.95,13.0,0.48,1.63,30.28
603596,伯特利,27.54,26.3,26.6,277108.0,27.57,80.0,1.24,4.71,28.68
603598,引力传媒,18.9,19.04,19.34,209352.0,18.92,21.0,-0.14,-0.74,19.55
603599,广信股份,11.02,10.43,10.47,229938.0,11.04,150.0,0.59,5.66,11.25
603600,永艺股份,9.83,9.59,9.67,45911.0,9.85,98.0,0.24,2.5,9.88
603601,再升科技,13.51,13.86,14.01,1651897.0,13.53,792.0,-0.35,-2.53,14.44
603602,纵横通信,12.72,12.74,12.88,62675.0,12.75,83.0,-0.02,-0.16,13.24
603605,珀莱雅,67.2,63.4,63.01,96106.0,67.22,48.0,3.8,5.99,67.92
603606,东方电缆,41.6,40.42,40.02,367160.0,41.63,9.0,1.18,2.92,42.4
603607,京华激光,21.62,21.47,21.6,31037.0,21.65,10.0,0.15,0.7,22.3
603608,天创时尚,26.39,24.45,24.66,487985.0,26.43,26.0,1.94,7.93,26.39
603609,禾丰股份,6.12,6.11,6.12,42350.0,6.14,37.0,0.01,0.16,6.19
603610,麒盛科技,17.32,16.94,17.01,76643.0,17.35,138.0,0.38,2.24,17.42
603611,诺力股份,17.62,16.98,17.1,51933.0,17.64,346.0,0.64,3.77,17.9
603612,索通发展,19.95,19.19,19.4,128602.0,19.98,202.0,0.76,3.96,20.29
603613,国联股份,19.77,19.96,20.1,174240.0,19.79,104.0,-0.19,-0.95,20.42
603615,茶花股份,17.45,17.39,17.68,27621.0,17.47,5.0,0.06,0.35,17.73
603616,韩建河山,6.67,6.56,6.16,822660.0,6.7,534.0,0.11,1.68,6.96
603617,君禾股份,7.32,7.36,7.42,156290.0,7.34,47.0,-0.04,-0.54,7.67
603618,杭电股份,38.86,41.4,41.0,773698.0,38.88,62.0,-2.54,-6.14,42.22
603619,中曼石油,24.84,24.27,23.36,242977.0,24.88,85.0,0.57,2.35,24.92
603626,科森科技,21.1,21.31,21.55,241039.0,21.13,5.0,-0.21,-0.99,21.85
603628,清源股份,10.38,10.31,10.37,46349.0,10.4,30.0,0.07,0.68,10.56
603629,利通电子,152.15,139.3,143.5,334730.0,152.18,3.0,12.85,9.22,153.23
603630,拉芳家化,13.23,12.8,12.95,42119.0,13.26,86.0,0.43,3.36,13.37
603633,徕木股份,7.51,7.47,7.55,193975.0,7.53,331.0,0.04,0.54,7.85
603636,南威软件,8.73,8.84,9.02,195732.0,8.76,723.0,-0.11,-1.24,9.05
603637,镇海股份,18.1,17.29,17.3,121486.0,18.12,817.0,0.81,4.68,18.35
603638,艾迪精密,23.26,23.53,23.55,141148.0,23.3,47.0,-0.27,-1.15,24.08
603639,海利尔,10.91,10.8,10.8,15531.0,10.93,44.0,0.11,1.02,10.97
603648,畅联股份,8.78,8.58,8.61,29852.0,8.81,69.0,0.2,2.33,8.82
603650,彤程新材,59.43,64.3,65.59,525502.0,59.47,29.0,-4.87,-7.57,66.8
603655,朗博科技,33.11,32.32,32.75,14664.0,33.15,5.0,0.79,2.44,33.49
603656,泰禾智能,18.22,18.03,18.2,40065.0,18.26,24.0,0.19,1.05,18.8
603657,春光科技,22.93,25.48,25.73,73898.0,22.95,8.0,-2.55,-10.01,25.76
603658,安图生物,31.26,31.06,30.85,48774.0,31.36,42.0,0.2,0.64,31.72
603659,璞泰来,28.34,27.23,27.59,474543.0,28.36,341.0,1.11,4.08,28.66
603660,苏州科达,11.13,11.03,11.13,176738.0,11.16,44.0,0.1,0.91,11.21
603661,恒林股份,35.44,36.17,36.52,47357.0,35.48,13.0,-0.73,-2.02,37.0
603662,柯力传感,64.34,64.97,66.0,164750.0,64.37,46.0,-0.63,-0.97,69.7
603663,三祥新材,72.6,74.39,76.0,265904.0,72.66,8.0,-1.79,-2.41,79.5
603665,康隆达,26.03,26.36,26.23,17541.0,26.25,3.0,-0.33,-1.25,26.55
603666,亿嘉和,26.26,26.6,26.85,48314.0,26.3,48.0,-0.34,-1.28,27.96
603667,XD五洲新,63.93,64.89,66.0,194972.0,63.96,50.0,-0.96,-1.48,66.39
603668,天马科技,11.39,11.19,11.19,66303.0,11.41,68.0,0.2,1.79,11.41
603669,灵康药业,4.69,4.57,4.64,235635.0,4.72,2633.0,0.12,2.63,4.72
603676,卫信康,8.97,8.9,8.88,19688.0,9.0,14.0,0.07,0.79,9.05
603677,奇精机械,14.61,14.6,14.6,19747.0,14.64,45.0,0.01,0.07,14.88
603678,火炬电子,58.15,61.91,62.83,551103.0,58.17,23.0,-3.76,-6.07,63.7
603679,华体科技,18.67,18.59,18.59,91849.0,18.69,39.0,0.08,0.43,19.0
603680,今创集团,11.14,11.06,11.06,36115.0,11.17,162.0,0.08,0.72,11.25
603681,永冠新材,24.9,23.4,23.7,236639.0,24.94,2.0,1.5,6.41,25.74
603682,锦和商管,8.39,8.29,8.46,86521.0,8.41,29.0,0.1,1.21,8.59
603683,晶华新材,30.17,30.1,30.2,131032.0,30.19,124.0,0.07,0.23,31.2
603685,晨丰科技,30.19,30.0,30.17,20015.0,30.21,12.0,0.19,0.63,31.59
603686,福龙马,14.43,14.04,14.18,128416.0,14.45,339.0,0.39,2.78,14.53
603687,大胜达,18.38,19.0,19.0,474452.0,18.41,178.0,-0.62,-3.26,19.13
603688,石英股份,70.89,76.15,79.06,585578.0,70.92,23.0,-5.26,-6.91,83.0
603689,皖天然气,7.76,7.67,7.65,41421.0,7.8,318.0,0.09,1.17,7.79
603690,至纯科技,26.68,28.46,29.06,403540.0,26.71,5.0,-1.78,-6.25,29.2
603693,江苏新能,14.6,14.18,14.2,153833.0,14.63,38.0,0.42,2.96,14.7
603696,安记食品,12.8,12.48,12.5,39436.0,12.82,29.0,0.32,2.56,12.85
603697,有友食品,11.45,11.17,11.05,112259.0,11.48,398.0,0.28,2.51,11.48
603698,航天工程,30.93,30.24,30.6,151610.0,30.95,96.0,0.69,2.28,32.0
603699,纽威股份,51.96,51.8,52.99,64165.0,52.01,8.0,0.16,0.31,53.5
603700,宁水集团,10.7,10.64,10.72,29220.0,10.72,53.0,0.06,0.56,10.91
603701,德宏股份,22.71,22.54,22.63,52272.0,22.79,10.0,0.17,0.75,23.16
603703,盛洋科技,11.17,11.42,11.54,121563.0,11.19,868.0,-0.25,-2.19,11.77
603706,东方环宇,20.21,20.33,20.48,18203.0,20.31,9.0,-0.12,-0.59,20.65
603707,健友股份,7.75,7.52,7.52,142126.0,7.77,190.0,0.23,3.06,7.75
603708,家家悦,9.74,9.55,9.48,65372.0,9.76,524.0,0.19,1.99,9.76
603709,中源家居,15.36,15.09,15.22,22391.0,15.4,30.0,0.27,1.79,15.6
603711,香飘飘,13.13,12.91,12.97,36287.0,13.15,11.0,0.22,1.7,13.18
603712,七一二,13.79,13.26,13.4,235326.0,13.81,32.0,0.53,4.0,14.05
603713,密尔克卫,57.65,54.69,54.7,45323.0,57.67,26.0,2.96,5.41,58.17
603716,塞力医疗,15.86,15.32,15.61,93163.0,15.88,181.0,0.54,3.52,16.14
603717,天域生物,6.37,6.47,6.48,100904.0,6.39,629.0,-0.1,-1.55,6.5
603719,良品铺子,9.63,9.18,9.22,74499.0,9.65,383.0,0.45,4.9,9.76
603721,中广天择,18.54,18.52,18.6,42900.0,18.59,20.0,0.02,0.11,18.96
603722,阿科力,39.96,39.66,40.0,52275.0,40.0,3.0,0.3,0.76,42.0
603725,天安新材,10.88,11.11,11.33,138023.0,10.9,241.0,-0.23,-2.07,11.36
603726,朗迪集团,25.3,25.79,25.98,52279.0,25.33,5.0,-0.49,-1.9,26.89
603727,博迈科,14.01,13.93,13.86,30912.0,14.04,3.0,0.08,0.57,14.19
603728,鸣志电器,60.7,61.22,61.99,131171.0,60.77,17.0,-0.52,-0.85,64.28
603730,岱美股份,12.5,12.91,13.08,292637.0,12.52,3.0,-0.41,-3.18,13.24
603733,仙鹤股份,28.96,27.12,27.0,309794.0,28.98,3.0,1.84,6.78,29.83
603737,三棵树,27.0,26.19,26.36,88638.0,27.04,17.0,0.81,3.09,27.18
603738,泰晶科技,51.74,47.04,50.0,173431.0,0.0,0.0,4.7,9.99,51.74
603739,蔚蓝生物,12.57,12.3,12.3,21134.0,12.6,110.0,0.27,2.2,12.62
603755,日辰股份,26.72,26.56,26.84,19400.0,26.86,6.0,0.16,0.6,27.17
603757,大元泵业,46.9,46.69,47.56,67354.0,46.92,44.0,0.21,0.45,48.18
603758,秦安股份,10.21,9.99,10.03,38559.0,10.24,157.0,0.22,2.2,10.28
603759,海天股份,7.6,7.46,7.58,47044.0,7.63,294.0,0.14,1.88,7.61
603766,隆鑫通用,12.66,12.31,12.42,222476.0,12.7,58.0,0.35,2.84,12.94
603767,中马传动,15.92,15.86,16.22,61710.0,15.95,78.0,0.06,0.38,16.3
603768,常青股份,10.52,10.5,10.58,43629.0,10.58,85.0,0.02,0.19,10.85
603773,沃格光电,129.8,139.46,137.07,546066.0,129.86,15.0,-9.66,-6.93,149.87
603776,永安行,20.2,19.49,19.25,40215.0,20.22,18.0,0.71,3.64,20.49
603777,来伊份,16.22,15.98,16.3,93427.0,16.27,79.0,0.24,1.5,17.1
603778,国晟科技,18.24,19.8,19.5,743229.0,18.26,2.0,-1.56,-7.88,19.7
603779,威龙股份,8.03,7.98,8.02,245893.0,8.06,239.0,0.05,0.63,8.18
603786,科博达,46.38,45.41,45.8,32916.0,46.4,84.0,0.97,2.14,47.3
603787,新日股份,9.91,9.66,9.74,37111.0,9.94,3.0,0.25,2.59,9.98
603788,宁波高发,14.62,14.75,14.9,20334.0,14.68,30.0,-0.13,-0.88,14.98
603790,雅运股份,25.12,26.14,26.0,35485.0,25.19,112.0,-1.02,-3.9,26.28
603797,联泰环保,4.19,4.12,4.14,47628.0,4.22,511.0,0.07,1.7,4.23
603798,康普顿,16.03,16.09,16.0,87185.0,16.06,5.0,-0.06,-0.37,16.8
603799,华友钴业,50.22,47.53,48.48,1109040.0,50.24,293.0,2.69,5.66,51.9
603800,洪田股份,68.03,74.3,75.79,150935.0,68.05,9.0,-6.27,-8.44,76.5
603801,志邦家居,6.83,6.69,6.7,33021.0,6.86,210.0,0.14,2.09,6.91
603803,瑞斯康达,11.5,11.6,11.84,146875.0,11.53,28.0,-0.1,-0.86,11.88
603806,福斯特,14.82,15.23,15.5,449185.0,14.84,519.0,-0.41,-2.69,15.77
603808,歌力思,9.11,9.07,9.09,46546.0,9.14,95.0,0.04,0.44,9.15
603809,豪能股份,10.5,10.42,10.5,247719.0,10.52,726.0,0.08,0.77,10.58
603810,丰山集团,12.45,12.44,12.55,21135.0,12.51,8.0,0.01,0.08,12.76
603811,诚意药业,10.54,10.26,10.3,35363.0,10.57,23.0,0.28,2.73,10.54
603815,交建股份,6.07,5.52,5.59,202268.0,0.0,0.0,0.55,9.96,6.07
603816,顾家家居,27.13,27.02,27.08,77770.0,27.19,10.0,0.11,0.41,27.48
603817,海峡环保,5.89,5.81,5.82,86319.0,5.91,639.0,0.08,1.38,5.91
603818,曲美家居,3.01,2.91,2.96,140391.0,3.03,1817.0,0.1,3.44,3.02
603819,XD神力股,11.62,11.52,11.68,36745.0,11.66,5.0,0.1,0.87,11.86
603823,百合花,43.01,42.63,40.63,288017.0,43.05,27.0,0.38,0.89,44.27
603826,坤彩科技,31.45,31.06,30.44,103364.0,31.49,112.0,0.39,1.26,31.85
603829,洛凯股份,19.5,19.18,19.18,51386.0,19.52,34.0,0.32,1.67,20.22
603833,欧派家居,35.65,34.66,34.95,67012.0,35.67,11.0,0.99,2.86,35.65
603836,海程邦达,11.87,11.78,11.99,19862.0,11.9,65.0,0.09,0.76,12.01
603839,安正时尚,6.57,6.45,6.5,33639.0,6.6,118.0,0.12,1.86,6.59
603848,好太太,13.99,13.57,13.56,18171.0,14.01,20.0,0.42,3.1,14.07
603855,华荣股份,17.44,17.45,17.51,24511.0,17.47,10.0,-0.01,-0.06,17.74
603856,东宏股份,12.55,11.86,11.99,82019.0,12.57,503.0,0.69,5.82,12.67
603858,步长制药,15.22,14.48,14.56,68587.0,15.25,174.0,0.74,5.11,15.28
603859,能科科技,51.41,51.89,48.7,517506.0,51.43,235.0,-0.48,-0.93,55.65
603860,中公高科,26.73,26.6,26.64,13176.0,26.78,7.0,0.13,0.49,27.02
603861,白云电器,15.4,14.7,14.12,350694.0,15.43,78.0,0.7,4.76,15.95
603863,松炀资源,15.53,15.08,15.2,56740.0,15.62,2.0,0.45,2.98,15.74
603866,桃李面包,4.1,4.1,4.11,318779.0,4.13,1975.0,0.0,0.0,4.13
603867,新化股份,39.04,39.8,40.08,108643.0,39.1,29.0,-0.76,-1.91,40.95
603868,飞科电器,33.9,34.09,34.57,14072.0,33.93,206.0,-0.19,-0.56,34.57
603871,嘉友国际,12.39,11.75,11.65,140969.0,12.42,177.0,0.64,5.45,12.43
603876,鼎胜新材,26.47,25.23,25.47,363842.0,26.5,246.0,1.24,4.91,27.07
603877,太平鸟,13.51,13.13,13.11,40259.0,13.54,67.0,0.38,2.89,13.55
603878,武进不锈,6.29,5.9,5.91,350348.0,6.32,68.0,0.39,6.61,6.49
603879,永悦科技,4.85,4.73,4.8,80441.0,4.87,127.0,0.12,2.54,4.89
603880,南卫股份,7.58,7.54,7.56,49076.0,7.61,11.0,0.04,0.53,7.78
603881,数据港,30.85,31.19,31.6,285898.0,30.88,260.0,-0.34,-1.09,31.75
603882,金域医学,25.28,23.55,23.68,88935.0,25.31,24.0,1.73,7.35,25.84
603883,老百姓,12.1,11.68,11.74,130749.0,12.13,77.0,0.42,3.6,12.17
603885,吉祥航空,11.35,10.68,10.9,481791.0,11.37,192.0,0.67,6.27,11.45
603886,元祖股份,12.52,13.08,12.68,171704.0,12.56,18.0,-0.56,-4.28,13.0
603887,城地香江,10.62,10.46,10.55,151274.0,10.64,515.0,0.16,1.53,10.75
603888,新华网,18.06,17.99,18.06,123542.0,18.08,316.0,0.07,0.39,18.24
603889,新澳股份,6.06,6.1,6.09,145613.0,6.08,488.0,-0.04,-0.66,6.13
603890,春秋电子,22.84,22.8,22.88,632475.0,22.87,256.0,0.04,0.18,23.8
603893,瑞芯微,160.51,160.08,163.59,83240.0,160.54,4.0,0.43,0.27,166.16
603895,天永智能,30.05,30.45,30.66,18121.0,30.1,4.0,-0.4,-1.31,31.5
603896,寿仙谷,15.61,15.87,15.88,32271.0,15.65,106.0,-0.26,-1.64,16.06
603897,长城科技,35.79,36.24,36.95,80897.0,35.89,6.0,-0.45,-1.24,38.0
603898,好莱客,12.75,13.08,13.2,78507.0,12.77,231.0,-0.33,-2.52,13.2
603899,晨光股份,22.58,22.17,22.28,58598.0,22.6,109.0,0.41,1.85,22.7
603900,莱绅通灵,6.41,6.24,6.28,77757.0,6.43,211.0,0.17,2.72,6.53
603901,永创智能,10.77,10.69,10.7,62018.0,10.79,510.0,0.08,0.75,10.95
603903,中持股份,11.6,11.63,11.71,65779.0,11.63,48.0,-0.03,-0.26,11.95
603906,龙蟠科技,24.32,23.38,23.85,444457.0,24.35,117.0,0.94,4.02,24.75
603908,牧高笛,19.63,19.4,19.69,11950.0,19.68,15.0,0.23,1.19,19.87
603909,建发合诚,9.71,9.48,9.63,24375.0,9.73,199.0,0.23,2.43,9.85
603912,佳力图,8.1,8.2,8.3,128454.0,8.14,78.0,-0.1,-1.22,8.41
603915,XD国茂股,15.1,15.21,15.41,124182.0,15.12,272.0,-0.11,-0.72,15.77
603916,苏博特,14.35,13.39,13.57,508446.0,14.4,120.0,0.96,7.17,14.73
603917,合力科技,11.73,11.87,11.97,51054.0,11.77,20.0,-0.14,-1.18,12.15
603918,金桥信息,10.56,10.46,10.6,83613.0,10.58,277.0,0.1,0.96,10.74
603919,金徽酒,18.7,18.15,17.99,81905.0,18.72,229.0,0.55,3.03,19.0
603920,世运电路,52.71,53.25,54.5,247078.0,52.73,35.0,-0.54,-1.01,55.3
603926,铁流股份,19.37,19.05,19.22,47516.0,19.39,93.0,0.32,1.68,19.62
603927,中科软,14.66,14.38,14.53,133116.0,14.68,279.0,0.28,1.95,14.66
603928,兴业股份,15.09,15.01,15.28,50802.0,15.15,50.0,0.08,0.53,15.48
603929,亚翔集成,218.08,230.86,242.8,113689.0,218.32,5.0,-12.78,-5.54,246.98
603931,格林达,53.83,59.81,62.0,155586.0,53.85,100.0,-5.98,-10.0,62.99
603933,睿能科技,22.21,21.81,22.2,47907.0,22.23,25.0,0.4,1.83,22.77
603936,博敏电子,23.41,23.72,25.0,859643.0,23.44,208.0,-0.31,-1.31,25.73
603937,丽岛新材,13.58,13.35,13.42,57821.0,13.62,93.0,0.23,1.72,13.82
603938,三孚股份,53.07,58.97,58.17,408843.0,53.09,32.0,-5.9,-10.01,58.89
603939,益丰药房,21.75,20.82,20.83,179348.0,21.77,10.0,0.93,4.47,21.88
603948,建业股份,25.84,24.86,25.2,40808.0,25.87,1.0,0.98,3.94,26.19
603949,雪龙集团,14.63,14.62,14.82,23304.0,14.66,60.0,0.01,0.07,14.9
603950,长源东谷,59.54,59.13,60.31,57528.0,59.58,5.0,0.41,0.69,61.8
603955,大千生态,24.91,23.09,23.8,52661.0,24.94,117.0,1.82,7.88,25.4
603956,威派格,4.59,4.58,4.63,134873.0,4.62,185.0,0.01,0.22,4.66
603958,哈森股份,19.09,19.05,19.01,39025.0,19.15,3.0,0.04,0.21,19.6
603960,克来机电,19.62,19.72,19.8,102652.0,19.66,50.0,-0.1,-0.51,20.59
603966,法兰泰克,9.05,8.92,9.0,114347.0,9.07,205.0,0.13,1.46,9.17
603967,中创物流,11.97,11.76,11.77,24760.0,12.0,13.0,0.21,1.79,12.03
603968,醋化股份,10.85,10.3,10.28,84654.0,10.87,125.0,0.55,5.34,11.28
603969,银龙股份,7.7,7.62,7.76,115653.0,7.72,1107.0,0.08,1.05,7.98
603970,XD中农立,10.74,10.64,10.75,21803.0,10.79,29.0,0.1,0.94,10.85
603976,正川股份,27.19,25.0,24.76,128296.0,27.21,150.0,2.19,8.76,27.5
603977,国泰集团,12.75,12.83,12.8,159652.0,12.77,38.0,-0.08,-0.62,13.23
603978,深圳新星,25.74,24.64,25.0,191842.0,25.76,9.0,1.1,4.46,27.1
603979,金诚信,70.76,68.11,69.88,102935.0,70.82,22.0,2.65,3.89,73.2
603980,吉华集团,5.65,5.39,5.43,237217.0,5.67,412.0,0.26,4.82,5.85
603982,泉峰汽车,6.34,6.3,6.33,55055.0,6.37,308.0,0.04,0.63,6.41
603983,丸美生物,22.25,21.37,21.3,25720.0,22.27,71.0,0.88,4.12,22.61
603985,恒润股份,23.59,23.26,23.65,171736.0,23.61,160.0,0.33,1.42,24.3
603986,兆易创新,481.47,483.5,508.0,407085.0,481.49,12.0,-2.03,-0.42,510.0
603987,康德莱,7.29,7.19,7.22,39770.0,7.32,366.0,0.1,1.39,7.3
603988,中电电机,19.26,19.14,19.18,51191.0,19.28,17.0,0.12,0.63,19.83
603989,艾华集团,28.76,30.59,31.18,224107.0,28.8,28.0,-1.83,-5.98,31.37
603990,麦迪科技,22.04,20.04,20.24,167120.0,0.0,0.0,2.0,9.98,22.04
603991,领先股份,122.55,120.21,123.93,57865.0,122.71,1.0,2.34,1.95,125.5
603992,松霖科技,33.19,31.91,31.9,100999.0,33.21,4.0,1.28,4.01,33.51
603993,洛阳钼业,19.11,17.37,18.36,4553240.0,0.0,0.0,1.74,10.02,19.11
603995,甬金股份,19.63,19.03,19.03,112584.0,19.66,360.0,0.6,3.15,19.95
603997,继峰股份,13.82,13.83,14.11,134901.0,13.84,24.0,-0.01,-0.07,14.12
603998,方盛制药,9.87,9.67,9.68,59683.0,9.9,224.0,0.2,2.07,9.87
603999,读者传媒,5.53,5.43,5.46,70939.0,5.55,515.0,0.1,1.84,5.58
000001,平安银行,11.24,10.94,11.0,2032355.0,11.26,11304.0,0.3,2.74,11.25
000002,万  科Ａ,3.16,3.12,3.14,1414476.0,3.18,25659.0,0.04,1.28,3.19
000006,深振业Ａ,7.85,7.85,7.85,237790.0,7.87,340.0,0.0,0.0,8.03
000007,全新好,14.08,13.93,14.19,107596.0,14.11,201.0,0.15,1.08,14.34
000008,神州高铁,2.45,2.4,2.41,267046.0,2.47,3514.0,0.05,2.08,2.46
000009,中国宝安,7.06,6.85,6.92,369129.0,7.08,1502.0,0.21,3.07,7.11
000011,深物业A,7.51,7.19,7.24,67597.0,7.54,84.0,0.32,4.45,7.72
000012,南  玻Ａ,4.0,4.08,4.11,591900.0,4.02,4221.0,-0.08,-1.96,4.15
000014,沙河股份,10.31,10.15,10.19,39033.0,10.33,550.0,0.16,1.58,10.41
000017,深中华A,5.14,5.02,5.06,92271.0,5.16,411.0,0.12,2.39,5.21
000019,深粮控股,6.59,6.55,6.53,166146.0,6.64,1336.0,0.04,0.61,6.79
000020,深华发Ａ,11.69,11.69,11.75,29879.0,11.72,32.0,0.0,0.0,11.94
000021,深科技,37.09,39.08,40.42,1445141.0,37.12,365.0,-1.99,-5.09,40.55
000025,特  力Ａ,15.22,15.27,15.31,77359.0,15.26,47.0,-0.05,-0.33,15.42
000026,飞亚达,20.41,20.97,21.2,116005.0,20.45,30.0,-0.56,-2.67,21.58
000027,深圳能源,7.2,7.1,7.15,456182.0,7.22,977.0,0.1,1.41,7.29
000028,国药一致,22.65,22.31,22.33,20655.0,22.68,83.0,0.34,1.52,22.65
000029,深深房Ａ,25.34,25.46,25.43,94959.0,25.36,113.0,-0.12,-0.47,26.09
000030,富奥股份,4.35,4.29,4.32,131509.0,4.37,1878.0,0.06,1.4,4.39
000031,大悦城,2.5,2.47,2.49,398987.0,2.53,2126.0,0.03,1.21,2.56
000032,深桑达Ａ,18.92,17.2,17.4,1055556.0,0.0,0.0,1.72,10.0,18.92
000034,神州数码,22.33,22.15,22.65,256346.0,22.36,130.0,0.18,0.81,22.86
000035,中国天楹,5.0,5.0,5.02,352173.0,5.02,750.0,0.0,0.0,5.08
000036,华联控股,5.14,4.96,5.03,322352.0,5.16,1647.0,0.18,3.63,5.18
000037,深南电A,11.25,11.54,11.6,418305.0,11.28,319.0,-0.29,-2.51,11.67
000039,中集集团,8.97,9.26,9.29,656609.0,9.0,1402.0,-0.29,-3.13,9.38
000042,中洲控股,8.95,8.95,8.96,75443.0,8.99,172.0,0.0,0.0,9.06
000045,深纺织Ａ,10.66,10.6,10.74,55149.0,10.69,20.0,0.06,0.57,10.85
000048,京基智农,18.91,19.61,19.39,821956.0,19.0,2.0,-0.7,-3.57,21.18
000049,德赛电池,22.88,22.41,22.63,73226.0,22.91,8.0,0.47,2.1,23.05
000050,深天马Ａ,7.51,7.66,7.87,585581.0,7.54,593.0,-0.15,-1.96,8.08
000055,方大集团,3.8,3.7,3.74,278510.0,3.83,1144.0,0.1,2.7,3.84
000058,深 赛 格,6.88,6.73,6.72,63795.0,6.91,839.0,0.15,2.23,6.95
000059,华锦股份,4.28,4.23,4.23,228657.0,4.3,498.0,0.05,1.18,4.33
000060,中金岭南,7.56,7.17,7.34,3382302.0,7.58,4370.0,0.39,5.44,7.82
000061,农 产 品,6.09,5.87,5.91,195181.0,6.11,381.0,0.22,3.75,6.15
000062,深圳华强,28.77,29.99,30.6,483017.0,28.8,177.0,-1.22,-4.07,31.0
000063,中兴通讯,36.35,37.81,38.6,2614711.0,36.38,388.0,-1.46,-3.86,38.7
000065,北方国际,11.6,10.93,11.31,300574.0,11.63,66.0,0.67,6.13,11.98
000066,中国长城,15.51,15.69,15.98,1155758.0,15.54,308.0,-0.18,-1.15,16.15
000068,华控赛格,3.46,3.46,3.48,433157.0,3.49,927.0,0.0,0.0,3.52
000069,华侨城Ａ,1.86,1.85,1.85,501454.0,1.89,25290.0,0.01,0.54,1.89
000070,特发信息,17.1,17.67,18.1,836653.0,17.12,390.0,-0.57,-3.23,18.24
000088,盐 田 港,4.34,4.22,4.23,295313.0,4.36,3705.0,0.12,2.84,4.35
000089,深圳机场,6.52,6.33,6.37,109374.0,6.54,2168.0,0.19,3.0,6.52
000090,天健集团,3.61,3.55,3.54,563844.0,3.64,2413.0,0.06,1.69,3.76
000096,广聚能源,7.91,7.78,7.8,69118.0,7.93,398.0,0.13,1.67,7.94
000099,中信海直,17.41,15.83,15.94,244490.0,0.0,0.0,1.58,9.98,17.41
000100,TCL科技,4.55,4.51,4.59,12013767.0,4.58,33236.0,0.04,0.89,4.65
000151,中成股份,13.94,12.67,12.85,120902.0,0.0,0.0,1.27,10.02,13.94
000153,丰原药业,5.53,5.41,5.42,72360.0,5.55,949.0,0.12,2.22,5.56
000155,川能动力,13.36,13.05,13.23,423966.0,13.39,275.0,0.31,2.38,13.58
000156,华数传媒,6.48,6.33,6.41,97877.0,6.5,338.0,0.15,2.37,6.5
000157,中联重科,7.35,7.29,7.36,701011.0,7.38,1382.0,0.06,0.82,7.48
000158,常山北明,15.43,14.92,15.06,613262.0,15.45,1149.0,0.51,3.42,15.78
000159,国际实业,5.94,6.05,6.07,170559.0,5.97,293.0,-0.11,-1.82,6.19
000166,申万宏源,4.53,4.42,4.43,1488056.0,4.55,18956.0,0.11,2.49,4.54
000301,东方盛虹,11.88,11.61,11.52,226561.0,11.91,60.0,0.27,2.33,12.1
000333,美的集团,83.23,85.35,84.5,429353.0,83.25,17.0,-2.12,-2.48,84.66
000338,潍柴动力,28.0,27.57,28.94,1310314.0,28.03,5.0,0.43,1.56,29.08
000400,许继电气,22.2,21.61,21.89,201892.0,22.22,155.0,0.59,2.73,22.38
000401,金隅冀东,3.85,3.8,3.81,95755.0,3.87,1901.0,0.05,1.32,3.87
000402,金 融 街,2.76,2.75,2.78,510187.0,2.79,2203.0,0.01,0.36,2.81
000403,派林生物,11.88,11.65,11.65,109166.0,11.91,20.0,0.23,1.97,12.22
000404,长虹华意,7.87,7.76,7.82,275132.0,7.89,135.0,0.11,1.42,7.98
000407,胜利股份,4.08,4.02,4.01,146479.0,4.1,1486.0,0.06,1.49,4.09
000408,藏格矿业,79.47,76.01,78.0,190992.0,79.49,10.0,3.46,4.55,81.15
000409,云鼎科技,8.95,8.81,9.0,49591.0,8.97,123.0,0.14,1.59,9.01
000410,沈阳机床,5.19,5.14,5.2,237383.0,5.22,1242.0,0.05,0.97,5.3
000411,英特集团,9.49,9.22,9.25,98190.0,9.52,890.0,0.27,2.93,9.63
000415,渤海租赁,4.12,3.93,3.99,984809.0,4.14,937.0,0.19,4.83,4.19
000417,合百集团,7.17,7.03,7.1,463692.0,7.19,669.0,0.14,1.99,7.25
000419,通程控股,4.93,4.87,4.89,52584.0,4.96,311.0,0.06,1.23,4.95
000420,吉林化纤,4.23,4.11,4.18,798471.0,4.25,4406.0,0.12,2.92,4.3
000421,南京公用,5.51,5.42,5.42,65984.0,5.53,137.0,0.09,1.66,5.57
000422,湖北宜化,13.65,14.06,13.52,575824.0,13.68,630.0,-0.41,-2.92,13.92
000423,东阿阿胶,50.48,50.03,50.01,62537.0,50.51,1.0,0.45,0.9,50.59
000425,徐工机械,9.12,8.85,8.96,2197101.0,9.14,891.0,0.27,3.05,9.29
000426,兴业银锡,36.82,36.05,37.5,910525.0,36.87,35.0,0.77,2.14,39.06
000428,华天酒店,3.34,3.28,3.32,101955.0,3.36,1775.0,0.06,1.83,3.37
000429,粤高速Ａ,13.02,13.3,13.31,151531.0,13.05,53.0,-0.28,-2.11,13.35
000430,张家界,8.0,7.58,7.69,159326.0,8.02,443.0,0.42,5.54,8.0
000498,山东路桥,5.07,5.02,5.03,86044.0,5.09,1482.0,0.05,1.0,5.08
000501,武商集团,7.28,7.1,7.14,62693.0,7.31,166.0,0.18,2.54,7.32
000503,国新健康,6.96,6.95,6.95,105785.0,6.98,329.0,0.01,0.14,7.03
000504,南华生物,8.48,8.47,8.9,133639.0,8.51,439.0,0.01,0.12,9.04
000505,京粮控股,5.63,5.55,5.54,94041.0,5.65,2113.0,0.08,1.44,5.67
000506,招金黄金,13.73,12.48,12.8,381854.0,0.0,0.0,1.25,10.02,13.73
000507,珠海港,4.83,4.74,4.76,65045.0,4.86,638.0,0.09,1.9,4.85
000509,华塑控股,4.03,4.1,4.11,1013834.0,4.05,1559.0,-0.07,-1.71,4.31
000510,新金路,19.37,17.61,18.21,727202.0,0.0,0.0,1.76,9.99,19.37
000513,丽珠集团,31.87,31.38,31.37,77384.0,31.9,211.0,0.49,1.56,31.92
000514,渝 开 发,4.22,4.18,4.19,104447.0,4.24,187.0,0.04,0.96,4.29
000516,国际医学,3.94,3.86,3.91,199058.0,3.96,4692.0,0.08,2.07,3.95
000517,荣安地产,1.9,1.91,1.91,792464.0,1.93,3745.0,-0.01,-0.52,1.94
000518,四环生物,3.14,3.1,3.17,343259.0,3.17,7003.0,0.04,1.29,3.18
000519,中兵红箭,19.1,18.74,18.99,826575.0,19.13,452.0,0.36,1.92,19.77
000520,凤凰航运,4.15,4.19,4.18,384935.0,4.17,205.0,-0.04,-0.95,4.3
000521,长虹美菱,5.87,5.83,5.86,333837.0,5.89,616.0,0.04,0.69,6.05
000523,红棉股份,2.95,2.88,2.9,224007.0,2.97,4031.0,0.07,2.43,2.97
000524,岭南控股,9.13,8.83,8.87,92178.0,9.15,248.0,0.3,3.4,9.17
000525,红太阳,4.46,4.44,4.44,188194.0,4.48,3111.0,0.02,0.45,4.5
000526,学大教育,26.14,25.84,26.09,21657.0,26.16,7.0,0.3,1.16,26.38
000528,柳    工,8.4,8.21,8.27,346636.0,8.43,2369.0,0.19,2.31,8.48
000529,广弘控股,4.83,4.8,4.82,32391.0,4.86,297.0,0.03,0.63,4.87
000530,冰山冷热,5.52,5.78,5.74,544732.0,5.55,1008.0,-0.26,-4.5,5.79
000531,穗恒运Ａ,6.75,6.72,6.72,149637.0,6.77,322.0,0.03,0.45,6.86
000532,华金资本,11.55,11.53,11.63,79684.0,11.58,113.0,0.02,0.17,11.86
000533,顺钠股份,10.69,10.53,10.7,221025.0,10.71,256.0,0.16,1.52,10.86
000534,万泽股份,30.42,29.42,30.0,306994.0,30.45,53.0,1.0,3.4,31.82
000536,华映科技,3.5,3.5,3.54,596030.0,3.52,3703.0,0.0,0.0,3.62
000537,绿发电力,8.6,8.54,8.59,355412.0,8.63,436.0,0.06,0.7,8.74
000538,云南白药,50.6,50.55,50.52,136998.0,50.7,10.0,0.05,0.1,51.28
000539,粤电力Ａ,7.34,7.55,7.57,1401392.0,7.36,542.0,-0.21,-2.78,7.67
000541,佛山照明,4.78,4.71,4.72,76154.0,4.81,658.0,0.07,1.49,4.82
000543,皖能电力,8.68,8.63,8.71,521648.0,8.7,4062.0,0.05,0.58,8.9
000544,中原环保,7.86,7.65,7.68,50561.0,7.88,276.0,0.21,2.75,7.86
000545,金浦钛业,2.37,2.32,2.33,478688.0,2.4,5781.0,0.05,2.16,2.44
000546,金圆股份,5.23,5.14,5.23,309644.0,5.26,442.0,0.09,1.75,5.37
000547,航天发展,20.65,18.77,19.03,922722.0,0.0,0.0,1.88,10.02,20.65
000548,湖南投资,4.51,4.51,4.51,64723.0,4.54,278.0,0.0,0.0,4.56
000550,江铃汽车,17.41,16.58,16.61,72825.0,17.43,77.0,0.83,5.01,17.56
000551,创元科技,14.89,14.99,15.33,199757.0,14.91,102.0,-0.1,-0.67,15.5
000552,甘肃能化,2.66,2.55,2.55,971256.0,2.68,3260.0,0.11,4.31,2.71
000553,安道麦A,6.05,5.89,5.89,94998.0,6.07,250.0,0.16,2.72,6.14
000554,泰山石油,6.51,6.49,6.43,200888.0,6.54,412.0,0.02,0.31,6.59
000555,神州信息,11.08,10.79,11.0,231837.0,11.11,194.0,0.29,2.69,11.29
000557,西部创业,3.91,3.93,3.96,127578.0,3.93,82.0,-0.02,-0.51,3.99
000558,天府文旅,4.01,3.91,3.95,926848.0,4.04,684.0,0.1,2.56,4.03
000559,万向钱潮,13.43,13.21,13.48,473920.0,13.45,2633.0,0.22,1.67,13.76
000560,我爱我家,2.33,2.28,2.29,683327.0,2.35,21364.0,0.05,2.19,2.36
000561,烽火电子,7.95,7.73,7.81,166945.0,7.97,581.0,0.22,2.85,8.13
000563,陕国投Ａ,2.94,2.84,2.85,702840.0,2.96,5230.0,0.1,3.52,2.94
000564,供销大集,1.46,1.44,1.46,2411903.0,1.48,154919.0,0.02,1.39,1.48
000565,渝三峡Ａ,6.49,6.44,6.5,90162.0,6.51,482.0,0.05,0.78,6.52
000566,海南海药,3.88,3.79,3.82,248113.0,3.9,7526.0,0.09,2.37,3.9
000567,海德股份,5.66,5.5,5.56,208452.0,5.69,1055.0,0.16,2.91,5.77
000568,泸州老窖,85.0,85.48,85.04,141939.0,85.53,1.0,-0.48,-0.56,86.56
000570,苏常柴Ａ,5.2,5.11,5.13,134738.0,5.23,71.0,0.09,1.76,5.26
000571,新大洲A,5.24,5.34,5.43,167765.0,5.27,107.0,-0.1,-1.87,5.44
000572,海马汽车,4.17,4.12,4.2,395975.0,4.19,2022.0,0.05,1.21,4.25
000573,粤宏远Ａ,4.14,4.17,4.18,179185.0,4.16,250.0,-0.03,-0.72,4.22
000576,甘化科工,7.24,7.06,7.14,95168.0,7.26,153.0,0.18,2.55,7.4
000581,威孚高科,17.75,17.49,17.61,74797.0,17.77,128.0,0.26,1.49,17.88
000582,北部湾港,11.23,11.21,11.39,425137.0,11.25,701.0,0.02,0.18,11.56
000586,汇源通信,14.42,14.59,14.9,73613.0,14.45,8.0,-0.17,-1.17,14.9
000589,贵州轮胎,4.53,4.46,4.47,325452.0,4.56,22.0,0.07,1.57,4.59
000590,古汉医药,9.3,9.31,9.38,23502.0,9.32,105.0,-0.01,-0.11,9.41
000591,太阳能,5.07,5.0,5.04,745672.0,5.09,3995.0,0.07,1.4,5.12
000592,平潭发展,7.58,7.4,7.5,1500228.0,7.61,1787.0,0.18,2.43,7.75
000593,德龙汇能,20.61,20.63,20.42,165700.0,20.63,269.0,-0.02,-0.1,21.5
000596,古井贡酒,87.55,87.17,86.71,22775.0,87.66,12.0,0.38,0.44,88.5
000597,东北制药,4.58,4.48,4.5,225536.0,4.63,52.0,0.1,2.23,4.73
000598,兴蓉环境,7.03,6.91,6.95,265126.0,7.06,2448.0,0.12,1.74,7.06
000599,青岛双星,4.81,4.8,4.85,134741.0,4.83,313.0,0.01,0.21,4.88
000600,建投能源,10.27,10.07,10.19,495950.0,10.29,1709.0,0.2,1.99,10.42
000601,韶能股份,6.74,6.9,6.99,709977.0,6.76,303.0,-0.16,-2.32,7.04
000603,盛达资源,29.17,27.9,28.72,237762.0,29.19,9.0,1.27,4.55,29.88
000605,渤海股份,6.11,6.01,6.05,38112.0,6.13,287.0,0.1,1.66,6.16
000607,华媒控股,3.46,3.4,3.44,104922.0,3.48,559.0,0.06,1.76,3.5
000608,阳光股份,6.44,6.25,5.98,813046.0,6.47,130.0,0.19,3.04,6.6
000612,焦作万方,11.43,10.58,10.75,749051.0,11.46,869.0,0.85,8.03,11.64
000617,中油资本,7.25,7.12,7.15,940189.0,7.28,3897.0,0.13,1.83,7.32
000619,海螺新材,5.15,5.11,5.23,56567.0,5.17,988.0,0.04,0.78,5.23
000620,盈新发展,2.94,2.99,3.05,3138357.0,2.96,7058.0,-0.05,-1.67,3.09
000623,吉林敖东,17.39,16.72,16.79,168261.0,17.41,80.0,0.67,4.01,17.49
000625,长安汽车,7.54,7.44,7.46,918642.0,7.57,3149.0,0.1,1.34,7.61
000626,远大控股,7.29,7.16,7.16,124893.0,7.32,198.0,0.13,1.82,7.42
000628,高新发展,55.5,57.47,58.0,113420.0,55.53,2.0,-1.97,-3.43,58.37
000629,钒钛股份,3.11,3.08,3.16,2234769.0,3.13,5150.0,0.03,0.97,3.2
000630,铜陵有色,7.1,6.45,6.6,6289787.0,0.0,0.0,0.65,10.08,7.1
000631,顺发恒能,3.34,3.34,3.64,711681.0,3.37,7696.0,0.0,0.0,3.64
000633,合金投资,5.38,5.28,5.33,92914.0,5.41,593.0,0.1,1.89,5.45
000635,英 力 特,6.88,7.15,7.08,157697.0,6.91,121.0,-0.27,-3.78,7.2
000636,风华高科,59.12,64.3,66.5,2169142.0,59.15,9.0,-5.18,-8.06,66.5
000637,茂化实华,4.03,4.02,4.02,95906.0,4.06,250.0,0.01,0.25,4.09
000650,仁和药业,5.3,5.13,5.16,146890.0,5.33,706.0,0.17,3.31,5.31
000651,格力电器,38.53,38.5,38.35,461327.0,38.55,1286.0,0.03,0.08,38.63
000652,泰达股份,3.58,3.48,3.5,140934.0,3.61,612.0,0.1,2.87,3.59
000655,金岭矿业,7.17,6.95,7.07,95245.0,7.19,154.0,0.22,3.17,7.3
000657,中钨高新,79.0,77.95,80.31,1620659.0,79.08,23.0,1.05,1.35,84.32
000659,珠海中富,3.52,3.52,3.52,296185.0,3.55,424.0,0.0,0.0,3.78
000661,长春高新,66.5,64.32,64.66,153886.0,66.54,3.0,2.18,3.39,66.5
000663,永安林业,5.7,5.6,5.7,62886.0,5.73,39.0,0.1,1.79,5.76
000665,湖北广电,4.07,4.09,4.1,133085.0,4.1,2169.0,-0.02,-0.49,4.14
000668,荣丰控股,20.62,20.49,20.53,34446.0,20.64,6.0,0.13,0.63,20.85
000670,盈方微,8.63,9.42,9.62,1370879.0,8.66,465.0,-0.79,-8.39,9.75
000672,上峰材料,16.26,16.14,16.45,151928.0,16.28,24.0,0.12,0.74,16.73
000676,智度股份,5.57,5.47,5.51,240800.0,5.59,1612.0,0.1,1.83,5.62
000678,襄阳轴承,9.78,10.24,10.17,199750.0,9.8,1314.0,-0.46,-4.49,10.29
000679,大连友谊,6.15,5.98,6.0,61513.0,6.18,328.0,0.17,2.84,6.19
000680,山推股份,10.48,10.15,10.23,301773.0,10.51,420.0,0.33,3.25,10.75
000681,视觉中国,21.36,21.56,21.59,818572.0,21.38,441.0,-0.2,-0.93,22.77
000682,东方电子,12.3,11.84,12.01,240467.0,12.33,740.0,0.46,3.89,12.33
000683,博源化工,7.0,6.69,6.69,602536.0,7.02,645.0,0.31,4.63,7.16
000685,中山公用,10.74,10.25,10.3,256296.0,10.77,1469.0,0.49,4.78,10.76
000686,东北证券,7.83,7.4,7.45,428731.0,7.86,1065.0,0.43,5.81,7.84
000688,国城矿业,46.91,45.32,46.0,500925.0,47.01,26.0,1.59,3.51,49.5
000690,宝新能源,5.2,5.13,5.16,1121104.0,5.23,1937.0,0.07,1.36,5.4
000691,亚太实业,9.97,9.93,10.05,194202.0,10.0,2764.0,0.04,0.4,10.4
000692,惠天热电,4.49,4.51,4.56,157511.0,4.51,386.0,-0.02,-0.44,4.58
000695,滨海能源,12.98,12.68,12.76,93053.0,13.0,311.0,0.3,2.37,13.26
000697,炼石航空,10.71,10.93,10.91,198736.0,10.76,19.0,-0.22,-2.01,11.34
000700,模塑科技,14.4,14.67,14.8,780418.0,14.43,92.0,-0.27,-1.84,14.95
000701,厦门信达,5.03,5.05,5.08,130224.0,5.06,194.0,-0.02,-0.4,5.16
000702,正虹科技,5.61,5.6,5.62,49325.0,5.63,83.0,0.01,0.18,5.71
000703,恒逸石化,13.03,12.43,12.65,688717.0,13.06,60.0,0.6,4.83,13.46
000705,浙江震元,6.69,6.6,6.64,51913.0,6.71,863.0,0.09,1.36,6.73
000707,双环科技,4.73,4.63,4.65,95934.0,4.75,618.0,0.1,2.16,4.77
000708,中信特钢,14.07,13.83,13.93,293903.0,14.1,564.0,0.24,1.74,14.16
000709,河钢股份,2.12,2.08,2.08,1056585.0,2.15,49912.0,0.04,1.92,2.14
000710,贝瑞基因,8.06,7.93,8.01,60350.0,8.08,339.0,0.13,1.64,8.14
000712,锦龙股份,8.73,8.49,8.58,326009.0,8.75,1305.0,0.24,2.83,8.8
000713,国投丰乐,5.99,5.93,5.95,52172.0,6.01,640.0,0.06,1.01,6.01
000715,中兴商业,4.83,4.76,4.77,67060.0,4.86,1743.0,0.07,1.47,4.88
000716,黑芝麻,4.66,4.6,4.62,182538.0,4.69,767.0,0.06,1.3,4.73
000717,中南股份,2.17,2.09,2.09,252596.0,2.19,8396.0,0.08,3.83,2.2
000718,苏宁环球,2.0,1.99,2.0,681482.0,2.02,5129.0,0.01,0.5,2.03
000719,中原传媒,12.34,12.32,12.37,121181.0,12.36,76.0,0.02,0.16,12.37
000720,新能泰山,4.14,4.22,4.27,521482.0,4.17,688.0,-0.08,-1.9,4.32
000721,西安饮食,6.13,5.93,5.98,108717.0,6.15,1241.0,0.2,3.37,6.16
000722,湖南发展,15.07,14.27,14.44,288037.0,15.1,807.0,0.8,5.61,15.08
000723,美锦能源,4.05,3.92,3.92,740899.0,4.08,2956.0,0.13,3.32,4.13
000725,京东方Ａ,5.57,5.83,5.95,29146434.0,5.6,69204.0,-0.26,-4.46,6.01
000726,鲁  泰Ａ,5.94,5.8,5.83,46108.0,5.96,375.0,0.14,2.41,5.94
000727,冠捷科技,2.55,2.57,2.63,2307555.0,2.58,12886.0,-0.02,-0.78,2.68
000728,国元证券,6.97,6.74,6.77,459283.0,6.99,3008.0,0.23,3.41,7.0
000729,燕京啤酒,11.72,11.46,11.35,363063.0,11.74,409.0,0.26,2.27,11.77
000731,四川美丰,5.91,5.88,5.87,81193.0,5.93,212.0,0.03,0.51,5.97
000733,振华科技,47.16,49.75,51.0,427102.0,47.19,70.0,-2.59,-5.21,51.5
000735,罗 牛 山,5.24,5.06,5.12,450041.0,5.27,1772.0,0.18,3.56,5.29
000736,中交地产,4.27,4.16,4.18,213794.0,4.29,86.0,0.11,2.64,4.38
000737,北方铜业,14.08,12.8,13.09,1075160.0,0.0,0.0,1.28,10.0,14.08
000738,航发控制,19.49,18.18,18.45,450424.0,19.52,39.0,1.31,7.21,19.95
000739,普洛药业,16.07,15.41,15.62,89725.0,16.09,58.0,0.66,4.28,16.29
000750,国海证券,3.58,3.44,3.46,743073.0,3.6,16363.0,0.14,4.07,3.6
000751,锌业股份,5.09,4.63,4.8,836209.0,0.0,0.0,0.46,9.94,5.09
000753,漳州发展,5.08,4.93,5.0,197276.0,5.1,4588.0,0.15,3.04,5.11
000755,山西高速,4.69,4.6,4.62,57904.0,4.72,641.0,0.09,1.96,4.7
000756,新华制药,12.34,12.19,12.31,49676.0,12.41,41.0,0.15,1.23,12.47
000757,浩物股份,3.87,3.85,3.88,114586.0,3.91,1355.0,0.02,0.52,3.95
000758,中色股份,6.96,6.33,6.65,733914.0,0.0,0.0,0.63,9.95,6.96
000759,中百集团,5.83,5.3,5.29,959032.0,0.0,0.0,0.53,10.0,5.83
000761,本钢板材,2.41,2.38,2.38,203597.0,2.43,4.0,0.03,1.26,2.48
000762,西藏矿业,30.7,29.38,29.37,439255.0,30.73,8.0,1.32,4.49,31.35
000766,通化金马,25.29,25.29,25.29,155788.0,25.31,90.0,0.0,0.0,25.37
000767,晋控电力,4.65,4.63,4.63,2090550.0,4.67,3114.0,0.02,0.43,4.75
000768,中航西飞,22.86,20.78,22.86,278592.0,0.0,0.0,2.08,10.01,22.86
000776,广发证券,20.08,19.15,19.15,1253574.0,20.11,1198.0,0.93,4.86,20.27
000777,中核科技,16.42,16.0,16.15,81041.0,16.45,47.0,0.42,2.63,16.71
000778,新兴铸管,4.09,4.0,4.03,438148.0,4.11,9353.0,0.09,2.25,4.11
000779,甘咨询,7.69,7.64,7.66,94493.0,7.72,42.0,0.05,0.65,7.94
000782,恒申新材,7.49,7.44,7.52,219209.0,7.51,23.0,0.05,0.67,7.66
000783,长江证券,7.7,7.38,7.4,1390878.0,7.72,3360.0,0.32,4.34,7.75
000785,居然智家,2.28,2.26,2.27,925750.0,2.31,12847.0,0.02,0.88,2.33
000786,北新建材,21.09,20.37,20.5,391978.0,21.12,21.0,0.72,3.53,21.09
000788,北大医药,5.2,5.07,5.11,145532.0,5.23,2216.0,0.13,2.56,5.24
000789,万年青,4.26,4.17,4.2,38286.0,4.29,1044.0,0.09,2.16,4.3
000790,华神科技,3.77,3.6,3.61,234412.0,3.8,1142.0,0.17,4.72,3.82
000791,甘肃能源,8.32,8.24,8.3,382796.0,8.34,537.0,0.08,0.97,8.48
000792,盐湖股份,31.7,30.41,30.57,1561432.0,31.72,818.0,1.29,4.24,32.25
000795,英洛华,9.32,9.14,9.21,367103.0,9.34,699.0,0.18,1.97,9.45
000796,凯撒旅业,4.41,4.32,4.33,415646.0,4.44,6496.0,0.09,2.08,4.44
000797,中国武夷,2.45,2.42,2.42,250967.0,2.47,2956.0,0.03,1.24,2.49
000798,中水渔业,7.84,7.71,7.78,67944.0,7.86,161.0,0.13,1.69,7.93
000799,酒鬼酒,37.84,37.69,37.53,106131.0,37.87,98.0,0.15,0.4,38.49
000800,一汽解放,6.36,6.02,6.0,456900.0,6.39,386.0,0.34,5.65,6.36
000801,四川九洲,12.37,11.89,12.1,296040.0,12.39,171.0,0.48,4.04,12.72
000802,北京文化,4.45,4.35,4.35,605946.0,4.48,404.0,0.1,2.3,4.65
000803,山高环能,7.46,7.3,7.33,123234.0,7.48,200.0,0.16,2.19,7.53
000807,云铝股份,28.1,27.23,27.7,866802.0,28.13,25.0,0.87,3.2,28.8
000809,和展能源,4.26,3.89,3.89,700209.0,4.28,39557.0,0.37,9.51,4.28
000810,创维数字,10.09,10.04,10.19,144823.0,10.11,223.0,0.05,0.5,10.28
000811,冰轮环境,30.77,31.4,32.5,297382.0,30.8,78.0,-0.63,-2.01,33.27
000812,陕西金叶,3.52,3.46,3.47,111872.0,3.54,2210.0,0.06,1.73,3.54
000813,德展健康,3.09,3.05,3.06,249221.0,3.11,10925.0,0.04,1.31,3.13
000815,美利云,15.29,15.66,15.89,532884.0,15.31,301.0,-0.37,-2.36,15.98
000816,智慧农业,2.55,2.47,2.51,323847.0,2.57,5139.0,0.08,3.24,2.58
000818,航锦科技,12.39,12.41,12.5,277597.0,12.42,514.0,-0.02,-0.16,12.59
000819,岳阳兴长,13.6,13.29,13.35,46491.0,13.63,50.0,0.31,2.33,13.85
000822,山东海化,4.61,4.59,4.58,157550.0,4.63,246.0,0.02,0.44,4.68
000823,超声电子,18.26,19.1,19.3,1255783.0,18.29,33.0,-0.84,-4.4,20.33
000825,太钢不锈,3.75,3.62,3.65,444245.0,3.78,3117.0,0.13,3.59,3.82
000828,东莞控股,9.9,9.78,9.78,42311.0,9.92,564.0,0.12,1.23,9.94
000829,天音控股,8.88,8.85,8.87,215031.0,8.91,782.0,0.03,0.34,9.0
000830,鲁西化工,12.87,12.33,12.5,613934.0,12.89,372.0,0.54,4.38,13.29
000831,中国稀土,56.04,53.79,54.48,876580.0,56.07,160.0,2.25,4.18,59.17
000833,粤桂股份,24.01,26.68,24.98,885596.0,24.03,47.0,-2.67,-10.01,25.35
000837,秦川机床,12.2,12.26,12.36,426178.0,12.22,80.0,-0.06,-0.49,12.88
000839,国安股份,2.62,2.61,2.63,451978.0,2.64,6988.0,0.01,0.38,2.66
000848,承德露露,7.89,7.68,7.71,124394.0,7.92,294.0,0.21,2.73,7.91
000850,华茂股份,3.79,3.71,3.75,104844.0,3.81,1044.0,0.08,2.16,3.82
000852,石化机械,5.67,5.53,5.55,133495.0,5.69,348.0,0.14,2.53,5.71
000856,冀东装备,8.21,8.12,8.3,49988.0,8.24,97.0,0.09,1.11,8.33
000858,五 粮 液,79.92,79.79,79.39,358344.0,80.0,21.0,0.13,0.16,80.92
000859,国风新材,10.76,11.51,11.55,995122.0,10.79,319.0,-0.75,-6.52,11.8
000860,顺鑫农业,10.45,10.27,10.32,77622.0,10.48,452.0,0.18,1.75,10.56
000862,银星能源,5.86,5.83,5.82,277528.0,5.89,1879.0,0.03,0.51,5.97
000863,三湘印象,4.57,4.55,4.61,271670.0,4.61,263.0,0.02,0.44,4.77
000868,安凯客车,3.83,3.75,3.78,135691.0,3.85,5280.0,0.08,2.13,3.86
000869,张  裕Ａ,17.49,17.03,17.28,11110.0,17.51,13.0,0.46,2.7,17.54
000875,电投绿能,6.03,5.91,5.97,532623.0,6.05,1320.0,0.12,2.03,6.07
000876,新 希 望,6.54,6.61,6.62,926411.0,6.56,1616.0,-0.07,-1.06,6.64
000877,天山股份,4.11,4.02,4.06,137071.0,4.14,1556.0,0.09,2.24,4.15
000878,云南铜业,17.27,16.08,16.41,1017684.0,17.3,1000.0,1.19,7.4,17.69
000880,潍柴重机,24.5,24.0,24.42,153784.0,24.52,165.0,0.5,2.08,25.13
000881,中广核技,6.82,6.79,6.95,144440.0,6.84,1190.0,0.03,0.44,7.03
000882,华联股份,1.43,1.4,1.41,700944.0,1.46,23248.0,0.03,2.14,1.45
000883,湖北能源,4.98,4.95,4.94,650620.0,5.01,3011.0,0.03,0.61,5.02
000885,城发环境,12.88,12.69,12.79,47731.0,12.91,192.0,0.19,1.5,12.93
000886,海南高速,4.37,4.26,4.33,217157.0,4.39,2411.0,0.11,2.58,4.39
000887,中鼎股份,20.33,20.85,21.01,614629.0,20.36,273.0,-0.52,-2.49,21.43
000888,峨眉山Ａ,9.83,9.56,9.62,95353.0,9.85,603.0,0.27,2.82,9.85
000889,中嘉博创,3.49,3.51,3.58,359927.0,3.52,1481.0,-0.02,-0.57,3.6
000890,法尔胜,9.62,9.83,9.96,329997.0,9.65,461.0,-0.21,-2.14,9.98
000892,欢瑞世纪,3.66,3.56,3.6,402450.0,3.68,4046.0,0.1,2.81,3.74
000893,亚钾国际,48.35,45.1,45.15,205270.0,48.38,2.0,3.25,7.21,48.95
000895,双汇发展,24.17,24.17,24.2,120665.0,24.2,272.0,0.0,0.0,24.4
000897,津滨发展,1.87,1.85,1.85,247792.0,1.9,10771.0,0.02,1.08,1.89
000898,鞍钢股份,2.02,1.96,1.97,475688.0,2.04,13809.0,0.06,3.06,2.03
000899,赣能股份,13.27,12.81,12.89,251418.0,13.29,615.0,0.46,3.59,13.27
000900,现代投资,3.68,3.61,3.62,93202.0,3.7,1816.0,0.07,1.94,3.68
000901,航天科技,18.29,17.68,17.99,305216.0,18.32,133.0,0.61,3.45,18.98
000902,新洋丰,12.37,12.13,12.39,162398.0,12.39,72.0,0.24,1.98,12.53
000905,厦门港务,8.65,8.36,8.45,113666.0,8.67,187.0,0.29,3.47,8.72
000906,浙商中拓,5.56,5.48,5.52,95682.0,5.6,450.0,0.08,1.46,5.62
000908,景峰医药,6.55,6.59,7.0,327425.0,6.58,236.0,-0.04,-0.61,7.19
000910,大亚圣象,5.9,5.81,5.85,31258.0,5.93,78.0,0.09,1.55,5.94
000912,泸天化,3.7,3.71,3.67,388467.0,3.73,2921.0,-0.01,-0.27,3.76
000913,钱江摩托,11.36,11.12,11.13,36362.0,11.39,190.0,0.24,2.16,11.39
000915,华特达因,27.6,27.23,27.32,30387.0,27.63,5.0,0.37,1.36,27.78
000917,电广传媒,6.83,6.65,6.73,301117.0,6.85,564.0,0.18,2.71,6.9
000919,金陵药业,6.16,6.04,6.09,93859.0,6.19,1121.0,0.12,1.99,6.18
000920,沃顿科技,14.4,13.58,13.45,365647.0,14.42,40.0,0.82,6.04,14.4
000921,海信家电,28.7,29.3,31.16,511734.0,28.72,905.0,-0.6,-2.05,31.8
000922,佳电股份,12.46,12.03,12.21,245037.0,12.49,515.0,0.43,3.57,12.93
000923,河钢资源,14.43,13.92,14.3,185801.0,14.45,270.0,0.51,3.66,14.87
000925,众合科技,8.03,8.24,8.36,418382.0,8.06,499.0,-0.21,-2.55,8.5
000926,福星股份,2.17,2.18,2.2,359465.0,2.19,6972.0,-0.01,-0.46,2.22
000927,中国铁物,2.51,2.45,2.46,474352.0,2.53,7161.0,0.06,2.45,2.51
000928,中钢国际,5.7,5.44,5.55,189845.0,5.72,3194.0,0.26,4.78,5.74
000930,中粮科技,4.94,4.85,4.9,167782.0,4.97,1489.0,0.09,1.86,4.98
000931,中 关 村,4.08,3.99,3.99,56752.0,4.1,1131.0,0.09,2.26,4.11
000932,华菱钢铁,3.84,3.76,3.78,1527974.0,3.87,9709.0,0.08,2.13,3.9
000933,神火股份,27.31,26.77,26.9,726997.0,27.47,12344.0,0.54,2.02,28.47
000935,四川双马,25.98,26.3,26.35,114975.0,26.01,11.0,-0.32,-1.22,26.79
000936,华西股份,5.76,5.66,5.74,196616.0,5.79,701.0,0.1,1.77,5.84
000937,冀中能源,5.58,5.38,5.38,341137.0,5.6,5403.0,0.2,3.72,5.58
000938,紫光股份,25.15,25.29,25.79,1098317.0,25.18,796.0,-0.14,-0.55,25.86
000948,南天信息,12.58,12.39,12.46,43469.0,12.6,313.0,0.19,1.53,12.66
000949,新乡化纤,6.61,6.37,6.5,524514.0,6.63,1756.0,0.24,3.77,6.65
000950,重药控股,5.25,5.18,5.22,229266.0,5.28,1981.0,0.07,1.35,5.29
000951,中国重汽,21.81,21.95,22.19,120045.0,21.87,1.0,-0.14,-0.64,22.33
000952,广济药业,6.27,6.04,6.06,86098.0,6.3,97.0,0.23,3.81,6.42
000953,中哲精化,5.96,5.85,5.87,79800.0,5.98,173.0,0.11,1.88,6.05
000955,欣龙控股,4.06,3.99,4.0,116114.0,4.09,1375.0,0.07,1.75,4.09
000957,中通客车,10.52,10.23,10.21,162300.0,10.54,385.0,0.29,2.83,10.61
000958,电投产融,6.41,5.88,5.83,1741463.0,6.44,703.0,0.53,9.01,6.47
000959,首钢股份,3.27,3.19,3.22,926911.0,3.3,1984.0,0.08,2.51,3.34
000960,锡业股份,37.65,34.86,36.18,1390769.0,37.67,26.0,2.79,8.0,38.35
000962,东方钽业,57.26,57.92,57.92,419828.0,57.29,1.0,-0.66,-1.14,59.44
000963,华东医药,29.11,29.13,28.89,154579.0,29.14,171.0,-0.02,-0.07,29.46
000965,天保基建,3.41,3.28,3.29,234925.0,3.44,1039.0,0.13,3.96,3.51
000966,长源电力,4.72,4.71,4.68,1007519.0,4.74,1622.0,0.01,0.21,4.8
000967,盈峰环境,9.85,9.84,9.9,949047.0,9.87,547.0,0.01,0.1,10.23
000968,蓝焰控股,7.15,7.07,6.86,312165.0,7.17,342.0,0.08,1.13,7.24
000969,安泰科技,24.46,22.24,23.21,384459.0,0.0,0.0,2.22,9.98,24.46
000970,中科三环,13.82,14.03,13.89,1233690.0,13.85,183.0,-0.21,-1.5,14.41
000973,佛塑科技,15.06,14.0,14.07,834645.0,15.08,338.0,1.06,7.57,15.25
000975,山金国际,21.11,20.52,21.0,578151.0,21.13,82.0,0.59,2.88,21.86
000977,浪潮信息,57.86,57.84,58.8,437952.0,57.89,88.0,0.02,0.03,59.23
000978,桂林旅游,5.98,5.86,5.96,128703.0,6.0,689.0,0.12,2.05,6.03
000980,众泰汽车,2.17,2.28,2.35,1985148.0,2.2,6937.0,-0.11,-4.82,2.46
000981,山子高科,3.2,3.14,3.19,2256373.0,3.23,27026.0,0.06,1.91,3.25
000983,山西焦煤,7.46,7.17,7.17,1273084.0,7.49,5082.0,0.29,4.04,7.46
000985,大庆华科,16.32,16.19,16.19,10596.0,16.36,25.0,0.13,0.8,16.48
000987,越秀资本,7.49,7.23,7.29,421919.0,7.51,1670.0,0.26,3.6,7.55
000988,华工科技,151.01,150.25,155.01,627813.0,151.03,7.0,0.76,0.51,155.58
000989,九芝堂,7.98,7.79,7.81,85444.0,8.0,1805.0,0.19,2.44,7.99
000990,诚志股份,8.97,8.86,8.81,339158.0,8.99,252.0,0.11,1.24,9.13
000993,闽东电力,11.82,11.5,11.67,174755.0,11.84,125.0,0.32,2.78,12.0
000995,皇台酒业,11.01,10.81,11.0,106335.0,11.04,61.0,0.2,1.85,11.19
000997,新 大 陆,17.84,17.33,17.49,186314.0,17.86,230.0,0.51,2.94,18.04
000998,隆平高科,8.5,8.09,8.1,216038.0,8.53,53.0,0.41,5.07,8.5
000999,华润三九,24.85,24.7,24.61,138692.0,24.88,167.0,0.15,0.61,24.89
001201,东瑞股份,11.21,11.04,11.15,22566.0,11.23,187.0,0.17,1.54,11.24
001202,炬申股份,14.43,14.21,14.44,11212.0,14.45,421.0,0.22,1.55,14.53
001203,大中矿业,43.11,41.09,41.0,433646.0,43.14,160.0,2.02,4.92,43.3
001205,盛航股份,13.9,13.76,13.85,36307.0,13.93,10.0,0.14,1.02,13.99
001206,依依股份,17.23,15.66,15.81,54506.0,0.0,0.0,1.57,10.03,17.23
001207,联科科技,17.47,17.16,17.39,34009.0,17.49,100.0,0.31,1.81,17.65
001208,华菱线缆,16.24,15.6,15.67,260091.0,16.27,15.0,0.64,4.1,17.08
001209,洪兴股份,18.98,18.61,18.8,19696.0,19.0,19.0,0.37,1.99,19.01
001210,金房能源,24.09,24.87,24.21,165743.0,24.12,10.0,-0.78,-3.14,26.26
001211,双枪科技,36.15,36.11,36.13,93549.0,36.19,10.0,0.04,0.11,38.76
001212,中旗新材,47.71,47.82,48.59,68813.0,47.74,7.0,-0.11,-0.23,49.3
001213,中铁特货,3.6,3.58,3.59,164576.0,3.63,2482.0,0.02,0.56,3.64
001215,千味央厨,42.66,41.75,41.75,79968.0,43.05,63.0,0.91,2.18,44.75
001216,华瓷股份,15.71,15.98,16.44,56177.0,15.73,200.0,-0.27,-1.69,16.79
001217,华尔泰,9.65,9.47,9.59,45676.0,9.68,80.0,0.18,1.9,9.74
001218,丽臣实业,25.42,24.7,24.82,22296.0,25.44,67.0,0.72,2.91,25.45
001219,青岛食品,12.86,12.88,12.95,19481.0,12.89,20.0,-0.02,-0.16,13.03
001220,世盟股份,30.97,30.4,30.64,11288.0,31.0,34.0,0.57,1.87,31.08
001221,悍高集团,44.88,42.21,42.66,22904.0,44.9,47.0,2.67,6.33,44.9
001222,源飞宠物,14.96,14.59,14.78,22779.0,14.99,30.0,0.37,2.54,15.18
001223,欧克科技,43.03,44.63,45.16,26093.0,43.07,8.0,-1.6,-3.59,46.24
001225,和泰机电,43.21,43.1,43.95,15027.0,43.32,19.0,0.11,0.26,46.43
001226,拓山重工,50.19,50.11,50.08,22027.0,50.24,8.0,0.08,0.16,51.45
001227,兰州银行,2.15,2.13,2.12,616983.0,2.17,16948.0,0.02,0.94,2.16
001228,永泰运,26.82,26.66,26.66,9860.0,26.92,25.0,0.16,0.6,27.18
001229,魅视科技,27.92,26.3,26.54,76866.0,27.94,2.0,1.62,6.16,28.93
001230,劲旅环境,25.13,24.68,24.7,30580.0,25.15,44.0,0.45,1.82,25.72
001231,农心科技,20.58,20.23,20.37,9035.0,20.62,49.0,0.35,1.73,20.67
001233,海安集团,51.37,46.7,47.0,34107.0,0.0,0.0,4.67,10.0,51.37
001234,泰慕士,22.66,22.38,22.48,14056.0,22.7,11.0,0.28,1.25,22.8
001236,弘业期货,7.59,7.33,7.35,131898.0,7.61,228.0,0.26,3.55,7.73
001237,惠康科技,60.6,60.89,61.53,37428.0,60.62,9.0,-0.29,-0.48,62.28
001238,浙江正特,30.72,29.75,29.95,10838.0,30.75,11.0,0.97,3.26,30.74
001239,永达股份,13.91,13.95,13.81,64083.0,13.95,31.0,-0.04,-0.29,14.14
001255,博菲电气,29.15,28.46,29.0,13098.0,29.19,38.0,0.69,2.42,29.6
001256,炜冈科技,23.54,23.23,23.28,75456.0,23.65,2.0,0.31,1.33,24.86
001257,盛龙股份,27.74,25.22,27.74,143005.0,0.0,0.0,2.52,9.99,27.74
001258,立新能源,7.81,7.82,7.92,276461.0,7.84,692.0,-0.01,-0.13,8.25
001259,利仁科技,68.89,68.14,68.35,24240.0,68.96,8.0,0.75,1.1,70.09
001260,坤泰股份,17.88,17.82,18.0,10835.0,17.91,62.0,0.06,0.34,18.2
001266,宏英智能,44.85,45.56,46.38,32772.0,45.0,70.0,-0.71,-1.56,46.75
001267,汇绿生态,49.5,49.05,50.25,294998.0,49.53,12.0,0.45,0.92,50.48
001268,联合精密,40.81,41.82,42.5,39191.0,40.9,12.0,-1.01,-2.42,43.35
001269,欧晶科技,26.9,28.32,28.81,113967.0,26.93,6.0,-1.42,-5.01,29.41
001270,铖昌科技,125.65,129.42,134.35,74590.0,125.68,138.0,-3.77,-2.91,134.49
001277,速达股份,30.52,30.34,30.35,10033.0,30.55,1.0,0.18,0.59,30.66
001278,一彬科技,16.88,16.78,16.94,30578.0,16.9,49.0,0.1,0.6,17.18
001279,强邦新材,26.2,25.63,26.04,7863.0,26.23,32.0,0.57,2.22,26.31
001280,中国铀业,73.0,70.03,70.8,218554.0,73.22,13.0,2.97,4.24,74.33
001282,三联锻造,17.0,16.74,17.14,15249.0,17.03,4.0,0.26,1.55,17.18
001283,豪鹏科技,47.18,46.94,47.44,45165.0,47.2,2.0,0.24,0.51,48.55
001285,瑞立科密,43.89,42.99,43.31,12669.0,43.91,27.0,0.9,2.09,44.11
001286,陕西能源,12.23,11.8,11.72,328270.0,12.25,307.0,0.43,3.64,12.26
001287,中电港,24.95,25.52,26.13,346443.0,24.97,21.0,-0.57,-2.23,26.9
001288,运机集团,24.34,24.28,24.5,25965.0,24.36,130.0,0.06,0.25,24.95
001289,龙源电力,17.63,17.8,17.82,89819.0,17.66,120.0,-0.17,-0.96,18.05
001296,长江材料,18.88,18.59,18.83,14754.0,18.91,71.0,0.29,1.56,19.03
001298,好上好,20.05,19.75,20.26,102301.0,20.07,40.0,0.3,1.52,21.28
001299,美能能源,11.24,10.22,10.38,92943.0,0.0,0.0,1.02,9.98,11.24
001300,三柏硕,15.2,15.71,15.69,54960.0,15.23,4.0,-0.51,-3.25,15.79
001301,尚太科技,89.45,83.18,83.5,60054.0,89.48,22.0,6.27,7.54,90.52
001306,夏厦精密,60.05,60.01,61.1,8519.0,60.35,2.0,0.04,0.07,62.29
001308,康冠科技,19.9,20.37,20.73,67575.0,19.99,3.0,-0.47,-2.31,21.73
001309,德明利,617.43,632.35,662.1,152458.0,618.04,1.0,-14.92,-2.36,664.0
001311,多利科技,18.37,18.4,18.58,48067.0,18.4,46.0,-0.03,-0.16,18.86
001312,福恩股份,19.43,19.05,19.2,29049.0,19.45,242.0,0.38,1.99,19.69
001313,粤海饲料,7.45,7.57,7.56,120354.0,7.47,385.0,-0.12,-1.59,7.65
001314,亿道信息,50.89,51.3,51.9,44664.0,50.95,3.0,-0.41,-0.8,53.71
001316,润贝航科,37.9,36.82,36.85,54310.0,37.95,61.0,1.08,2.93,38.96
001317,三羊马,47.7,52.29,51.02,101646.0,47.75,8.0,-4.59,-8.78,51.49
001318,阳光乳业,11.17,10.95,10.99,22859.0,11.19,51.0,0.22,2.01,11.24
001319,铭科精技,24.44,23.38,23.55,38620.0,24.46,23.0,1.06,4.53,24.75
001322,箭牌家居,6.51,6.36,6.36,116287.0,6.54,159.0,0.15,2.36,6.64
001323,慕思股份,18.77,18.4,18.42,9441.0,18.79,6.0,0.37,2.01,18.9
001324,长青科技,17.99,18.3,18.3,36458.0,18.07,9.0,-0.31,-1.69,18.48
001325,元创股份,39.25,37.63,38.05,13302.0,39.27,21.0,1.62,4.31,39.27
001326,联域股份,63.7,64.81,65.0,7235.0,63.76,17.0,-1.11,-1.71,65.57
001328,登康口腔,30.6,29.4,29.69,22604.0,30.62,15.0,1.2,4.08,30.7
001330,博纳影业,7.07,6.43,6.56,1365863.0,0.0,0.0,0.64,9.95,7.07
001332,锡装股份,45.28,46.09,46.95,27814.0,45.35,1.0,-0.81,-1.76,47.16
001333,光华股份,21.17,21.07,21.38,26929.0,21.19,10.0,0.1,0.47,21.4
001335,信凯科技,49.92,47.0,47.16,22357.0,49.94,17.0,2.92,6.21,49.98
001336,楚环科技,24.39,24.5,24.69,25493.0,24.42,60.0,-0.11,-0.45,25.3
001337,四川黄金,42.08,40.42,41.55,151073.0,42.1,2.0,1.66,4.11,43.2
001338,永顺泰,10.02,9.86,9.85,75845.0,10.04,216.0,0.16,1.62,10.14
001339,智微智能,97.4,96.7,97.85,50381.0,97.42,11.0,0.7,0.72,99.7
001356,富岭股份,9.34,9.55,9.51,42840.0,9.37,2.0,-0.21,-2.2,9.53
001358,兴欣新材,24.55,24.01,24.06,12270.0,24.6,11.0,0.54,2.25,24.83
001359,平安电工,107.14,97.4,99.01,57421.0,0.0,0.0,9.74,10.0,107.14
001360,南矿集团,18.74,17.04,17.22,54947.0,0.0,0.0,1.7,9.98,18.74
001365,天海电子,38.0,38.52,39.01,49284.0,38.06,34.0,-0.52,-1.35,39.2
001366,播恩集团,12.85,12.83,12.9,33160.0,12.88,70.0,0.02,0.16,13.1
001367,海森药业,20.18,19.47,19.55,24741.0,20.2,49.0,0.71,3.65,20.38
001368,通达创智,23.29,22.93,23.23,10790.0,23.33,97.0,0.36,1.57,23.37
001369,双欣材料,15.27,14.76,14.86,274152.0,15.29,255.0,0.51,3.46,15.27
001373,翔腾新材,33.34,33.26,33.27,14967.0,33.59,1.0,0.08,0.24,34.32
001376,百通能源,12.09,11.65,11.79,162076.0,12.11,8.0,0.44,3.78,12.41
001378,德冠新材,20.8,18.91,19.01,57015.0,0.0,0.0,1.89,9.99,20.8
001379,腾达科技,17.23,16.95,17.0,16685.0,17.28,249.0,0.28,1.65,17.35
001380,华纬科技,16.5,16.17,16.38,18677.0,16.52,22.0,0.33,2.04,16.7
001382,新亚电缆,20.58,20.42,20.59,27287.0,20.6,86.0,0.16,0.78,20.6
001386,马可波罗,16.39,15.44,15.7,108192.0,16.41,2.0,0.95,6.15,16.48
001387,雪祺电气,11.79,11.73,11.84,36510.0,11.82,18.0,0.06,0.51,11.96
001388,信通电子,29.43,28.59,28.85,14051.0,29.46,7.0,0.84,2.94,29.6
001389,广合科技,178.4,176.72,182.0,76991.0,178.43,1.0,1.68,0.95,188.5
001390,古麒绒材,17.64,17.11,17.2,20904.0,17.67,63.0,0.53,3.1,17.75
001391,国货航,4.74,4.64,4.69,241520.0,4.76,3650.0,0.1,2.16,4.76
001393,维通利,54.81,55.62,56.36,42288.0,54.85,94.0,-0.81,-1.46,56.59
001395,亚联机械,37.1,36.72,36.88,7604.0,37.14,6.0,0.38,1.03,37.1
001396,誉帆科技,39.55,39.06,39.47,11124.0,39.58,3.0,0.49,1.25,40.05
001400,江顺科技,109.02,109.18,109.93,36208.0,109.15,3.0,-0.16,-0.15,116.0
001696,宗申动力,22.84,20.76,21.31,936725.0,0.0,0.0,2.08,10.02,22.84
001872,招商港口,20.41,20.05,20.11,45874.0,20.53,47.0,0.36,1.8,20.61
001896,豫能控股,21.8,21.21,20.8,2288524.0,21.83,1480.0,0.59,2.78,22.2
001914,招商积余,9.65,9.39,9.42,78373.0,9.67,59.0,0.26,2.77,9.65
001965,招商公路,9.74,9.76,9.76,156724.0,9.76,84.0,-0.02,-0.2,9.86
001979,招商蛇口,8.16,8.27,8.26,594515.0,8.19,790.0,-0.11,-1.33,8.37
002001,新 和 成,30.09,29.41,29.21,554603.0,30.12,91.0,0.68,2.31,30.78
002003,伟星股份,9.05,8.93,8.93,88354.0,9.08,110.0,0.12,1.34,9.1
002004,华邦健康,4.62,4.55,4.55,272820.0,4.65,1986.0,0.07,1.54,4.64
002006,精工科技,14.89,14.8,14.98,88511.0,14.92,101.0,0.09,0.61,15.12
002007,华兰生物,13.42,13.19,13.29,142110.0,13.44,281.0,0.23,1.74,13.44
002008,大族激光,119.12,121.45,127.0,371677.0,119.17,16.0,-2.33,-1.92,127.2
002009,天奇股份,20.17,20.09,20.51,184769.0,20.2,266.0,0.08,0.4,20.75
002010,传化智联,4.9,4.8,4.84,195697.0,4.92,1987.0,0.1,2.08,4.93
002011,盾安环境,10.76,10.63,10.72,145953.0,10.78,334.0,0.13,1.22,10.9
002012,凯恩股份,7.02,7.1,7.23,148676.0,7.05,590.0,-0.08,-1.13,7.26
002014,永新股份,10.78,10.56,10.55,30318.0,10.8,261.0,0.22,2.08,10.78
002015,协鑫能科,17.11,17.73,18.0,978907.0,17.13,1023.0,-0.62,-3.5,18.23
002016,世荣兆业,4.59,4.56,4.6,112972.0,4.61,207.0,0.03,0.66,4.66
002017,东信和平,16.23,15.55,15.6,255611.0,16.3,86.0,0.68,4.37,16.59
002019,亿帆医药,10.05,9.87,9.92,84846.0,10.07,210.0,0.18,1.82,10.05
002020,京新药业,12.41,12.3,12.35,109833.0,12.52,86.0,0.11,0.89,12.59
002021,中捷资源,2.42,2.4,2.45,266662.0,2.45,8812.0,0.02,0.83,2.47
002022,科华生物,5.08,5.05,5.1,53085.0,5.1,594.0,0.03,0.59,5.1
002023,海特高新,11.4,11.12,11.3,459770.0,11.43,2.0,0.28,2.52,12.0
002025,航天电器,64.05,66.06,66.86,258172.0,64.08,9.0,-2.01,-3.04,69.17
002026,山东威达,11.94,11.9,12.0,56835.0,11.96,72.0,0.04,0.34,12.17
002027,分众传媒,5.45,5.34,5.35,2208943.0,5.47,11334.0,0.11,2.06,5.47
002028,思源电气,173.3,172.0,174.33,89080.0,173.37,2.0,1.3,0.76,176.82
002029,七 匹 狼,8.26,8.21,8.2,148455.0,8.29,434.0,0.05,0.61,8.27
002030,达安基因,5.38,5.29,5.41,216469.0,5.41,3247.0,0.09,1.7,5.44
002031,巨轮智能,5.63,5.75,5.85,1258668.0,5.66,1258.0,-0.12,-2.09,5.89
002032,苏 泊 尔,42.53,42.22,42.01,41577.0,42.61,31.0,0.31,0.73,42.53
002033,丽江股份,8.73,8.3,8.35,287369.0,8.75,1227.0,0.43,5.18,8.73
002034,旺能环境,17.52,16.7,16.79,178387.0,17.54,335.0,0.82,4.91,17.97
002035,华帝股份,5.03,4.91,4.92,85588.0,5.05,885.0,0.12,2.44,5.03
002036,联创电子,7.86,7.96,8.12,423359.0,7.88,931.0,-0.1,-1.26,8.26
002037,保利联合,6.95,6.81,6.85,57275.0,6.97,55.0,0.14,2.06,7.01
002038,双鹭药业,5.37,5.31,5.4,262274.0,5.43,412.0,0.06,1.13,5.53
002039,黔源电力,21.09,20.83,20.83,131783.0,21.12,44.0,0.26,1.25,21.35
002040,南 京 港,8.38,8.24,8.35,65704.0,8.41,85.0,0.14,1.7,8.44
002041,登海种业,8.7,8.18,8.18,252900.0,8.72,768.0,0.52,6.36,8.91
002042,华孚时尚,3.64,3.63,3.67,298662.0,3.67,619.0,0.01,0.28,3.72
002043,兔 宝 宝,12.38,11.55,11.66,178233.0,12.4,53.0,0.83,7.19,12.51
002044,美年健康,4.96,4.86,4.92,827346.0,4.98,3023.0,0.1,2.06,5.03
002045,国光电器,8.51,8.37,8.53,146436.0,8.54,613.0,0.14,1.67,8.72
002046,国机精工,59.19,57.73,59.9,223362.0,59.22,85.0,1.46,2.53,62.13
002047,宝鹰股份,4.0,4.16,4.2,395687.0,4.03,272.0,-0.16,-3.85,4.21
002048,宁波华翔,27.01,27.65,28.08,208323.0,27.03,2.0,-0.64,-2.31,28.22
002049,紫光国微,71.51,71.42,73.24,259205.0,71.54,7.0,0.09,0.13,74.0
002050,三花智控,44.81,45.69,46.15,1237364.0,44.93,1.0,-0.88,-1.93,47.3
002051,中工国际,10.56,11.7,12.62,1361397.0,10.59,577.0,-1.14,-9.74,12.62
002052,同洲电子,9.1,8.83,8.89,155501.0,9.12,422.0,0.27,3.06,9.35
002053,云南能投,10.62,10.41,10.48,92390.0,10.65,146.0,0.21,2.02,10.84
002054,德美化工,7.46,7.38,7.38,94962.0,7.48,373.0,0.08,1.08,7.53
002056,横店东磁,24.62,24.72,25.08,834595.0,24.65,138.0,-0.1,-0.4,26.18
002057,中钢天源,11.68,11.36,11.46,844849.0,11.7,361.0,0.32,2.82,12.5
002059,云南旅游,4.59,4.53,4.52,132526.0,4.62,612.0,0.06,1.32,4.63
002060,广东建工,3.26,3.21,3.24,136147.0,3.28,2941.0,0.05,1.56,3.28
002061,浙江交科,3.62,3.58,3.59,264682.0,3.64,847.0,0.04,1.12,3.67
002062,宏润建设,7.77,7.86,7.9,119378.0,7.79,300.0,-0.09,-1.15,7.98
002063,远光软件,5.3,5.2,5.29,311150.0,5.33,1807.0,0.1,1.92,5.34
002064,华峰化学,10.35,9.86,9.94,570440.0,10.37,175.0,0.49,4.97,10.46
002065,东华软件,7.0,6.89,6.96,407315.0,7.02,1676.0,0.11,1.6,7.1
002066,瑞泰科技,22.57,22.55,23.0,47730.0,22.61,58.0,0.02,0.09,23.18
002067,景兴纸业,4.18,4.1,4.17,365389.0,4.2,5072.0,0.08,1.95,4.24
002068,黑猫股份,10.08,9.98,9.99,404496.0,10.18,41.0,0.1,1.0,10.5
002069,獐子岛,3.27,3.22,3.25,84092.0,3.3,2199.0,0.05,1.55,3.29
002072,凯瑞德,8.5,8.79,8.73,196362.0,8.52,360.0,-0.29,-3.3,9.15
002073,软控股份,5.45,5.35,5.39,158092.0,5.47,1494.0,0.1,1.87,5.5
002074,国轩高科,29.04,28.35,28.66,346098.0,29.07,29.0,0.69,2.43,29.57
002075,沙钢股份,3.57,3.46,3.48,365624.0,3.59,3393.0,0.11,3.18,3.65
002077,大港股份,15.82,16.3,16.66,354566.0,15.84,198.0,-0.48,-2.94,17.2
002078,太阳纸业,13.76,13.36,13.4,249314.0,13.78,544.0,0.4,2.99,13.82
002079,苏州固锝,11.59,11.9,12.08,408967.0,11.63,17.0,-0.31,-2.61,12.44
002080,中材科技,61.92,63.88,65.87,647349.0,62.1,411.0,-1.96,-3.07,67.46
002081,金 螳 螂,5.03,5.35,5.3,2633691.0,5.06,1023.0,-0.32,-5.98,5.32
002083,孚日股份,9.64,9.01,9.06,616328.0,9.67,380.0,0.63,6.99,9.91
002084,海鸥住工,3.38,3.28,3.33,353934.0,3.41,297.0,0.1,3.05,3.49
002085,万丰奥威,13.59,12.35,12.45,815202.0,0.0,0.0,1.24,10.04,13.59
002086,东方海洋,1.82,1.76,1.78,371720.0,1.84,10124.0,0.06,3.41,1.83
002088,鲁阳节能,8.95,8.14,8.28,56495.0,0.0,0.0,0.81,9.95,8.95
002090,金智科技,9.31,9.22,9.4,69943.0,9.33,148.0,0.09,0.98,9.42
002091,江苏国泰,7.52,7.5,7.55,169204.0,7.55,240.0,0.02,0.27,7.66
002092,中泰化学,4.43,4.35,4.34,847950.0,4.45,2367.0,0.08,1.84,4.53
002093,国脉科技,6.92,6.71,6.83,146570.0,6.94,588.0,0.21,3.13,6.99
002094,青岛金王,4.89,4.85,4.85,185133.0,4.92,2386.0,0.04,0.82,4.93
002095,生 意 宝,13.51,13.23,13.33,24238.0,13.53,10.0,0.28,2.12,13.62
002096,易普力,9.2,8.96,9.1,209462.0,9.22,210.0,0.24,2.68,9.2
002097,山河智能,8.24,8.07,8.15,200468.0,8.27,1609.0,0.17,2.11,8.36
002098,浔兴股份,7.19,7.0,7.02,35815.0,7.21,254.0,0.19,2.71,7.19
002099,海翔药业,5.37,5.35,5.34,199153.0,5.4,645.0,0.02,0.37,5.42
002100,天康生物,6.32,6.31,6.32,190207.0,6.34,175.0,0.01,0.16,6.37
002101,广东鸿图,8.47,8.38,8.43,65514.0,8.49,1317.0,0.09,1.07,8.62
002103,广博股份,6.41,6.37,6.39,100783.0,6.43,114.0,0.04,0.63,6.49
002104,恒宝股份,11.36,11.14,11.36,239697.0,11.39,133.0,0.22,1.97,11.52
002105,信隆健康,5.54,5.43,5.49,54912.0,5.56,244.0,0.11,2.03,5.58
002106,莱宝高科,12.16,12.59,12.83,411632.0,12.19,868.0,-0.43,-3.42,13.06
002107,沃华医药,6.03,5.91,5.94,119323.0,6.05,2246.0,0.12,2.03,6.05
002108,沧州明珠,4.74,4.63,4.67,432046.0,4.76,1752.0,0.11,2.38,4.81
002110,三钢闽光,3.03,2.94,2.94,234135.0,3.05,8272.0,0.09,3.06,3.05
002111,威海广泰,9.59,9.3,9.41,119460.0,9.61,76.0,0.29,3.12,9.74
002112,三变科技,16.74,16.42,16.66,110036.0,16.76,128.0,0.32,1.95,17.05
002114,罗平锌电,7.54,7.15,7.29,158496.0,7.57,276.0,0.39,5.45,7.8
002115,三维通信,11.51,11.33,11.54,318625.0,11.53,327.0,0.18,1.59,11.77
002116,中国海诚,8.96,8.81,8.81,26853.0,8.98,517.0,0.15,1.7,8.97
002117,东港股份,9.02,8.9,8.97,59525.0,9.04,199.0,0.12,1.35,9.05
002119,康强电子,31.96,31.2,34.3,1439260.0,31.99,210.0,0.76,2.44,34.32
002120,韵达股份,6.64,6.52,6.55,337477.0,6.67,1842.0,0.12,1.84,6.68
002121,科陆电子,6.07,5.93,6.09,357190.0,6.09,848.0,0.14,2.36,6.2
002123,梦网科技,7.52,7.39,7.48,148656.0,7.54,501.0,0.13,1.76,7.58
002124,天邦食品,2.38,2.37,2.36,685843.0,2.4,14771.0,0.01,0.42,2.4
002125,湘潭电化,18.06,18.32,18.37,860225.0,18.08,39.0,-0.26,-1.42,19.1
002126,银轮股份,47.21,46.81,47.6,223331.0,47.33,30.0,0.4,0.85,49.63
002127,南极电商,2.75,2.71,2.74,234773.0,2.77,1973.0,0.04,1.48,2.76
002128,电投能源,27.75,28.53,28.78,290516.0,27.87,243.0,-0.78,-2.73,29.14
002129,TCL中环,9.98,10.13,10.38,5124436.0,10.01,999.0,-0.15,-1.48,11.14
002130,沃尔核材,19.19,18.66,19.0,461785.0,19.22,345.0,0.53,2.84,19.8
002131,利欧股份,5.29,5.26,5.34,2635308.0,5.31,3138.0,0.03,0.57,5.42
002132,恒星科技,5.19,5.34,5.41,667816.0,5.22,1083.0,-0.15,-2.81,5.46
002133,广宇集团,2.74,2.73,2.75,169451.0,2.77,1412.0,0.01,0.37,2.79
002134,天津普林,27.95,28.43,28.84,180381.0,27.99,168.0,-0.48,-1.69,28.98
002135,东南网架,6.64,6.49,6.61,210306.0,6.67,654.0,0.15,2.31,6.71
002136,安 纳 达,12.58,12.12,12.18,100906.0,12.6,83.0,0.46,3.8,12.76
002137,实益达,9.2,9.91,10.17,950692.0,9.23,142.0,-0.71,-7.16,10.39
002138,顺络电子,56.16,55.63,57.3,613371.0,56.18,70.0,0.53,0.95,59.09
002139,拓邦股份,9.55,9.51,9.7,255758.0,9.57,731.0,0.04,0.42,9.75
002140,东华科技,9.98,9.74,9.8,62251.0,10.0,454.0,0.24,2.46,10.05
002141,贤丰控股,3.28,3.4,3.42,480836.0,3.31,840.0,-0.12,-3.53,3.45
002142,宁波银行,32.7,32.85,32.8,353104.0,32.72,647.0,-0.15,-0.46,32.94
002144,宏达高科,11.12,11.07,11.22,31920.0,11.15,141.0,0.05,0.45,11.24
002145,钛能化学,4.27,4.17,4.24,603975.0,4.29,2395.0,0.1,2.4,4.32
002146,荣盛发展,1.25,1.23,1.24,934905.0,1.28,54791.0,0.02,1.63,1.26
002148,北纬科技,6.29,6.17,6.25,131382.0,6.31,214.0,0.12,1.94,6.37
002149,西部材料,59.8,61.89,62.5,619127.0,59.83,22.0,-2.09,-3.38,64.29
002150,正泰电源,24.86,25.06,25.32,116303.0,24.88,13.0,-0.2,-0.8,25.7
002151,北斗星通,33.76,33.0,33.3,155325.0,33.78,47.0,0.76,2.3,34.45
002152,广电运通,9.83,9.56,9.66,263807.0,9.85,1203.0,0.27,2.82,9.86
002153,石基信息,7.86,7.74,7.86,221959.0,7.88,750.0,0.12,1.55,7.98
002154,报 喜 鸟,3.94,3.81,3.84,255055.0,3.96,1285.0,0.13,3.41,3.95
002155,湖南黄金,24.23,23.33,24.0,697722.0,24.25,415.0,0.9,3.86,25.1
002156,通富微电,57.22,60.09,62.69,1455416.0,57.25,241.0,-2.87,-4.78,62.96
002157,正邦科技,3.09,3.05,3.05,1306675.0,3.11,12329.0,0.04,1.31,3.1
002158,汉钟精机,27.47,27.03,27.51,92906.0,27.5,33.0,0.44,1.63,28.35
002159,三特索道,13.81,13.49,13.55,29113.0,13.85,57.0,0.32,2.37,13.84
002161,远 望 谷,5.55,5.49,5.55,144624.0,5.57,351.0,0.06,1.09,5.67
002162,悦心健康,3.69,3.68,3.72,115391.0,3.71,2534.0,0.01,0.27,3.74
002163,海南发展,9.23,9.11,9.2,225965.0,9.25,510.0,0.12,1.32,9.38
002164,宁波东力,13.27,13.7,13.73,304050.0,13.3,86.0,-0.43,-3.14,14.0
002165,红 宝 丽,7.73,8.03,7.44,1702929.0,7.76,3176.0,-0.3,-3.74,8.26
002166,莱茵生物,7.48,7.39,7.44,62264.0,7.5,528.0,0.09,1.22,7.51
002167,东方锆业,14.2,13.85,14.02,1035339.0,14.22,497.0,0.35,2.53,14.49
002169,智光电气,14.94,14.97,15.21,363620.0,14.97,51.0,-0.03,-0.2,15.59
002170,芭田股份,11.35,11.08,11.16,239952.0,11.37,284.0,0.27,2.44,11.63
002171,楚江新材,13.59,12.88,13.1,1668832.0,13.62,2049.0,0.71,5.51,13.71
002172,澳洋健康,3.18,3.1,3.13,139708.0,3.2,3588.0,0.08,2.58,3.19
002173,创新医疗,17.3,16.97,17.2,180413.0,17.32,120.0,0.33,1.94,17.52
002174,游族网络,10.08,9.93,10.42,455605.0,10.1,585.0,0.15,1.51,10.42
002176,江特电机,11.25,11.12,11.15,1544350.0,11.28,411.0,0.13,1.17,11.6
002177,御银股份,6.09,5.98,6.07,305910.0,6.12,806.0,0.11,1.84,6.18
002178,延华智能,5.33,5.27,5.3,98406.0,5.35,429.0,0.06,1.14,5.44
002179,中航光电,36.01,36.5,37.21,481929.0,36.04,16.0,-0.49,-1.34,37.85
002180,奔图科技,13.95,14.42,14.45,248590.0,13.97,85.0,-0.47,-3.26,14.63
002181,粤 传 媒,13.07,14.48,13.03,1425935.0,13.09,14.0,-1.41,-9.74,14.12
002182,宝武镁业,13.2,12.75,12.95,295702.0,13.23,229.0,0.45,3.53,13.62
002183,怡 亚 通,5.32,5.44,5.56,1116436.0,5.35,858.0,-0.12,-2.21,5.6
002184,海得控制,10.55,10.68,10.8,75579.0,10.57,50.0,-0.13,-1.22,10.85
002185,华天科技,16.06,16.75,17.35,3032927.0,16.09,1948.0,-0.69,-4.12,17.53
002186,全 聚 德,9.12,8.93,8.96,45047.0,9.14,127.0,0.19,2.13,9.17
002187,广百股份,5.27,5.15,5.17,125764.0,5.29,941.0,0.12,2.33,5.32
002188,中天服务,5.69,5.53,5.58,104584.0,5.72,1805.0,0.16,2.89,5.73
002189,中光学,20.31,20.3,20.28,62580.0,20.36,6.0,0.01,0.05,20.88
002190,成飞集成,27.07,24.61,24.88,105271.0,0.0,0.0,2.46,10.0,27.07
002191,劲嘉股份,3.81,3.88,3.9,286572.0,3.83,367.0,-0.07,-1.8,3.91
002192,融捷股份,89.74,83.55,83.66,462704.0,89.77,5.0,6.19,7.41,91.67
002194,武汉凡谷,11.37,11.3,11.31,482372.0,11.4,986.0,0.07,0.62,11.88
002195,岩山科技,6.88,6.78,6.95,1561470.0,6.9,10201.0,0.1,1.47,7.01
002196,方正电机,12.47,12.33,12.53,261184.0,12.49,456.0,0.14,1.14,12.83
002197,证通电子,6.09,6.04,6.2,161981.0,6.12,71.0,0.05,0.83,6.25
002200,交投生态,6.81,6.19,6.2,50103.0,0.0,0.0,0.62,10.02,6.81
002201,九鼎新材,10.93,11.25,11.37,501045.0,10.96,385.0,-0.32,-2.84,11.45
002202,金风科技,21.43,21.13,21.56,1697071.0,21.46,95.0,0.3,1.42,22.3
002203,海亮股份,23.44,21.31,23.42,1025318.0,0.0,0.0,2.13,10.0,23.44
002204,大连重工,5.63,5.48,5.53,209608.0,5.66,560.0,0.15,2.74,5.7
002205,国统股份,11.71,11.72,11.98,25114.0,11.75,137.0,-0.01,-0.09,12.04
002206,海 利 得,5.28,5.16,5.19,145181.0,5.31,1160.0,0.12,2.33,5.35
002208,合肥城建,15.46,15.6,15.96,565459.0,15.48,591.0,-0.14,-0.9,16.33
002209,达 意 隆,11.48,11.25,11.4,48127.0,11.5,164.0,0.23,2.04,11.57
002210,飞马国际,2.46,2.44,2.46,702996.0,2.48,16884.0,0.02,0.82,2.5
002212,天融信,6.35,6.03,6.13,594508.0,6.37,3443.0,0.32,5.31,6.63
002213,大为股份,38.19,38.77,39.1,340090.0,38.22,3.0,-0.58,-1.5,39.63
002215,诺 普 信,9.58,8.71,8.75,315400.0,0.0,0.0,0.87,9.99,9.58
002216,三全食品,12.5,12.44,12.38,79931.0,12.61,13.0,0.06,0.48,12.75
002217,合力泰,2.31,2.3,2.36,2297857.0,2.34,18764.0,0.01,0.43,2.41
002218,拓日新能,4.26,4.24,4.25,482418.0,4.29,4114.0,0.02,0.47,4.34
002219,新里程,1.99,1.98,1.99,704368.0,2.01,13139.0,0.01,0.51,2.01
002221,东华能源,6.12,5.93,5.94,237383.0,6.14,961.0,0.19,3.2,6.18
002222,福晶科技,90.38,90.72,93.98,258112.0,90.42,3.0,-0.34,-0.37,93.99
002223,鱼跃医疗,25.96,25.32,25.44,99867.0,25.98,353.0,0.64,2.53,25.96
002224,三 力 士,3.59,3.52,3.53,115739.0,3.61,2058.0,0.07,1.99,3.62
002225,濮耐股份,4.15,4.05,4.06,1082667.0,4.18,1029.0,0.1,2.47,4.3
002226,江南化工,4.95,4.78,4.79,377593.0,4.97,1891.0,0.17,3.56,4.96
002228,合兴包装,3.21,3.15,3.19,231107.0,3.23,1858.0,0.06,1.9,3.21
002229,鸿博股份,13.3,13.59,13.73,345216.0,13.33,158.0,-0.29,-2.13,13.86
002230,科大讯飞,40.39,40.79,41.2,723219.0,40.42,256.0,-0.4,-0.98,41.38
002232,启明信息,14.93,14.73,14.79,33585.0,14.96,45.0,0.2,1.36,15.18
002233,塔牌集团,7.59,7.49,7.55,119611.0,7.62,93.0,0.1,1.34,7.65
002234,民和股份,7.18,7.05,7.14,83624.0,7.21,241.0,0.13,1.84,7.25
002235,安妮股份,9.58,9.37,9.45,318608.0,9.61,60.0,0.21,2.24,9.59
002236,大华股份,15.95,15.84,16.01,352024.0,15.97,1023.0,0.11,0.69,16.07
002237,恒邦股份,13.01,12.29,12.59,305399.0,13.04,260.0,0.72,5.86,13.25
002238,天威视讯,6.0,5.95,5.98,55353.0,6.02,100.0,0.05,0.84,6.09
002239,奥特佳,2.47,2.43,2.45,501192.0,2.49,27699.0,0.04,1.65,2.49
002240,盛新锂能,51.08,50.98,50.0,1014912.0,51.11,342.0,0.1,0.2,54.05
002241,歌尔股份,23.01,22.72,23.03,1095396.0,23.04,6.0,0.29,1.28,23.75
002242,九阳股份,8.7,8.44,8.5,139923.0,8.75,10.0,0.26,3.08,8.92
002243,力合科创,7.01,7.01,7.15,211052.0,7.03,293.0,0.0,0.0,7.16
002244,滨江集团,9.36,9.33,9.39,253971.0,9.39,678.0,0.03,0.32,9.62
002245,蔚蓝锂芯,19.26,19.85,20.11,1480946.0,19.29,228.0,-0.59,-2.97,20.58
002246,北化股份,21.36,20.5,20.52,194083.0,21.39,23.0,0.86,4.2,21.6
002247,聚力文化,2.38,2.35,2.36,238064.0,2.41,1314.0,0.03,1.28,2.46
002248,华东数控,9.55,9.42,9.52,91925.0,9.57,81.0,0.13,1.38,9.69
002249,大洋电机,7.95,7.85,7.93,367476.0,7.97,740.0,0.1,1.27,8.06
002250,联化科技,14.35,14.03,14.22,189395.0,14.39,64.0,0.32,2.28,14.45
002251,步步高,4.0,3.9,3.82,2389416.0,4.03,1614.0,0.1,2.56,4.15
002252,上海莱士,5.01,4.89,4.89,2042278.0,5.04,433.0,0.12,2.45,5.01
002254,泰和新材,18.06,18.92,18.54,1332909.0,18.08,538.0,-0.86,-4.55,18.68
002255,海陆重工,9.19,8.93,9.08,219327.0,9.21,653.0,0.26,2.91,9.24
002256,兆新股份,4.16,4.2,4.2,765525.0,4.18,1166.0,-0.04,-0.95,4.28
002258,利尔化学,13.17,12.74,12.51,244543.0,13.19,118.0,0.43,3.38,13.39
002259,升达林业,4.5,4.55,4.53,302821.0,4.54,321.0,-0.05,-1.1,4.72
002261,拓维信息,29.81,28.92,29.2,927366.0,29.84,136.0,0.89,3.08,30.59
002262,恩华药业,19.44,18.97,19.18,91461.0,19.47,229.0,0.47,2.48,19.49
002263,大东南,3.77,3.84,3.99,1577792.0,3.8,6199.0,-0.07,-1.82,4.08
002264,新 华 都,6.31,6.22,6.29,109059.0,6.34,198.0,0.09,1.45,6.37
002265,建设工业,19.88,19.88,20.0,98337.0,19.9,379.0,0.0,0.0,20.42
002266,浙富控股,4.79,4.67,4.69,900038.0,4.82,3312.0,0.12,2.57,4.86
002267,陕天然气,7.2,7.11,7.1,70031.0,7.22,451.0,0.09,1.27,7.2
002268,电科网安,13.1,12.8,12.96,91493.0,13.12,253.0,0.3,2.34,13.24
002269,美邦服饰,1.51,1.46,1.47,888773.0,1.54,15602.0,0.05,3.42,1.56
002270,华明装备,20.13,18.3,18.68,183935.0,0.0,0.0,1.83,10.0,20.13
002271,东方雨虹,12.31,12.13,12.24,315825.0,12.34,221.0,0.18,1.48,12.48
002272,川润股份,20.94,20.81,20.99,625353.0,20.97,240.0,0.13,0.62,22.07
002273,水晶光电,32.39,33.18,33.97,576288.0,32.42,39.0,-0.79,-2.38,34.36
002274,华昌化工,5.26,5.21,5.2,161176.0,5.28,52.0,0.05,0.96,5.33
002275,桂林三金,12.76,12.7,12.8,28312.0,12.89,377.0,0.06,0.47,12.9
002276,万马股份,10.79,10.6,10.74,185532.0,10.81,528.0,0.19,1.79,10.92
002277,友阿股份,6.44,6.45,6.56,277265.0,6.47,500.0,-0.01,-0.16,6.72
002278,神开股份,8.59,8.4,8.46,111598.0,8.61,313.0,0.19,2.26,8.67
002279,久其软件,6.86,6.78,6.88,272989.0,6.88,943.0,0.08,1.18,6.95
002281,光迅科技,204.97,205.4,210.15,431117.0,204.99,734.0,-0.43,-0.21,211.1
002282,博深股份,6.13,6.06,6.11,48753.0,6.16,100.0,0.07,1.16,6.21
002283,天润工业,9.36,9.13,9.29,363697.0,9.39,779.0,0.23,2.52,9.75
002284,亚太股份,10.54,10.3,10.5,116937.0,10.56,1.0,0.24,2.33,10.64
002285,世联行,2.4,2.36,2.36,450555.0,2.42,4114.0,0.04,1.69,2.43
002286,保龄宝,9.3,9.07,9.07,97411.0,9.32,388.0,0.23,2.54,9.32
002287,奇正藏药,20.49,20.11,20.2,14575.0,20.51,53.0,0.38,1.89,20.55
002290,禾盛新材,78.44,78.3,81.0,80031.0,78.49,5.0,0.14,0.18,82.98
002291,遥望科技,5.29,5.18,5.23,291624.0,5.31,1570.0,0.11,2.12,5.34
002292,奥飞娱乐,6.76,6.74,6.84,350672.0,6.78,97.0,0.02,0.3,6.87
002293,罗莱生活,10.2,10.12,9.99,71407.0,10.23,33.0,0.08,0.79,10.32
002294,信立泰,31.3,31.14,31.31,226110.0,31.5,1.0,0.16,0.51,32.35
002295,精艺股份,9.82,9.5,9.52,54073.0,9.85,24.0,0.32,3.37,10.12
002296,辉煌科技,9.55,9.4,9.52,77910.0,9.57,188.0,0.15,1.6,9.72
002297,博云新材,22.44,21.39,22.0,1549164.0,22.47,73.0,1.05,4.91,23.01
002298,中电鑫龙,8.04,7.89,8.0,251682.0,8.07,254.0,0.15,1.9,8.17
002299,圣农发展,16.4,16.08,16.09,116733.0,16.43,56.0,0.32,1.99,16.56
002300,太阳电缆,7.48,7.49,7.54,245065.0,7.5,975.0,-0.01,-0.13,7.63
002301,齐心集团,7.36,7.4,7.4,115748.0,7.38,202.0,-0.04,-0.54,7.52
002302,西部建设,4.79,4.8,4.82,73462.0,4.82,31.0,-0.01,-0.21,4.89
002303,美盈森,3.16,3.08,3.09,117240.0,3.18,3404.0,0.08,2.6,3.19
002304,洋河股份,43.0,43.36,43.2,88494.0,43.26,4.0,-0.36,-0.83,44.34
002307,北新路桥,3.62,3.56,3.61,111242.0,3.64,1394.0,0.06,1.69,3.68
002309,中利集团,3.16,3.16,3.2,1202741.0,3.19,4187.0,0.0,0.0,3.24
002310,东方新能,2.42,2.44,2.47,1029210.0,2.45,11124.0,-0.02,-0.82,2.49
002311,海大集团,45.65,44.9,44.8,141364.0,45.69,23.0,0.75,1.67,46.15
002312,川发龙蟒,8.88,8.79,8.69,682200.0,8.91,195.0,0.09,1.02,9.0
002313,日海智能,8.15,8.21,8.26,72397.0,8.17,195.0,-0.06,-0.73,8.41
002314,南山控股,2.33,2.3,2.31,555818.0,2.35,4886.0,0.03,1.3,2.34
002315,焦点科技,24.69,24.1,24.36,60059.0,24.72,63.0,0.59,2.45,24.79
002316,亚联发展,4.61,4.55,4.61,144403.0,4.63,655.0,0.06,1.32,4.66
002317,众生药业,22.54,22.76,22.6,484587.0,22.58,190.0,-0.22,-0.97,23.33
002318,久立特材,23.09,22.03,22.22,184103.0,23.12,19.0,1.06,4.81,23.21
002319,乐通股份,11.49,11.01,11.16,136895.0,11.54,5.0,0.48,4.36,11.84
002320,海峡股份,6.93,6.77,6.83,185905.0,6.95,424.0,0.16,2.36,7.02
002321,华英农业,1.84,1.82,1.82,282986.0,1.86,9658.0,0.02,1.1,1.86
002322,理工能科,10.65,10.47,10.63,24428.0,10.67,41.0,0.18,1.72,10.72
002324,普利特,12.05,11.65,11.79,236270.0,12.08,513.0,0.4,3.43,12.37
002326,永太科技,21.62,22.2,22.2,285100.0,21.65,178.0,-0.58,-2.61,22.26
002327,富安娜,7.16,6.95,6.99,79319.0,7.18,2813.0,0.21,3.02,7.19
002328,新朋股份,7.74,7.73,7.88,289217.0,7.77,731.0,0.01,0.13,7.99
002329,皇氏集团,3.16,3.1,3.18,383535.0,3.19,234.0,0.06,1.94,3.24
002330,得利斯,3.9,3.85,3.87,102725.0,3.92,1901.0,0.05,1.3,3.92
002331,皖通科技,8.23,8.36,8.48,111220.0,8.25,205.0,-0.13,-1.56,8.51
002332,仙琚制药,8.61,8.5,8.53,157529.0,8.65,906.0,0.11,1.29,8.66
002333,罗普斯金,4.93,4.82,4.9,47831.0,4.95,1321.0,0.11,2.28,4.93
002334,英威腾,8.11,8.26,8.41,498769.0,8.13,647.0,-0.15,-1.82,8.71
002335,科华数据,35.66,35.37,36.14,277748.0,35.75,10.0,0.29,0.82,37.05
002337,赛象科技,5.0,4.94,4.98,62416.0,5.02,214.0,0.06,1.21,5.05
002338,奥普光电,52.94,51.88,52.86,81235.0,52.99,37.0,1.06,2.04,55.12
002339,积成电子,7.64,7.55,7.65,137990.0,7.67,462.0,0.09,1.19,7.75
002340,格林美,7.36,7.13,7.2,1899430.0,7.38,3530.0,0.23,3.23,7.49
002342,巨力索具,10.17,9.98,10.18,922108.0,10.19,825.0,0.19,1.9,10.39
002343,慈文传媒,4.94,4.82,4.92,143201.0,4.96,1232.0,0.12,2.49,5.0
002344,海宁皮城,3.8,3.74,3.76,94534.0,3.82,417.0,0.06,1.6,3.84
002345,潮宏基,9.76,8.87,8.87,338966.0,0.0,0.0,0.89,10.03,9.76
002346,柘中股份,16.0,15.94,16.3,32778.0,16.05,13.0,0.06,0.38,16.45
002347,泰尔股份,6.49,6.41,6.5,128393.0,6.51,326.0,0.08,1.25,6.6
002348,高乐股份,11.4,11.9,12.1,322115.0,11.43,676.0,-0.5,-4.2,12.58
002349,精华制药,6.47,6.33,6.36,68652.0,6.5,533.0,0.14,2.21,6.47
002350,北京科锐,14.33,14.43,14.31,190811.0,14.36,65.0,-0.1,-0.69,14.85
002351,漫步者,10.28,9.83,9.99,158345.0,10.3,1053.0,0.45,4.58,10.49
002352,顺丰控股,34.36,34.33,34.38,241775.0,34.39,12.0,0.03,0.09,34.7
002353,杰瑞股份,144.9,145.01,152.26,298977.0,144.92,1927.0,-0.11,-0.08,158.0
002354,天娱数科,7.52,7.98,7.42,6080471.0,7.55,3219.0,-0.46,-5.76,8.12
002355,兴民智通,4.77,4.73,4.8,233526.0,4.79,1062.0,0.04,0.85,5.13
002356,赫美集团,3.19,3.11,3.12,407131.0,3.21,5375.0,0.08,2.57,3.22
002357,富临运业,9.39,9.33,9.39,77584.0,9.42,381.0,0.06,0.64,9.44
002358,森源电气,5.86,5.77,5.89,161347.0,5.89,1275.0,0.09,1.56,5.94
002361,神剑股份,15.74,17.47,16.82,2281683.0,15.77,140.0,-1.73,-9.9,17.55
002362,汉王科技,18.4,18.81,18.89,160145.0,18.45,6.0,-0.41,-2.18,19.3
002363,隆基机械,6.75,6.6,6.66,57151.0,6.77,328.0,0.15,2.27,6.77
002364,中恒电气,46.51,48.97,50.58,447846.0,46.53,121.0,-2.46,-5.02,50.67
002365,永安药业,11.01,10.89,10.9,58784.0,11.03,57.0,0.12,1.1,11.05
002366,融发核电,5.99,5.96,5.99,373162.0,6.01,2994.0,0.03,0.5,6.12
002367,康力电梯,5.32,5.25,5.3,61920.0,5.34,209.0,0.07,1.33,5.35
002368,太极股份,15.92,15.99,16.01,116738.0,15.95,17.0,-0.07,-0.44,16.2
002369,卓翼科技,5.91,5.86,5.96,155722.0,5.93,1669.0,0.05,0.85,6.06
002370,亚太药业,5.23,5.19,5.29,163613.0,5.25,959.0,0.04,0.77,5.29
002371,北方华创,667.19,637.5,666.19,153480.0,667.21,1.0,29.69,4.66,680.99
002372,伟星新材,9.4,9.16,9.13,137862.0,9.42,171.0,0.24,2.62,9.4
002373,千方科技,7.4,7.22,7.3,225832.0,7.43,1676.0,0.18,2.49,7.45
002374,中锐股份,3.21,3.2,3.22,213350.0,3.23,821.0,0.01,0.31,3.26
002375,亚厦股份,3.82,3.82,3.86,168596.0,3.84,1133.0,0.0,0.0,3.87
002376,新北洋,6.12,6.04,6.1,85190.0,6.14,903.0,0.08,1.32,6.16
002377,国创高新,2.8,2.84,2.83,398295.0,2.82,417.0,-0.04,-1.41,2.93
002378,章源钨业,34.64,33.63,35.0,2018470.0,34.66,690.0,1.01,3.0,36.66
002379,宏桥控股,17.57,16.99,17.38,411687.0,17.61,52.0,0.58,3.41,18.53
002380,科远智慧,37.04,36.11,36.48,74939.0,37.1,1.0,0.93,2.58,38.6
002381,双箭股份,5.62,5.53,5.55,38997.0,5.64,663.0,0.09,1.63,5.65
002382,蓝帆医疗,5.74,5.72,5.73,156161.0,5.76,310.0,0.02,0.35,5.8
002383,合众思壮,7.32,7.2,7.3,139044.0,7.34,265.0,0.12,1.67,7.47
002384,东山精密,217.55,210.99,220.5,795949.0,217.57,2.0,6.56,3.11,226.8
002385,大北农,3.01,3.13,3.13,2148132.0,3.04,3532.0,-0.12,-3.83,3.13
002386,天原股份,5.81,5.69,5.73,284922.0,5.83,1293.0,0.12,2.11,5.9
002387,维信诺,7.91,8.21,8.25,467057.0,7.94,471.0,-0.3,-3.65,8.55
002388,新亚制程,5.0,5.07,5.22,332390.0,5.03,1524.0,-0.07,-1.38,5.32
002389,航天彩虹,18.98,18.17,18.29,303085.0,19.01,466.0,0.81,4.46,19.5
002390,信邦制药,2.9,2.89,2.9,257230.0,2.94,4600.0,0.01,0.35,2.95
002391,长青股份,5.46,5.36,5.38,74739.0,5.48,676.0,0.1,1.87,5.5
002392,北京利尔,7.59,7.41,7.48,237636.0,7.61,106.0,0.18,2.43,7.79
002393,力生制药,14.27,14.0,14.06,20211.0,14.3,200.0,0.27,1.93,14.29
002394,联发股份,9.36,9.3,9.37,67796.0,9.39,140.0,0.06,0.65,9.4
002395,双象股份,13.32,13.48,13.58,76606.0,13.34,75.0,-0.16,-1.19,13.69
002396,星网锐捷,17.55,17.87,18.23,300332.0,17.57,33.0,-0.32,-1.79,18.38
002397,梦洁股份,4.24,4.23,4.27,125495.0,4.26,281.0,0.01,0.24,4.32
002398,垒知集团,4.17,4.12,4.17,115590.0,4.2,2251.0,0.05,1.21,4.21
002399,海普瑞,9.27,9.32,9.39,53866.0,9.31,1624.0,-0.05,-0.54,9.55
002400,省广集团,7.0,6.86,7.0,693968.0,7.03,1718.0,0.14,2.04,7.08
002401,中远海科,12.7,12.42,12.49,42923.0,12.72,291.0,0.28,2.25,12.85
002402,和而泰,23.8,23.86,24.2,271031.0,23.82,54.0,-0.06,-0.25,24.42
002403,爱仕达,10.06,10.12,10.22,61286.0,10.08,168.0,-0.06,-0.59,10.37
002404,嘉欣丝绸,6.32,6.38,6.38,190754.0,6.34,204.0,-0.06,-0.94,6.39
002405,四维图新,7.4,7.4,7.56,510050.0,7.43,1480.0,0.0,0.0,7.58
002406,远东传动,7.19,7.21,7.39,310655.0,7.21,1367.0,-0.02,-0.28,7.47
002407,多氟多,39.67,38.19,38.0,2708380.0,39.7,272.0,1.48,3.88,40.1
002408,齐翔腾达,4.88,4.87,4.88,387164.0,4.91,595.0,0.01,0.21,4.98
002409,雅克科技,132.99,134.81,140.01,663193.0,133.02,14.0,-1.82,-1.35,144.5
002410,广联达,8.95,8.85,8.93,311727.0,8.97,1388.0,0.1,1.13,9.04
002412,汉森制药,6.26,6.13,6.16,103107.0,6.29,408.0,0.13,2.12,6.3
002413,雷科防务,10.35,10.07,10.13,893083.0,10.37,983.0,0.28,2.78,10.64
002414,高德红外,13.02,12.65,12.75,899046.0,13.07,5.0,0.37,2.92,13.47
002415,海康威视,30.24,29.98,30.25,662501.0,30.27,288.0,0.26,0.87,30.67
002416,爱施德,11.1,10.27,10.42,488997.0,11.13,195.0,0.83,8.08,11.23
002418,康盛股份,4.15,4.16,4.26,575082.0,4.17,1016.0,-0.01,-0.24,4.29
002419,天虹股份,4.65,4.54,4.56,87036.0,4.67,540.0,0.11,2.42,4.65
002420,毅昌科技,5.65,5.54,5.58,102914.0,5.68,1311.0,0.11,1.99,5.7
002421,达实智能,4.4,4.89,4.4,6643430.0,4.42,4473.0,-0.49,-10.02,4.64
002422,科伦药业,37.31,38.08,37.89,295938.0,37.34,16.0,-0.77,-2.02,38.08
002423,中粮资本,8.89,8.61,8.62,195934.0,8.91,922.0,0.28,3.25,8.95
002425,凯撒文化,2.85,2.83,2.86,149714.0,2.88,2580.0,0.02,0.71,2.89
002426,胜利精密,3.51,3.41,3.48,2225878.0,3.54,5404.0,0.1,2.93,3.73
002427,尤夫股份,4.43,4.39,4.38,139799.0,4.46,744.0,0.04,0.91,4.49
002428,云南锗业,92.26,88.24,89.5,1305378.0,92.28,120.0,4.02,4.56,93.39
002429,兆驰股份,10.35,10.66,10.95,1078317.0,10.38,532.0,-0.31,-2.91,11.2
002430,杭氧股份,26.04,27.72,26.91,397373.0,26.07,36.0,-1.68,-6.06,27.22
002432,九安医疗,60.9,61.74,62.97,167115.0,60.96,52.0,-0.84,-1.36,63.48
002434,万里扬,7.01,6.87,6.91,294234.0,7.04,430.0,0.14,2.04,7.27
002436,兴森科技,37.8,36.75,37.89,1902588.0,37.82,258.0,1.05,2.86,39.2
002437,誉衡药业,2.7,2.66,2.66,499814.0,2.72,13401.0,0.04,1.5,2.72
002438,江苏神通,15.22,14.9,15.19,119286.0,15.24,69.0,0.32,2.15,15.49
002439,启明星辰,12.64,12.89,13.11,335125.0,12.67,1452.0,-0.25,-1.94,13.14
002440,闰土股份,9.07,8.63,8.64,469726.0,9.09,761.0,0.44,5.1,9.31
002441,众业达,8.38,8.2,8.29,76987.0,8.4,217.0,0.18,2.2,8.41
002442,龙星科技,5.18,5.16,5.27,180490.0,5.21,749.0,0.02,0.39,5.29
002443,金洲管道,11.06,11.25,11.4,224648.0,11.09,127.0,-0.19,-1.69,11.6
002444,巨星科技,30.61,30.4,30.97,85587.0,30.64,9.0,0.21,0.69,31.76
002445,中南文化,3.16,3.23,3.27,808233.0,3.19,9609.0,-0.07,-2.17,3.28
002446,盛路通信,10.5,10.78,10.92,637178.0,10.52,2316.0,-0.28,-2.6,11.03
002448,中原内配,12.57,11.94,12.23,247388.0,12.59,120.0,0.63,5.28,12.88
002449,国星光电,7.31,7.34,7.5,349541.0,7.34,235.0,-0.03,-0.41,7.95
002451,摩恩电气,7.74,7.63,7.7,87680.0,7.77,2362.0,0.11,1.44,7.85
002452,长高电气,10.69,10.74,10.85,141271.0,10.72,10.0,-0.05,-0.47,10.92
002453,华软科技,5.24,5.33,5.39,150704.0,5.26,141.0,-0.09,-1.69,5.48
002454,松芝股份,5.3,5.25,5.35,102486.0,5.32,1622.0,0.05,0.95,5.38
002455,百川股份,8.09,8.06,8.16,554139.0,8.11,110.0,0.03,0.37,8.29
002456,欧菲光,8.7,8.67,8.81,816697.0,8.73,588.0,0.03,0.35,9.05
002457,青龙管业,12.95,11.77,12.14,504336.0,0.0,0.0,1.18,10.03,12.95
002458,益生股份,8.22,8.0,7.98,233214.0,8.25,554.0,0.22,2.75,8.3
002459,晶澳科技,8.85,8.9,8.93,1083248.0,8.87,88.0,-0.05,-0.56,9.08
002460,赣锋锂业,71.16,69.94,69.43,822480.0,71.18,76.0,1.22,1.74,72.5
002461,珠江啤酒,9.39,8.93,8.91,241070.0,9.41,463.0,0.46,5.15,9.44
002462,嘉事堂,13.57,13.29,13.34,111104.0,13.59,85.0,0.28,2.11,13.67
002463,沪电股份,125.2,126.91,131.66,739443.0,125.23,99.0,-1.71,-1.35,134.6
002465,海格通信,13.68,13.6,13.88,988628.0,13.71,175.0,0.08,0.59,14.19
002466,天齐锂业,62.5,61.0,61.0,990334.0,62.53,35.0,1.5,2.46,63.42
002467,二六三,5.15,5.07,5.18,436354.0,5.18,2612.0,0.08,1.58,5.28
002468,申通快递,14.08,13.91,13.9,167398.0,14.11,6.0,0.17,1.22,14.28
002469,三维化学,7.34,6.93,6.87,464750.0,7.37,1138.0,0.41,5.92,7.42
002470,金正大,2.21,2.2,2.19,1764194.0,2.24,15657.0,0.01,0.45,2.25
002471,中超控股,7.2,7.02,7.1,859633.0,7.22,4169.0,0.18,2.56,7.4
002472,双环传动,41.0,41.08,41.8,450140.0,41.02,4.0,-0.08,-0.19,43.28
002474,榕基软件,7.06,6.95,6.98,185030.0,7.08,807.0,0.11,1.58,7.17
002475,立讯精密,63.76,64.58,66.2,1371896.0,63.78,284.0,-0.82,-1.27,67.19
002476,宝莫股份,5.32,5.04,5.11,192582.0,5.34,33.0,0.28,5.56,5.39
002478,常宝股份,7.02,6.91,6.96,238150.0,7.05,125.0,0.11,1.59,7.26
002479,富春环保,4.77,4.72,4.79,139396.0,4.8,1343.0,0.05,1.06,4.85
002480,新筑股份,5.59,5.56,5.56,88807.0,5.62,219.0,0.03,0.54,5.66
002481,双塔食品,4.08,3.99,4.0,121702.0,4.1,2132.0,0.09,2.26,4.13
002482,广田集团,1.42,1.41,1.42,714180.0,1.45,19258.0,0.01,0.71,1.44
002483,润邦股份,5.43,5.33,5.37,97194.0,5.45,377.0,0.1,1.88,5.46
002484,江海股份,81.25,82.8,87.5,546742.0,81.27,3.0,-1.55,-1.87,87.79
002486,嘉麟杰,2.35,2.32,2.33,228918.0,2.38,2972.0,0.03,1.29,2.39
002487,大金重工,59.55,58.48,58.55,230656.0,59.58,76.0,1.07,1.83,60.89
002488,金固股份,9.75,9.63,9.69,225630.0,9.77,205.0,0.12,1.25,9.95
002489,浙江永强,3.28,3.34,3.35,446480.0,3.31,666.0,-0.06,-1.8,3.38
002490,山东墨龙,8.84,8.56,8.03,1169442.0,8.87,202.0,0.28,3.27,9.23
002491,通鼎互联,22.73,24.06,24.7,1788554.0,22.76,704.0,-1.33,-5.53,25.13
002492,恒基达鑫,5.83,5.77,5.84,78930.0,5.85,306.0,0.06,1.04,5.89
002493,荣盛石化,11.34,10.75,10.52,855468.0,11.36,1264.0,0.59,5.49,11.48
002494,华斯股份,5.06,5.0,5.03,118605.0,5.09,1037.0,0.06,1.2,5.12
002495,佳隆股份,2.32,2.3,2.32,239866.0,2.35,4992.0,0.02,0.87,2.36
002497,雅化集团,22.85,22.55,22.6,584955.0,22.88,3112.0,0.3,1.33,23.63
002498,汉缆股份,7.23,7.21,7.41,646224.0,7.25,1769.0,0.02,0.28,7.43
002500,山西证券,5.15,4.94,4.95,451947.0,5.17,4192.0,0.21,4.25,5.16
002506,协鑫集成,3.17,3.17,3.19,2483813.0,3.19,10048.0,0.0,0.0,3.28
002507,涪陵榨菜,11.79,11.69,11.65,93940.0,11.82,234.0,0.1,0.86,11.8
002508,老板电器,16.31,16.41,16.4,109330.0,16.33,310.0,-0.1,-0.61,16.49
002510,天汽模,6.29,6.19,6.26,195831.0,6.31,406.0,0.1,1.62,6.42
002511,中顺洁柔,6.94,6.76,6.8,126790.0,6.97,1057.0,0.18,2.66,6.99
002513,蓝丰生化,5.5,5.5,5.6,187040.0,5.54,20.0,0.0,0.0,5.69
002515,金字火腿,7.53,7.53,7.73,683797.0,7.56,1666.0,0.0,0.0,7.83
002516,旷达科技,5.84,5.92,6.01,319302.0,5.87,433.0,-0.08,-1.35,6.11
002517,恺英网络,14.73,14.18,14.36,735255.0,14.76,549.0,0.55,3.88,14.9
002518,科士达,45.48,45.56,46.06,121043.0,45.5,6.0,-0.08,-0.18,47.2
002519,银河电子,6.3,6.23,6.3,373644.0,6.33,327.0,0.07,1.12,6.49
002520,日发精机,6.41,6.45,6.59,479028.0,6.43,326.0,-0.04,-0.62,6.72
002521,齐峰新材,7.11,6.91,6.92,63738.0,7.13,474.0,0.2,2.89,7.16
002522,浙江众成,6.85,6.96,7.06,584361.0,6.87,404.0,-0.11,-1.58,7.27
002523,天桥起重,3.3,3.27,3.3,194755.0,3.32,2488.0,0.03,0.92,3.34
002524,光正眼科,3.65,3.59,3.62,110091.0,3.67,371.0,0.06,1.67,3.68
002526,山东矿机,2.93,2.88,2.9,183654.0,2.95,12302.0,0.05,1.74,2.95
002527,新时达,13.57,13.93,14.2,309041.0,13.59,47.0,-0.36,-2.58,14.24
002530,金财互联,7.71,7.63,7.7,165336.0,7.74,536.0,0.08,1.05,7.8
002531,天顺风能,9.58,9.7,9.99,474877.0,9.6,422.0,-0.12,-1.24,9.99
002532,天山铝业,13.43,13.41,13.65,1868638.0,13.46,2700.0,0.02,0.15,14.13
002533,金杯电工,11.15,10.84,11.01,118684.0,11.18,295.0,0.31,2.86,11.26
002534,西子洁能,20.08,19.25,19.36,208766.0,20.1,507.0,0.83,4.31,20.25
002535,林州重机,2.47,2.45,2.48,199617.0,2.5,1409.0,0.02,0.82,2.52
002536,飞龙股份,41.4,40.46,41.14,317164.0,41.43,53.0,0.94,2.32,42.78
002537,海联金汇,5.96,5.77,5.81,248154.0,5.99,1304.0,0.19,3.29,6.08
002539,云图控股,12.13,11.89,11.89,222446.0,12.15,177.0,0.24,2.02,12.48
002540,亚太科技,5.16,5.06,5.13,124524.0,5.19,834.0,0.1,1.98,5.23
002541,鸿路钢构,17.19,16.86,17.18,106337.0,17.21,4.0,0.33,1.96,17.63
002543,万和电气,6.83,6.79,6.86,60716.0,6.92,146.0,0.04,0.59,6.97
002544,普天科技,20.0,19.48,19.75,160285.0,20.02,80.0,0.52,2.67,20.2
002545,东方铁塔,19.76,19.41,19.47,440042.0,19.92,2.0,0.35,1.8,20.77
002546,新联电子,6.65,6.53,6.67,148912.0,6.67,508.0,0.12,1.84,6.73
002548,金新农,4.0,3.98,4.0,269717.0,4.02,1247.0,0.02,0.5,4.06
002549,凯美特气,17.35,18.15,18.0,749514.0,17.38,45.0,-0.8,-4.41,18.35
002550,千红制药,5.94,5.84,5.83,112343.0,5.96,1377.0,0.1,1.71,5.95
002551,尚荣医疗,2.98,2.92,2.95,123535.0,3.0,3708.0,0.06,2.05,3.0
002552,宝鼎科技,58.62,53.37,55.8,144045.0,0.0,0.0,5.25,9.84,58.71
002553,南方精工,18.49,18.18,18.34,98868.0,18.52,170.0,0.31,1.71,19.08
002554,惠博普,3.16,3.12,3.1,300891.0,3.19,18166.0,0.04,1.28,3.19
002555,三七互娱,17.86,17.61,17.81,458253.0,17.88,856.0,0.25,1.42,18.12
002556,辉隆股份,5.18,5.11,5.1,151731.0,5.22,2561.0,0.07,1.37,5.24
002557,洽洽食品,21.24,21.45,21.43,128241.0,21.29,38.0,-0.21,-0.98,21.64
002558,巨人网络,23.44,23.65,23.96,793550.0,23.47,369.0,-0.21,-0.89,24.73
002559,亚威股份,9.45,9.98,10.18,551612.0,9.48,325.0,-0.53,-5.31,10.38
002560,通达股份,8.22,8.07,8.21,360717.0,8.24,446.0,0.15,1.86,8.38
002561,徐家汇,6.97,6.89,6.89,43681.0,6.99,289.0,0.08,1.16,7.03
002562,兄弟科技,4.83,4.73,4.78,213352.0,4.86,1126.0,0.1,2.11,4.88
002563,森马服饰,5.52,5.55,5.54,297893.0,5.54,950.0,-0.03,-0.54,5.56
002564,天沃科技,4.89,4.78,4.86,130058.0,4.91,2575.0,0.11,2.3,4.92
002565,顺灏股份,13.86,13.67,13.91,697883.0,13.88,654.0,0.19,1.39,14.38
002566,益盛药业,6.78,6.7,6.75,55426.0,6.83,1.0,0.08,1.19,6.91
002567,唐人神,3.43,3.37,3.37,182450.0,3.45,6349.0,0.06,1.78,3.44
002568,百润股份,20.36,19.79,19.5,259086.0,20.38,382.0,0.57,2.88,20.37
002570,贝因美,4.78,4.76,4.78,449887.0,4.81,1660.0,0.02,0.42,4.93
002571,德力股份,11.66,11.89,12.01,85948.0,11.68,764.0,-0.23,-1.93,12.01
002572,索菲亚,8.55,8.47,8.5,84203.0,8.58,212.0,0.08,0.94,8.65
002573,清新环境,3.26,3.2,3.22,76801.0,3.28,2805.0,0.06,1.88,3.28
002574,明牌珠宝,4.75,4.63,4.65,66021.0,4.77,1354.0,0.12,2.59,4.77
002575,群兴玩具,5.97,5.92,6.09,418343.0,5.99,2678.0,0.05,0.84,6.09
002576,通达动力,15.95,15.8,16.07,36120.0,15.97,10.0,0.15,0.95,16.22
002577,雷柏科技,18.28,18.25,18.38,34162.0,18.32,3.0,0.03,0.16,18.65
002578,闽发铝业,3.65,3.55,3.56,402176.0,3.68,496.0,0.1,2.82,3.75
002579,中京电子,15.1,15.29,15.65,1223062.0,15.13,359.0,-0.19,-1.24,16.53
002580,圣阳股份,20.73,20.48,20.7,468274.0,20.76,587.0,0.25,1.22,21.24
002582,好想你,9.44,9.32,9.32,123673.0,9.47,810.0,0.12,1.29,9.48
002583,海能达,9.55,9.28,9.28,758447.0,9.57,1236.0,0.27,2.91,10.18
002584,西陇科学,7.93,8.22,8.21,479280.0,7.96,330.0,-0.29,-3.53,8.24
002585,双星新材,11.58,12.42,12.42,2026361.0,11.6,1800.0,-0.84,-6.76,12.79
002587,奥拓电子,6.58,6.84,7.01,365038.0,6.61,1300.0,-0.26,-3.8,7.09
002588,史丹利,8.76,8.56,8.6,167773.0,8.78,166.0,0.2,2.34,8.9
002589,瑞康医药,2.71,2.64,2.67,260745.0,2.73,7109.0,0.07,2.65,2.73
002590,万安科技,10.96,10.83,11.15,83784.0,10.98,237.0,0.13,1.2,11.16
002591,恒大高新,7.19,7.13,7.26,95802.0,7.21,205.0,0.06,0.84,7.35
002593,日上集团,4.43,4.33,4.37,136285.0,4.45,1361.0,0.1,2.31,4.47
002594,比亚迪,91.6,89.8,89.9,385352.0,91.63,51.0,1.8,2.0,91.78
002595,豪迈科技,48.12,50.02,50.8,101271.0,48.26,365.0,-1.9,-3.8,51.13
002596,海南瑞泽,3.65,3.6,3.63,221520.0,3.68,4167.0,0.05,1.39,3.71
002597,金禾实业,22.24,20.22,20.61,204854.0,0.0,0.0,2.02,9.99,22.24
002599,盛通股份,5.88,5.81,5.87,85707.0,5.9,739.0,0.07,1.2,5.93
002600,领益智造,14.01,13.63,13.91,2334211.0,14.08,11.0,0.38,2.79,14.43
002601,龙佰集团,15.34,14.41,14.53,685970.0,15.37,235.0,0.93,6.45,15.34
002602,世纪华通,14.37,14.78,14.98,4761725.0,14.52,10.0,-0.41,-2.77,15.35
002603,以岭药业,15.71,15.23,15.25,142757.0,15.73,838.0,0.48,3.15,15.73
002605,姚记科技,18.56,18.13,18.25,61595.0,18.58,191.0,0.43,2.37,18.56
002606,大连电瓷,13.06,13.24,13.5,228859.0,13.08,270.0,-0.18,-1.36,13.58
002607,中公教育,2.07,2.07,2.08,1969172.0,2.1,18661.0,0.0,0.0,2.12
002608,江苏国信,8.76,8.74,8.78,642516.0,8.79,964.0,0.02,0.23,8.94
002609,捷顺科技,7.41,7.31,7.39,53228.0,7.43,203.0,0.1,1.37,7.48
002611,东方精工,18.41,17.02,17.25,1062437.0,18.44,1780.0,1.39,8.17,18.72
002612,朗姿股份,12.05,11.86,11.93,52607.0,12.1,12.0,0.19,1.6,12.22
002613,北玻股份,4.35,4.81,4.73,1719206.0,4.37,385.0,-0.46,-9.56,4.98
002614,奥佳华,4.9,4.83,4.85,74277.0,4.92,841.0,0.07,1.45,4.92
002615,哈尔斯,7.94,8.02,8.03,122898.0,7.97,33.0,-0.08,-1.0,8.28
002616,长青集团,4.94,4.84,4.89,181174.0,4.97,288.0,0.1,2.07,5.01
002617,露笑科技,8.5,8.13,8.29,3407190.0,8.53,250.0,0.37,4.55,8.94
002622,皓宸医疗,2.36,2.33,2.37,200445.0,2.39,3303.0,0.03,1.29,2.4
002623,亚玛顿,17.39,17.39,17.39,40724.0,17.42,26.0,0.0,0.0,17.78
002624,完美世界,13.25,13.21,13.47,902197.0,13.27,70.0,0.04,0.3,13.65
002625,光启技术,38.69,36.45,37.39,485340.0,38.71,118.0,2.24,6.15,39.41
002626,金达威,14.3,14.02,14.1,31858.0,14.32,22.0,0.28,2.0,14.3
002627,三峡旅游,6.46,6.2,6.23,186769.0,6.49,155.0,0.26,4.19,6.57
002628,成都路桥,4.91,4.9,4.95,270829.0,4.93,119.0,0.01,0.2,5.28
002629,仁智股份,4.96,4.89,4.97,177071.0,4.99,1080.0,0.07,1.43,5.02
002631,德尔未来,7.76,7.75,7.82,265905.0,7.79,317.0,0.01,0.13,7.93
002632,道明光学,9.66,9.69,9.8,128540.0,9.69,25.0,-0.03,-0.31,9.99
002633,申科股份,16.69,16.58,16.74,19457.0,16.72,34.0,0.11,0.66,17.27
002635,安洁科技,15.86,16.27,16.66,326281.0,15.89,43.0,-0.41,-2.52,17.15
002636,金安国纪,89.88,84.8,89.99,843772.0,89.9,550.0,5.08,5.99,93.28
002637,赞宇科技,12.68,11.53,11.53,281177.0,0.0,0.0,1.15,9.97,12.68
002638,勤上股份,4.03,4.16,4.22,261570.0,4.06,1098.0,-0.13,-3.13,4.23
002639,雪人集团,14.46,14.31,14.48,374358.0,14.48,1242.0,0.15,1.05,14.5
002640,跨境通,3.5,3.38,3.47,763907.0,3.53,3817.0,0.12,3.55,3.56
002641,公元股份,4.29,4.2,4.24,192447.0,4.32,1724.0,0.09,2.14,4.34
002642,荣联科技,6.91,6.88,7.01,120758.0,6.94,267.0,0.03,0.44,7.04
002643,万润股份,14.86,15.46,15.6,435119.0,14.88,793.0,-0.6,-3.88,16.03
002644,佛慈制药,7.52,7.37,7.44,49858.0,7.54,297.0,0.15,2.04,7.57
002645,华宏科技,29.33,30.59,30.6,750220.0,29.36,2.0,-1.26,-4.12,31.62
002646,天佑德酒,6.96,6.81,6.85,77640.0,6.98,493.0,0.15,2.2,6.96
002647,仁东控股,11.66,11.71,11.72,195274.0,11.69,24.0,-0.05,-0.43,12.04
002648,卫星化学,24.16,23.06,23.3,793041.0,24.18,279.0,1.1,4.77,24.47
002649,博彦科技,8.77,8.7,8.8,130231.0,8.85,63.0,0.07,0.8,8.95
002651,利君股份,8.15,7.83,7.86,121122.0,8.17,570.0,0.32,4.09,8.21
002652,扬子新材,4.84,4.63,4.76,254464.0,4.86,504.0,0.21,4.54,4.9
002653,海思科,50.32,49.21,49.99,52406.0,50.35,45.0,1.11,2.26,50.8
002654,万润科技,16.19,16.16,17.38,1444744.0,16.21,370.0,0.03,0.19,17.76
002655,共达电声,33.2,33.9,34.6,206915.0,33.23,24.0,-0.7,-2.06,35.48
002657,中科金财,21.55,20.35,20.4,425026.0,21.58,188.0,1.2,5.9,21.78
002658,雪迪龙,8.25,8.33,8.34,167838.0,8.27,907.0,-0.08,-0.96,8.5
002659,凯文教育,4.18,4.09,4.13,101034.0,4.2,697.0,0.09,2.2,4.21
002660,茂硕电源,7.17,7.18,7.27,70923.0,7.2,1.0,-0.01,-0.14,7.38
002661,克明食品,7.85,7.7,7.7,43654.0,7.9,42.0,0.15,1.95,7.97
002662,峰璟股份,3.31,3.18,3.21,178053.0,3.33,1726.0,0.13,4.09,3.37
002663,普邦股份,1.69,1.66,1.68,468639.0,1.72,13745.0,0.03,1.81,1.72
002664,信质集团,17.75,17.4,17.72,54924.0,17.77,50.0,0.35,2.01,18.23
002666,德联集团,4.37,4.28,4.3,112209.0,4.39,458.0,0.09,2.1,4.41
002668,TCL智家,9.64,9.47,9.39,222636.0,9.66,656.0,0.17,1.8,9.68
002669,康达新材,15.5,17.22,16.6,650068.0,15.52,15.0,-1.72,-9.99,16.88
002670,国盛证券,11.49,11.16,11.19,345413.0,11.51,573.0,0.33,2.96,11.57
002671,龙泉股份,4.11,4.08,4.12,102843.0,4.14,1249.0,0.03,0.74,4.19
002672,东江环保,3.56,3.53,3.55,140209.0,3.59,146.0,0.03,0.85,3.66
002673,西部证券,6.46,6.22,6.25,474678.0,6.49,5707.0,0.24,3.86,6.49
002674,兴业科技,16.0,15.81,15.83,117689.0,16.02,10.0,0.19,1.2,16.4
002675,东诚药业,12.49,12.31,12.32,62366.0,12.51,331.0,0.18,1.46,12.54
002676,顺威股份,5.63,5.55,5.66,159124.0,5.65,261.0,0.08,1.44,5.69
002677,浙江美大,6.82,6.67,6.68,67470.0,6.84,107.0,0.15,2.25,6.83
002678,珠江钢琴,5.45,5.36,5.36,200357.0,5.47,32.0,0.09,1.68,5.75
002679,福建金森,8.87,8.74,8.78,26856.0,8.9,176.0,0.13,1.49,8.96
002681,奋达科技,4.8,4.84,4.93,575468.0,4.82,1036.0,-0.04,-0.83,5.1
002682,龙洲股份,4.79,4.73,4.78,152100.0,4.82,765.0,0.06,1.27,4.88
002683,广东宏大,30.24,29.63,29.98,97156.0,30.29,21.0,0.61,2.06,30.79
002685,华东重机,6.63,6.54,6.63,285688.0,6.66,1013.0,0.09,1.38,6.8
002686,亿利达,5.9,5.86,5.88,74766.0,5.92,887.0,0.04,0.68,5.98
002687,乔治白,4.24,4.18,4.2,79301.0,4.26,1059.0,0.06,1.44,4.26
002688,金河生物,5.0,4.88,4.95,97995.0,5.02,265.0,0.12,2.46,5.05
002690,美亚光电,14.43,14.19,14.37,56715.0,14.45,181.0,0.24,1.69,14.51
002692,远程股份,4.15,4.11,4.15,159228.0,4.17,1647.0,0.04,0.97,4.24
002693,双成药业,9.17,9.0,9.17,110005.0,9.2,217.0,0.17,1.89,9.3
002695,煌上煌,11.79,11.65,11.73,61622.0,11.81,230.0,0.14,1.2,11.89
002696,百洋股份,5.52,5.41,5.47,91188.0,5.55,455.0,0.11,2.03,5.52
002697,红旗连锁,4.53,4.46,4.48,185787.0,4.56,63.0,0.07,1.57,4.58
002698,博实股份,11.54,11.51,11.72,226431.0,11.56,51.0,0.03,0.26,11.77
002700,万憬能源,8.59,8.42,8.46,171762.0,8.61,15.0,0.17,2.02,8.92
002701,奥瑞金,4.6,4.49,4.53,328945.0,4.63,1024.0,0.11,2.45,4.6
002702,海欣食品,5.12,5.0,5.02,143767.0,5.14,1468.0,0.12,2.4,5.15
002703,浙江世宝,15.44,15.32,15.57,231509.0,15.46,16.0,0.12,0.78,15.74
002705,新宝股份,11.93,11.95,12.05,94049.0,11.96,174.0,-0.02,-0.17,12.05
002706,良信股份,11.33,11.49,11.64,345861.0,11.35,216.0,-0.16,-1.39,11.87
002707,众信旅游,5.49,5.29,5.37,223355.0,5.51,1048.0,0.2,3.78,5.59
002708,光洋股份,13.1,13.79,13.99,354814.0,13.13,100.0,-0.69,-5.0,14.4
002709,天赐材料,49.64,48.46,48.6,1233564.0,49.67,34.0,1.18,2.43,50.61
002712,思美传媒,4.74,4.69,4.74,120821.0,4.76,259.0,0.05,1.07,4.8
002714,牧原股份,34.86,34.16,34.22,600765.0,34.89,25.0,0.7,2.05,35.15
002715,登云股份,14.54,14.41,14.55,30499.0,14.59,42.0,0.13,0.9,14.83
002716,湖南白银,9.01,8.68,8.9,1864248.0,9.03,919.0,0.33,3.8,9.42
002718,友邦吊顶,101.48,97.58,97.88,27067.0,101.59,20.0,3.9,4.0,105.0
002721,金一文化,2.42,2.36,2.41,407316.0,2.44,11232.0,0.06,2.54,2.46
002722,物产金轮,12.8,12.62,12.92,29611.0,12.82,114.0,0.18,1.43,12.96
002723,小崧股份,8.16,8.24,8.24,90263.0,8.18,48.0,-0.08,-0.97,8.31
002724,海洋王,5.17,5.16,5.16,88693.0,5.19,694.0,0.01,0.19,5.27
002725,跃岭股份,12.95,12.85,13.01,93670.0,12.98,126.0,0.1,0.78,13.48
002727,一心堂,11.17,10.83,10.89,68511.0,11.19,173.0,0.34,3.14,11.24
002728,特一药业,8.31,8.18,8.26,81203.0,8.34,288.0,0.13,1.59,8.37
002729,好利科技,17.44,16.71,17.23,82704.0,17.46,764.0,0.73,4.37,17.77
002730,电光科技,27.97,28.49,29.06,129160.0,28.05,30.0,-0.52,-1.83,31.0
002732,燕塘乳业,13.94,13.8,13.89,16917.0,13.99,20.0,0.14,1.01,14.1
002733,雄韬股份,34.53,31.39,31.7,180628.0,0.0,0.0,3.14,10.0,34.53
002734,利民股份,15.2,15.25,15.33,119629.0,15.22,223.0,-0.05,-0.33,15.45
002735,王子新材,18.6,19.4,18.91,723646.0,18.63,278.0,-0.8,-4.12,19.33
002736,国信证券,10.27,10.03,10.03,499462.0,10.3,3463.0,0.24,2.39,10.32
002737,葵花药业,12.44,12.16,12.2,68216.0,12.46,62.0,0.28,2.3,12.47
002738,中矿资源,61.18,58.75,59.0,511513.0,61.21,4.0,2.43,4.14,63.14
002739,儒意电影,8.35,8.19,8.23,424079.0,8.37,662.0,0.16,1.95,8.38
002741,光华科技,29.63,27.63,28.15,742384.0,29.66,58.0,2.0,7.24,30.39
002742,冀衡医药,4.17,3.79,3.99,45355.0,0.0,0.0,0.38,10.03,4.17
002743,富煌钢构,4.46,4.4,4.49,59752.0,4.49,83.0,0.06,1.36,4.53
002745,木林森,9.32,9.23,9.51,642214.0,9.35,141.0,0.09,0.98,9.8
002746,仙坛股份,5.52,5.42,5.42,271222.0,5.54,1942.0,0.1,1.85,5.54
002747,埃斯顿,32.22,33.35,33.74,1129970.0,32.24,56.0,-1.13,-3.39,35.68
002748,世龙实业,11.09,10.61,10.62,83503.0,11.11,451.0,0.48,4.52,11.28
002749,国光股份,8.86,8.59,8.62,23963.0,8.89,312.0,0.27,3.14,8.93
002752,昇兴股份,6.2,5.96,6.05,174575.0,6.23,54.0,0.24,4.03,6.31
002753,永东股份,6.44,6.31,6.36,60766.0,6.46,840.0,0.13,2.06,6.51
002755,奥赛康,13.15,12.71,12.8,132018.0,13.17,141.0,0.44,3.46,13.24
002756,永兴材料,65.49,62.83,63.5,282349.0,65.51,3.0,2.66,4.23,67.02
002757,南兴股份,19.72,20.82,20.62,453459.0,19.75,20.0,-1.1,-5.28,21.06
002758,浙农股份,8.16,7.9,7.99,95339.0,8.19,741.0,0.26,3.29,8.18
002759,天际股份,26.61,26.88,26.88,501133.0,26.63,86.0,-0.27,-1.0,27.6
002760,凤形股份,17.84,17.8,17.91,43350.0,17.89,18.0,0.04,0.22,18.39
002761,浙江建投,7.32,7.13,7.16,94048.0,7.34,685.0,0.19,2.66,7.35
002763,汇洁股份,7.68,7.57,7.6,52598.0,7.71,37.0,0.11,1.45,7.68
002765,蓝黛科技,7.82,7.64,7.8,109847.0,7.85,536.0,0.18,2.36,7.97
002766,索菱股份,4.01,4.01,4.09,178796.0,4.04,786.0,0.0,0.0,4.11
002767,先锋电子,18.37,18.0,18.19,38248.0,18.41,42.0,0.37,2.06,18.66
002768,国恩股份,69.94,66.99,67.0,84044.0,69.98,210.0,2.95,4.4,70.15
002769,普路通,7.58,7.7,7.77,148092.0,7.6,156.0,-0.12,-1.56,7.92
002771,真视通,14.58,15.17,15.45,125733.0,14.61,49.0,-0.59,-3.89,15.52
002772,众兴菌业,12.97,12.74,12.82,83603.0,12.99,156.0,0.23,1.81,12.98
002773,康弘药业,20.36,19.91,19.9,88040.0,20.38,134.0,0.45,2.26,20.56
002774,快意电梯,10.88,10.78,11.0,48386.0,10.93,111.0,0.1,0.93,11.17
002775,文科股份,3.84,3.78,3.84,113101.0,3.86,3238.0,0.06,1.59,3.86
002777,久远银海,13.36,13.23,13.36,60021.0,13.45,40.0,0.13,0.98,13.58
002778,中晟高科,17.32,16.87,17.17,17357.0,17.34,67.0,0.45,2.67,17.5
002779,中坚科技,82.58,83.71,84.01,43994.0,82.65,13.0,-1.13,-1.35,84.5
002780,三夫户外,13.77,13.13,13.24,60060.0,13.79,10.0,0.64,4.87,14.05
002782,可立克,22.05,22.52,23.15,164541.0,22.08,7.0,-0.47,-2.09,24.26
002783,凯龙股份,7.52,7.24,7.37,118435.0,7.54,62.0,0.28,3.87,7.75
002785,万里石,39.88,39.2,39.5,113995.0,39.96,2.0,0.68,1.73,41.77
002786,银宝山新,8.14,8.32,8.45,186398.0,8.17,388.0,-0.18,-2.16,8.61
002787,华源控股,25.14,26.1,26.79,194552.0,25.19,6.0,-0.96,-3.68,27.5
002788,鹭燕医药,11.23,11.06,11.1,122500.0,11.25,212.0,0.17,1.54,11.32
002790,瑞尔特,6.09,6.02,6.02,43521.0,6.11,161.0,0.07,1.16,6.1
002791,坚朗五金,14.42,14.39,14.51,48474.0,14.59,63.0,0.03,0.21,14.74
002792,通宇通讯,37.01,37.95,38.33,254971.0,37.04,68.0,-0.94,-2.48,38.97
002793,罗欣药业,4.19,4.08,4.09,197873.0,4.21,290.0,0.11,2.7,4.25
002795,永和智控,7.31,7.55,7.58,253392.0,7.33,289.0,-0.24,-3.18,7.82
002796,世嘉科技,38.93,40.03,40.86,98216.0,38.95,140.0,-1.1,-2.75,41.18
002797,第一创业,6.38,6.15,6.2,1026467.0,6.4,5426.0,0.23,3.74,6.38
002798,帝欧水华,6.3,6.2,6.31,449883.0,6.33,430.0,0.1,1.61,6.82
002799,环球印务,6.93,6.91,6.92,58785.0,6.96,269.0,0.02,0.29,7.05
002800,天顺股份,14.94,14.57,14.85,33901.0,15.0,31.0,0.37,2.54,15.1
002801,微光股份,30.49,28.88,29.2,35228.0,30.52,8.0,1.61,5.57,31.21
002802,洪汇新材,12.15,11.83,12.19,39374.0,12.18,129.0,0.32,2.7,12.2
002803,吉宏股份,21.57,21.07,21.48,94514.0,21.6,32.0,0.5,2.37,22.17
002805,丰元股份,21.24,20.38,20.53,274745.0,21.26,44.0,0.86,4.22,22.2
002806,华锋股份,17.11,17.86,18.18,225580.0,17.14,125.0,-0.75,-4.2,18.19
002807,江阴银行,4.08,4.07,4.05,585581.0,4.1,25431.0,0.01,0.25,4.1
002809,红墙股份,8.37,9.01,8.55,277172.0,8.4,386.0,-0.64,-7.1,8.74
002810,山东赫达,23.05,22.13,22.27,121918.0,23.07,92.0,0.92,4.16,23.45
002811,郑中设计,12.4,12.12,12.2,70879.0,12.42,12.0,0.28,2.31,12.44
002812,恩捷股份,67.54,61.4,62.0,474984.0,0.0,0.0,6.14,10.0,67.54
002813,路畅科技,20.9,20.8,21.0,11345.0,20.92,17.0,0.1,0.48,21.43
002815,崇达技术,17.15,17.73,18.0,1027366.0,17.18,569.0,-0.58,-3.27,18.83
002817,黄山胶囊,6.51,6.45,6.44,53745.0,6.53,583.0,0.06,0.93,6.54
002818,富森美,11.26,10.84,10.92,54138.0,11.29,203.0,0.42,3.87,11.28
002819,东方中科,21.11,20.93,21.25,20255.0,21.16,2.0,0.18,0.86,21.53
002820,桂发祥,9.46,9.3,9.36,44603.0,9.5,63.0,0.16,1.72,9.58
002821,凯莱英,117.01,113.61,113.5,60048.0,117.05,7.0,3.4,2.99,117.5
002823,凯中精密,16.62,17.28,17.39,200454.0,16.65,177.0,-0.66,-3.82,17.62
002824,和胜股份,28.85,28.86,30.0,395173.0,28.87,23.0,-0.01,-0.03,31.11
002825,纳尔股份,9.38,9.26,9.5,25619.0,9.44,90.0,0.12,1.3,9.54
002826,易明医药,15.35,15.01,15.2,37814.0,15.38,2.0,0.34,2.27,15.43
002827,高争民爆,26.0,25.39,25.4,31849.0,26.02,71.0,0.61,2.4,26.1
002828,贝肯能源,9.08,8.98,8.83,120076.0,9.11,93.0,0.1,1.11,9.22
002829,星网宇达,19.57,18.91,19.3,120158.0,19.59,33.0,0.66,3.49,20.32
002830,名雕股份,16.76,15.24,15.45,62135.0,0.0,0.0,1.52,9.97,16.76
002831,裕同科技,29.66,30.42,30.46,251011.0,29.93,20.0,-0.76,-2.5,30.5
002832,比音勒芬,21.37,20.39,20.37,200649.0,21.4,655.0,0.98,4.81,21.46
002833,弘亚数控,17.37,17.43,17.72,61087.0,17.4,57.0,-0.06,-0.34,17.72
002835,同为股份,12.7,12.54,12.73,24966.0,12.72,53.0,0.16,1.28,12.84
002836,新宏泽,10.7,10.35,10.49,28447.0,10.74,269.0,0.35,3.38,10.79
002837,英维克,66.08,67.14,68.5,597179.0,66.15,2.0,-1.06,-1.58,70.0
002838,道恩股份,33.44,32.67,32.89,71617.0,33.57,6.0,0.77,2.36,34.03
002839,张家港行,4.3,4.26,4.25,243970.0,4.32,5118.0,0.04,0.94,4.3
002840,华统股份,8.26,8.05,8.03,259577.0,8.29,387.0,0.21,2.61,8.27
002841,视源股份,33.95,33.2,33.53,62470.0,33.97,23.0,0.75,2.26,33.95
002842,翔鹭钨业,39.69,39.34,41.59,1185094.0,39.72,2.0,0.35,0.89,43.27
002843,泰嘉股份,21.19,21.27,21.51,191166.0,21.22,20.0,-0.08,-0.38,21.95
002845,同兴达,14.18,15.28,15.69,266526.0,14.21,41.0,-1.1,-7.2,15.88
002846,英联股份,11.92,11.36,11.45,80425.0,11.94,143.0,0.56,4.93,12.05
002847,盐津铺子,54.22,53.55,53.13,25761.0,54.25,72.0,0.67,1.25,54.8
002848,高斯贝尔,12.68,12.9,13.1,83903.0,12.72,18.0,-0.22,-1.71,13.33
002849,威星智能,16.32,15.78,15.87,71367.0,16.35,207.0,0.54,3.42,16.59
002850,科达利,188.77,190.39,190.45,60360.0,188.95,1.0,-1.62,-0.85,192.8
002851,麦格米特,135.24,139.41,144.0,292299.0,135.26,30.0,-4.17,-2.99,144.61
002852,道道全,7.75,7.6,7.64,38632.0,7.78,303.0,0.15,1.97,7.8
002853,皮阿诺,23.02,23.1,23.15,13843.0,23.05,10.0,-0.08,-0.35,23.44
002855,捷荣技术,10.43,10.49,10.7,39746.0,10.45,16.0,-0.06,-0.57,10.86
002857,三晖电气,17.42,16.64,17.0,62560.0,17.51,200.0,0.78,4.69,18.11
002858,力盛体育,11.92,11.96,12.03,58383.0,11.95,200.0,-0.04,-0.33,12.03
002859,洁美科技,75.28,78.01,80.4,286386.0,75.3,41.0,-2.73,-3.5,80.99
002860,星帅尔,13.09,13.33,13.57,138023.0,13.11,9.0,-0.24,-1.8,13.88
002861,瀛通通讯,17.79,18.1,18.3,58444.0,17.81,7.0,-0.31,-1.71,18.59
002862,实丰文化,14.85,14.83,14.99,31423.0,14.91,37.0,0.02,0.13,15.15
002863,今飞凯达,4.82,4.73,4.77,102549.0,4.84,739.0,0.09,1.9,4.85
002864,盘龙药业,27.17,27.05,27.04,12956.0,27.2,30.0,0.12,0.44,27.35
002865,钧达股份,64.22,63.88,65.27,112489.0,64.27,7.0,0.34,0.53,67.11
002866,传艺科技,17.43,17.24,17.51,72669.0,17.46,147.0,0.19,1.1,17.79
002867,周大生,12.25,11.98,12.02,87230.0,12.27,1162.0,0.27,2.25,12.25
002868,绿康生化,26.29,25.14,25.17,25350.0,26.32,14.0,1.15,4.57,27.3
002869,金溢科技,18.24,18.03,18.12,29298.0,18.27,2.0,0.21,1.16,18.48
002870,香山股份,40.0,39.95,40.18,57067.0,40.08,1.0,0.05,0.13,42.6
002871,伟隆股份,20.0,21.0,21.42,108700.0,20.04,373.0,-1.0,-4.76,21.55
002873,新天药业,8.13,8.06,8.1,55637.0,8.15,194.0,0.07,0.87,8.19
002875,安奈儿,16.5,16.66,16.89,48987.0,16.52,3.0,-0.16,-0.96,17.39
002876,三利谱,29.63,30.52,30.7,87956.0,29.66,9.0,-0.89,-2.92,31.77
002877,智能自控,7.84,8.0,8.05,124568.0,7.86,56.0,-0.16,-2.0,8.14
002878,元隆雅图,13.48,14.43,14.4,180446.0,13.51,8.0,-0.95,-6.58,14.5
002879,长缆科技,14.45,14.33,14.46,42386.0,14.47,73.0,0.12,0.84,14.69
002880,卫光生物,22.31,21.93,22.09,10224.0,22.33,77.0,0.38,1.73,22.35
002881,美格智能,40.36,41.03,41.73,112694.0,40.38,10.0,-0.67,-1.63,42.6
002882,金龙羽,21.86,19.87,20.1,87096.0,0.0,0.0,1.99,10.02,21.86
002884,凌霄泵业,16.23,15.93,15.98,14399.0,16.25,159.0,0.3,1.88,16.26
002885,京泉华,37.52,38.52,39.72,112558.0,37.54,49.0,-1.0,-2.6,39.8
002886,沃特股份,27.4,27.8,28.36,135104.0,27.42,15.0,-0.4,-1.44,28.73
002887,绿茵生态,12.01,11.7,11.8,64176.0,12.06,359.0,0.31,2.65,12.69
002888,惠威科技,19.62,18.41,18.7,64539.0,19.64,1.0,1.21,6.57,19.79
002889,东方嘉盛,11.48,11.3,11.4,18183.0,11.5,84.0,0.18,1.59,11.55
002890,弘宇股份,15.23,14.71,15.0,21388.0,15.31,1.0,0.52,3.54,15.37
002891,中宠股份,28.77,27.25,27.3,111669.0,28.8,434.0,1.52,5.58,29.42
002892,科力尔,10.5,9.95,10.1,269402.0,10.53,86.0,0.55,5.53,10.95
002893,京能热力,10.11,9.89,10.0,111793.0,10.14,59.0,0.22,2.22,10.25
002895,川恒股份,31.18,31.2,30.8,169711.0,31.44,128.0,-0.02,-0.06,32.5
002896,中大力德,78.28,81.56,82.5,200260.0,78.31,3.0,-3.28,-4.02,83.33
002897,意华股份,78.98,80.14,81.8,148902.0,79.0,71.0,-1.16,-1.45,85.56
002899,英派斯,24.48,24.05,24.32,59180.0,24.5,19.0,0.43,1.79,25.23
002900,哈三联,9.91,9.78,9.88,28513.0,9.94,155.0,0.13,1.33,9.97
002901,大博医疗,42.15,41.3,41.39,17870.0,42.17,9.0,0.85,2.06,42.31
002902,铭普光磁,32.86,31.65,32.53,294714.0,32.88,33.0,1.21,3.82,34.2
002903,宇环数控,45.36,44.46,45.6,85137.0,45.38,5.0,0.9,2.02,47.38
002905,金逸影视,7.52,7.34,7.42,46478.0,7.55,525.0,0.18,2.45,7.56
002906,华阳集团,25.48,25.03,25.27,75858.0,25.5,47.0,0.45,1.8,25.73
002907,华森制药,11.94,11.69,11.69,21319.0,11.96,127.0,0.25,2.14,11.96
002908,德生科技,7.08,7.06,7.12,43729.0,7.11,85.0,0.02,0.28,7.23
002909,集泰股份,5.52,5.56,5.58,61957.0,5.55,168.0,-0.04,-0.72,5.66
002910,庄园牧场,10.11,9.75,9.83,94748.0,10.13,177.0,0.36,3.69,10.24
002911,佛燃能源,10.45,10.38,10.38,51246.0,10.48,90.0,0.07,0.67,10.48
002912,中新赛克,19.27,19.06,19.3,29287.0,19.29,178.0,0.21,1.1,19.72
002913,奥士康,55.98,55.01,57.5,97162.0,56.01,28.0,0.97,1.76,57.75
002915,中欣氟材,21.64,22.02,21.2,247635.0,21.66,230.0,-0.38,-1.73,21.94
002916,深南电路,379.5,376.16,390.91,108361.0,379.6,1.0,3.34,0.89,401.59
002917,金奥博,11.97,11.8,11.89,141766.0,11.99,26.0,0.17,1.44,12.08
002918,蒙娜丽莎,11.65,11.64,11.83,125637.0,11.68,11.0,0.01,0.09,12.0
002919,名臣健康,20.0,19.76,20.16,51832.0,20.03,50.0,0.24,1.21,20.26
002920,德赛西威,86.95,85.48,86.72,91922.0,86.98,39.0,1.47,1.72,89.1
002921,联诚精密,23.2,23.22,23.64,45259.0,23.23,2.0,-0.02,-0.09,23.95
002922,伊戈尔,34.12,34.1,34.79,220587.0,34.15,6.0,0.02,0.06,35.43
002923,润都股份,10.07,9.89,9.93,64922.0,10.09,244.0,0.18,1.82,10.13
002925,盈趣科技,20.91,21.08,21.21,128700.0,20.93,35.0,-0.17,-0.81,22.0
002926,华西证券,8.08,7.76,7.85,264652.0,8.1,3010.0,0.32,4.12,8.09
002927,泰永长征,20.17,18.34,19.5,52085.0,0.0,0.0,1.83,9.98,20.17
002928,华夏航空,7.0,6.56,6.99,577495.0,7.02,561.0,0.44,6.71,7.11
002929,润建股份,58.63,58.27,59.12,179558.0,58.66,2.0,0.36,0.62,61.19
002930,宏川智慧,9.87,9.22,9.33,190513.0,9.89,63.0,0.65,7.05,10.09
002931,锋龙股份,64.51,64.88,65.8,160900.0,64.53,4.0,-0.37,-0.57,66.96
002933,新兴装备,28.55,27.84,28.26,21157.0,28.57,10.0,0.71,2.55,29.36
002935,天奥电子,22.2,20.18,20.5,114343.0,0.0,0.0,2.02,10.01,22.2
002936,郑州银行,1.78,1.75,1.76,833871.0,1.8,53850.0,0.03,1.71,1.78
002937,兴瑞科技,37.6,36.96,37.0,197702.0,37.62,11.0,0.64,1.73,39.91
002938,鹏鼎控股,101.52,105.5,108.11,425496.0,101.55,130.0,-3.98,-3.77,109.77
002939,长城证券,8.2,7.84,7.88,456661.0,8.22,2559.0,0.36,4.59,8.32
002940,昂利康,27.81,27.5,28.0,134930.0,27.84,99.0,0.31,1.13,28.75
002941,新疆交建,10.98,10.7,10.83,99819.0,11.0,961.0,0.28,2.62,11.05
002942,新农股份,16.31,16.17,16.3,18488.0,16.33,387.0,0.14,0.87,16.36
002943,宇晶股份,49.89,50.2,51.6,84188.0,49.91,3.0,-0.31,-0.62,52.57
002945,华林证券,13.84,13.34,13.4,132825.0,13.86,223.0,0.5,3.75,13.97
002946,新乳业,16.6,16.09,16.11,45003.0,16.62,91.0,0.51,3.17,16.68
002947,恒铭达,83.88,84.1,85.99,77230.0,83.91,359.0,-0.22,-0.26,88.4
002948,青岛银行,5.99,5.89,5.84,431069.0,6.01,3394.0,0.1,1.7,6.0
002949,华阳国际,11.27,11.25,11.35,24478.0,11.34,30.0,0.02,0.18,11.52
002950,奥美医疗,9.15,9.01,9.08,82722.0,9.18,680.0,0.14,1.55,9.18
002951,金时科技,15.75,16.2,16.2,175389.0,15.78,2.0,-0.45,-2.78,16.47
002952,亚世光电,23.22,22.96,23.36,44764.0,23.24,92.0,0.26,1.13,23.73
002953,日丰股份,9.67,9.38,9.55,43415.0,9.69,248.0,0.29,3.09,9.75
002955,鸿合科技,32.33,30.73,30.43,160141.0,32.36,117.0,1.6,5.21,33.28
002956,西麦食品,21.99,21.28,21.47,45687.0,22.02,36.0,0.71,3.34,22.1
002957,科瑞技术,50.35,51.87,53.01,196941.0,50.4,12.0,-1.52,-2.93,54.2
002958,青农商行,2.96,2.94,2.94,1029442.0,2.99,17401.0,0.02,0.68,2.97
002959,小熊电器,34.35,33.76,34.08,14113.0,34.37,29.0,0.59,1.75,34.39
002960,青鸟智控,8.92,8.84,8.92,378050.0,8.95,406.0,0.08,0.9,9.03
002961,瑞达期货,19.51,18.45,18.7,115597.0,19.54,3.0,1.06,5.75,20.08
002962,五方光电,17.3,19.22,18.28,185056.0,17.32,67.0,-1.92,-9.99,18.69
002963,豪尔赛,19.17,18.79,18.85,67141.0,19.2,15.0,0.38,2.02,19.6
002965,祥鑫科技,39.58,38.54,40.47,344916.0,39.6,184.0,1.04,2.7,41.99
002966,苏州银行,8.25,8.15,8.1,516523.0,8.27,3287.0,0.1,1.23,8.26
002967,广电计量,17.44,17.22,17.39,78016.0,17.46,136.0,0.22,1.28,17.66
002968,新大正,9.55,9.42,9.47,26469.0,9.57,110.0,0.13,1.38,9.61
002969,嘉美包装,16.39,14.9,15.15,594697.0,0.0,0.0,1.49,10.0,16.39
002970,锐明技术,62.0,63.92,65.5,49427.0,62.15,1.0,-1.92,-3.0,66.38
002971,和远气体,58.03,52.75,55.0,577691.0,0.0,0.0,5.28,10.01,58.03
002972,科安达,13.22,13.07,13.1,134518.0,13.27,4.0,0.15,1.15,13.58
002973,侨银股份,12.78,12.63,12.73,30098.0,12.81,6.0,0.15,1.19,13.02
002975,博杰股份,121.37,122.62,128.9,118271.0,121.39,56.0,-1.25,-1.02,129.9
002976,瑞玛精密,32.88,29.89,30.9,41146.0,0.0,0.0,2.99,10.0,32.88
002978,安宁股份,26.91,26.07,26.45,62390.0,26.93,25.0,0.84,3.22,27.35
002979,雷赛智能,50.51,51.11,51.68,134282.0,50.57,15.0,-0.6,-1.17,52.94
002980,华盛昌,106.81,116.81,119.16,144023.0,106.83,1.0,-10.0,-8.56,121.93
002981,朝阳科技,27.3,28.2,28.2,174428.0,27.33,42.0,-0.9,-3.19,29.4
002982,湘佳股份,13.23,13.26,13.26,133938.0,13.26,22.0,-0.03,-0.23,13.49
002983,芯瑞达,23.8,24.87,24.88,61404.0,23.85,55.0,-1.07,-4.3,25.35
002984,森麒麟,15.06,14.02,14.13,237139.0,15.08,420.0,1.04,7.42,15.39
002985,北摩高科,29.99,27.26,27.67,65205.0,0.0,0.0,2.73,10.01,29.99
002986,宇新股份,11.56,11.29,11.38,74944.0,11.6,219.0,0.27,2.39,11.7
002987,京北方,11.48,11.41,11.62,178110.0,11.5,173.0,0.07,0.61,11.66
002988,豪美新材,25.34,24.49,24.76,47180.0,25.37,14.0,0.85,3.47,25.52
002989,中天精装,26.77,27.06,27.7,60662.0,26.86,2.0,-0.29,-1.07,28.15
002990,盛视科技,44.96,43.27,43.41,62114.0,44.99,53.0,1.69,3.91,45.84
002991,甘源食品,43.38,42.45,42.3,7554.0,43.45,26.0,0.93,2.19,43.52
002992,宝明科技,42.12,40.61,41.09,19792.0,42.15,5.0,1.51,3.72,43.44
002993,奥海科技,64.47,64.82,65.16,81487.0,64.56,9.0,-0.35,-0.54,68.18
002995,天地在线,21.6,21.92,22.37,111163.0,21.62,90.0,-0.32,-1.46,22.4
002996,顺博合金,6.4,6.21,6.3,116485.0,6.42,283.0,0.19,3.06,6.48
002997,瑞鹄模具,29.38,26.71,27.0,68114.0,0.0,0.0,2.67,10.0,29.38
002998,优彩资源,7.4,7.29,7.42,66143.0,7.42,14.0,0.11,1.51,7.45
002999,天禾股份,6.03,5.95,5.98,72268.0,6.05,662.0,0.08,1.34,6.06
