code,name,price,prev_close,open,volume,high,low,amount,pct_change,turnover
600000,浦发银行,9.67,9.55,9.5,719511.0,9.7,15285.0,0.12,1.26,9.68
600004,白云机场,8.21,8.02,8.12,164253.0,8.24,1447.0,0.19,2.37,8.22
600006,东风股份,5.75,5.64,5.66,113196.0,5.77,980.0,0.11,1.95,5.8
600007,中国国贸,19.82,21.25,21.24,89480.0,19.86,1.0,-1.43,-6.73,21.24
600008,首创环保,3.15,3.12,3.13,680153.0,3.18,30020.0,0.03,0.96,3.18
600009,上海机场,24.26,23.46,23.67,170371.0,24.29,24.0,0.8,3.41,24.65
600010,包钢股份,2.38,2.31,2.34,7858684.0,2.41,111136.0,0.07,3.03,2.44
600011,华能国际,8.1,8.17,8.11,1532640.0,8.12,2342.0,-0.07,-0.86,8.24
600012,皖通高速,16.4,16.78,17.08,100776.0,16.43,157.0,-0.38,-2.26,17.1
600015,华夏银行,6.96,6.91,6.88,656995.0,6.99,24078.0,0.05,0.72,6.98
600016,民生银行,3.62,3.57,3.56,2132844.0,3.65,70322.0,0.05,1.4,3.63
600017,XD日照港,2.68,2.61,2.64,254728.0,2.7,18302.0,0.07,2.68,2.7
600018,上港集团,5.05,4.97,4.98,514138.0,5.07,8245.0,0.08,1.61,5.05
600019,宝钢股份,6.02,5.85,5.84,2386436.0,6.05,12195.0,0.17,2.91,6.07
600020,中原高速,3.98,3.92,3.93,113131.0,4.01,4800.0,0.06,1.53,4.0
600021,上海电力,17.22,17.14,17.29,559563.0,17.24,230.0,0.08,0.47,17.64
600022,山东钢铁,1.33,1.28,1.28,922144.0,1.35,41727.0,0.05,3.91,1.33
600023,浙能电力,6.31,6.3,6.23,863449.0,6.34,4298.0,0.01,0.16,6.34
600025,华能水电,9.82,9.7,9.69,238489.0,9.84,1500.0,0.12,1.24,9.84
600026,中远海能,17.7,16.65,16.93,951374.0,17.72,101.0,1.05,6.31,17.88
600027,华电国际,5.11,5.07,5.08,1051987.0,5.14,10336.0,0.04,0.79,5.16
600028,中国石化,4.92,4.79,4.77,4127163.0,4.95,119358.0,0.13,2.71,4.95
600029,南方航空,5.27,5.02,5.15,1861499.0,5.3,52621.0,0.25,4.98,5.3
600030,中信证券,26.32,25.51,25.56,2348208.0,26.35,4140.0,0.81,3.18,26.45
600031,三一重工,19.01,18.22,18.4,953394.0,19.04,314.0,0.79,4.34,19.22
600032,浙江新能,8.6,8.56,8.5,364959.0,8.63,1242.0,0.04,0.47,8.7
600033,福建高速,3.54,3.49,3.48,277146.0,3.57,11192.0,0.05,1.43,3.56
600035,楚天高速,3.79,3.78,3.79,75417.0,3.82,3742.0,0.01,0.26,3.81
600036,招商银行,39.23,38.73,38.59,902329.0,39.26,574.0,0.5,1.29,39.35
600037,歌华有线,6.63,6.51,6.55,123392.0,6.65,1091.0,0.12,1.84,6.67
600038,中直股份,28.38,27.25,27.36,132655.0,28.4,137.0,1.13,4.15,28.65
600039,四川路桥,8.21,8.34,8.33,201577.0,8.24,2253.0,-0.13,-1.56,8.34
600048,保利发展,5.21,5.15,5.15,923718.0,5.23,10871.0,0.06,1.17,5.25
600050,中国联通,4.37,4.36,4.37,1746973.0,4.4,34603.0,0.01,0.23,4.42
600051,宁波联合,6.28,6.28,6.3,45807.0,6.31,131.0,0.0,0.0,6.35
600052,东望时代,3.66,3.69,3.7,168763.0,3.68,301.0,-0.03,-0.81,3.77
600054,黄山旅游,11.07,10.76,10.83,78847.0,11.1,702.0,0.31,2.88,11.15
600055,万东医疗,11.56,11.36,11.36,56623.0,11.58,237.0,0.2,1.76,11.6
600056,中国医药,9.12,8.94,8.91,96553.0,9.15,1207.0,0.18,2.01,9.16
600057,厦门象屿,6.15,5.98,5.98,274563.0,6.18,2373.0,0.17,2.84,6.19
600058,五矿发展,10.3,9.81,9.81,327928.0,10.33,89.0,0.49,4.99,10.75
600059,古越龙山,7.93,7.8,7.81,61498.0,7.95,368.0,0.13,1.67,7.98
600060,海信视像,27.37,27.98,27.57,309237.0,27.4,78.0,-0.61,-2.18,27.87
600061,国投资本,6.44,6.19,6.2,563151.0,6.47,3210.0,0.25,4.04,6.46
600062,华润双鹤,17.17,17.05,17.05,55680.0,17.19,179.0,0.12,0.7,17.2
600063,皖维高新,7.42,7.75,7.96,1582778.0,7.45,753.0,-0.33,-4.26,8.1
600064,南京高科,7.51,7.27,7.29,205434.0,7.53,1302.0,0.24,3.3,7.56
600066,宇通客车,29.05,29.5,29.31,155158.0,29.08,47.0,-0.45,-1.53,29.54
600067,冠城新材,3.48,3.16,3.27,1082891.0,0.0,0.0,0.32,10.13,3.48
600071,凤凰光学,16.42,16.46,16.63,30177.0,16.45,6.0,-0.04,-0.24,16.77
600072,中船科技,9.74,9.58,9.7,268202.0,9.77,201.0,0.16,1.67,9.92
600073,光明肉业,5.01,4.96,4.98,67176.0,5.03,502.0,0.05,1.01,5.05
600075,新疆天业,4.75,4.67,4.67,201337.0,4.78,434.0,0.08,1.71,4.82
600076,康欣新材,3.49,3.46,3.51,197666.0,3.51,546.0,0.03,0.87,3.6
600078,澄星股份,12.97,12.56,12.15,754274.0,13.0,691.0,0.41,3.26,13.36
600081,东风科技,10.06,10.03,10.1,22359.0,10.09,10.0,0.03,0.3,10.18
600085,同仁堂,24.89,24.3,24.39,81278.0,24.92,64.0,0.59,2.43,25.02
600088,中视传媒,14.15,14.16,14.16,122615.0,14.17,34.0,-0.01,-0.07,14.79
600089,特变电工,23.01,22.75,22.92,1111342.0,23.04,347.0,0.26,1.14,23.39
600094,大名城,3.9,3.86,3.9,107123.0,3.92,1032.0,0.04,1.04,3.94
600095,湘财股份,7.85,7.49,7.51,307308.0,7.88,1429.0,0.36,4.81,7.91
600096,云天化,30.31,29.99,29.56,608877.0,30.34,50.0,0.32,1.07,30.99
600097,开创国际,8.64,8.53,8.53,24319.0,8.66,36.0,0.11,1.29,8.72
600098,广州发展,6.98,6.96,6.93,436597.0,7.01,490.0,0.02,0.29,7.06
600099,林海股份,9.09,9.07,9.1,29167.0,9.11,100.0,0.02,0.22,9.21
600100,同方股份,7.07,6.9,6.97,474761.0,7.1,841.0,0.17,2.46,7.12
600101,明星电力,9.12,9.09,9.1,233863.0,9.14,384.0,0.03,0.33,9.23
600103,青山纸业,3.51,3.51,3.56,918897.0,3.53,3942.0,0.0,0.0,3.58
600104,上汽集团,10.87,10.87,10.86,1148995.0,10.89,236.0,0.0,0.0,11.03
600105,永鼎股份,51.93,52.33,54.02,1138706.0,51.95,105.0,-0.4,-0.76,54.18
600106,重庆路桥,4.96,4.98,5.0,123394.0,4.98,1351.0,-0.02,-0.4,5.04
600108,亚盛集团,3.56,3.62,3.76,2681917.0,3.59,1058.0,-0.06,-1.66,3.79
600109,国金证券,8.49,7.96,8.02,744056.0,8.51,698.0,0.53,6.66,8.61
600110,诺德股份,13.05,12.22,12.52,2429957.0,13.07,389.0,0.83,6.79,13.44
600111,北方稀土,49.4,47.52,48.2,1349628.0,49.43,166.0,1.88,3.96,51.17
600113,浙江东日,35.96,34.2,33.86,64687.0,35.99,2.0,1.76,5.15,36.21
600114,东睦股份,38.91,39.72,40.2,326970.0,38.93,29.0,-0.81,-2.04,41.23
600115,中国东航,3.91,3.7,3.83,2843938.0,3.93,32490.0,0.21,5.68,3.93
600116,三峡水利,6.24,6.19,6.2,304530.0,6.27,1069.0,0.05,0.81,6.29
600117,西宁特钢,2.27,2.22,2.24,142156.0,2.3,9781.0,0.05,2.25,2.29
600118,中国卫星,80.02,78.03,79.53,479291.0,80.04,26.0,1.99,2.55,81.72
600120,浙江东方,4.47,4.38,4.42,314880.0,4.49,6247.0,0.09,2.05,4.5
600121,郑州煤电,4.51,4.46,4.37,1239931.0,4.54,1464.0,0.05,1.12,4.7
600123,兰花科创,6.96,6.71,6.71,354404.0,6.98,534.0,0.25,3.73,7.11
600125,XD铁龙物,5.51,5.42,5.49,117175.0,5.54,1291.0,0.09,1.66,5.55
600126,杭钢股份,6.77,6.64,6.72,448749.0,6.79,1024.0,0.13,1.96,6.87
600127,金健米业,5.82,5.79,5.76,104982.0,5.84,797.0,0.03,0.52,5.85
600128,苏豪弘业,8.74,8.64,8.69,29123.0,8.76,41.0,0.1,1.16,8.79
600129,太极集团,13.31,13.02,13.02,68942.0,13.34,164.0,0.29,2.23,13.38
600130,波导股份,4.52,4.51,4.58,215928.0,4.55,305.0,0.01,0.22,4.63
600131,国网信通,15.16,14.6,14.79,123361.0,15.18,385.0,0.56,3.84,15.24
600132,重庆啤酒,50.33,49.21,49.26,47472.0,50.34,9.0,1.12,2.28,50.85
600133,东湖高新,7.97,7.78,7.8,160497.0,7.99,565.0,0.19,2.44,8.14
600135,乐凯胶片,9.1,8.95,8.9,200514.0,9.13,104.0,0.15,1.68,9.4
600137,浪莎股份,18.64,18.46,18.65,19236.0,18.7,1.0,0.18,0.98,18.92
600138,中青旅,7.36,7.27,7.3,102292.0,7.38,213.0,0.09,1.24,7.42
600141,兴发集团,34.46,32.73,36.0,1035730.0,34.48,95.0,1.73,5.29,36.0
600143,金发科技,16.01,15.43,15.69,533652.0,16.03,210.0,0.58,3.76,16.24
600148,长春一东,16.46,16.38,16.45,21144.0,16.48,12.0,0.08,0.49,16.75
600149,廊坊发展,5.09,5.04,5.11,88243.0,5.12,219.0,0.05,0.99,5.17
600150,中国船舶,34.93,34.45,34.7,875184.0,34.96,57.0,0.48,1.39,35.68
600151,航天机电,11.67,11.22,11.4,508038.0,11.69,89.0,0.45,4.01,12.24
600152,维科技术,10.48,10.33,10.45,269563.0,10.5,702.0,0.15,1.45,10.73
600153,建发股份,9.56,9.37,9.44,105748.0,9.58,846.0,0.19,2.03,9.6
600155,华创云信,5.39,5.2,5.23,237706.0,5.41,2506.0,0.19,3.65,5.41
600156,华升股份,9.16,9.08,9.19,124547.0,9.19,111.0,0.08,0.88,9.34
600157,永泰能源,1.7,1.66,1.66,6207877.0,1.72,329423.0,0.04,2.41,1.72
600158,中体产业,8.45,8.55,8.49,801321.0,8.47,1081.0,-0.1,-1.17,8.68
600159,大龙地产,2.64,2.61,2.63,214209.0,2.66,3441.0,0.03,1.15,2.66
600160,巨化股份,42.66,41.0,41.1,1021014.0,42.68,781.0,1.66,4.05,43.05
600161,天坛生物,12.51,12.36,12.37,236224.0,12.53,241.0,0.15,1.21,12.57
600162,香江控股,3.46,3.15,2.99,4783795.0,0.0,0.0,0.31,9.84,3.47
600163,中闽能源,6.24,5.68,5.68,775585.0,0.0,0.0,0.56,9.86,6.25
600166,福田汽车,3.09,3.01,3.04,1460021.0,3.11,11871.0,0.08,2.66,3.13
600167,联美控股,5.94,5.78,5.78,94333.0,5.96,361.0,0.16,2.77,5.98
600168,武汉控股,4.43,4.39,4.44,41942.0,4.46,167.0,0.04,0.91,4.48
600170,上海建工,2.42,2.37,2.38,1476680.0,2.44,37795.0,0.05,2.11,2.45
600171,上海贝岭,26.38,26.23,26.73,112608.0,26.4,264.0,0.15,0.57,26.97
600172,黄河旋风,11.85,11.82,12.08,2428863.0,11.87,107.0,0.03,0.25,13.0
600173,卧龙新能,6.53,6.49,6.56,53746.0,6.56,286.0,0.04,0.62,6.65
600176,中国巨石,42.1,41.07,42.5,1742148.0,42.12,79.0,1.03,2.51,44.16
600177,雅戈尔,7.48,7.44,7.45,156371.0,7.51,1651.0,0.04,0.54,7.54
600178,东安动力,10.21,10.57,10.69,324567.0,10.23,153.0,-0.36,-3.41,11.49
600179,安通控股,4.55,4.35,4.39,589884.0,4.57,7547.0,0.2,4.6,4.58
600182,S佳通,13.91,13.43,13.51,26080.0,13.93,18.0,0.48,3.57,14.1
600183,生益科技,151.01,149.73,155.98,832570.0,151.03,18.0,1.28,0.85,162.62
600184,光电股份,25.14,25.72,26.5,314293.0,25.16,24.0,-0.58,-2.26,26.64
600185,珠免集团,5.01,4.91,4.93,160034.0,5.04,1137.0,0.1,2.04,5.07
600186,莲花控股,11.64,12.63,12.35,2736182.0,11.67,1099.0,-0.99,-7.84,12.95
600188,兖矿能源,22.85,23.1,22.51,535550.0,22.86,100.0,-0.25,-1.08,23.41
600189,泉阳泉,7.78,7.74,7.75,59922.0,7.81,467.0,0.04,0.52,7.84
600191,华资实业,10.99,10.68,10.72,48243.0,11.01,333.0,0.31,2.9,11.24
600192,长城电工,6.81,6.72,6.78,41953.0,6.84,125.0,0.09,1.34,6.92
600195,中牧股份,6.72,6.62,6.62,57874.0,6.75,292.0,0.1,1.51,6.77
600196,复星医药,22.38,21.78,21.85,165481.0,22.4,745.0,0.6,2.75,22.43
600197,伊力特,10.57,10.44,10.45,73085.0,10.6,132.0,0.13,1.25,10.68
600198,大唐电信,9.2,9.41,9.53,524079.0,9.23,177.0,-0.21,-2.23,9.6
600199,金种子酒,6.8,6.67,6.66,115856.0,6.82,110.0,0.13,1.95,6.9
600201,生物股份,12.22,11.93,11.94,168963.0,12.24,3.0,0.29,2.43,12.34
600202,哈空调,5.07,5.02,5.08,86130.0,5.11,740.0,0.05,1.0,5.11
600203,福日电子,11.14,11.45,11.59,248731.0,11.17,56.0,-0.31,-2.71,11.8
600206,有研新材,32.7,34.24,35.7,1613925.0,32.74,164.0,-1.54,-4.5,36.07
600207,安彩高科,6.1,6.42,6.47,413388.0,6.12,542.0,-0.32,-4.98,6.64
600208,衢州发展,2.99,2.76,2.78,2881416.0,3.01,8675.0,0.23,8.33,3.04
600210,紫江企业,6.58,6.36,6.39,199462.0,6.6,4147.0,0.22,3.46,6.59
600211,西藏药业,36.4,35.31,35.48,48372.0,36.46,20.0,1.09,3.09,36.6
600212,绿能慧充,5.88,5.8,5.84,97935.0,5.91,155.0,0.08,1.38,6.0
600215,派斯林,6.16,6.25,6.32,134254.0,6.2,50.0,-0.09,-1.44,6.43
600216,浙江医药,12.02,11.74,11.75,193879.0,12.04,108.0,0.28,2.39,12.16
600217,中再资环,3.19,3.16,3.18,134404.0,3.21,2235.0,0.03,0.95,3.23
600218,全柴动力,8.01,7.92,8.0,48136.0,8.03,106.0,0.09,1.14,8.13
600219,南山铝业,4.76,4.58,4.65,2348778.0,4.78,9652.0,0.18,3.93,4.84
600221,海航控股,1.55,1.48,1.5,10826465.0,1.57,243048.0,0.07,4.73,1.56
600222,太龙药业,7.86,7.61,7.68,156739.0,7.89,201.0,0.25,3.29,7.96
600223,福瑞达,5.72,5.54,5.56,85074.0,5.75,642.0,0.18,3.25,5.77
600226,亨通股份,7.5,7.5,7.62,2176362.0,7.53,1589.0,0.0,0.0,7.92
600227,赤天化,2.88,3.0,2.87,1254953.0,2.91,2394.0,-0.12,-4.0,2.95
600228,返利科技,7.4,7.45,7.52,373215.0,7.42,164.0,-0.05,-0.67,7.64
600229,城市传媒,6.19,5.63,5.65,335974.0,0.0,0.0,0.56,9.95,6.19
600230,沧州大化,14.62,14.21,14.19,113259.0,14.65,191.0,0.41,2.89,14.95
600231,凌钢股份,1.89,1.83,1.84,136712.0,1.91,4407.0,0.06,3.28,1.92
600232,金鹰股份,7.11,6.88,6.99,68784.0,7.14,221.0,0.23,3.34,7.23
600233,圆通速递,17.12,16.95,17.02,148070.0,17.14,228.0,0.17,1.0,17.43
600234,科新发展,24.73,25.54,25.57,26289.0,24.75,372.0,-0.81,-3.17,26.04
600235,民丰特纸,5.64,5.57,5.62,44497.0,5.66,223.0,0.07,1.26,5.78
600236,桂冠电力,9.89,9.79,9.84,148839.0,9.92,303.0,0.1,1.02,9.92
600237,铜峰电子,9.78,10.28,10.45,688439.0,9.81,224.0,-0.5,-4.86,10.61
600241,时代万恒,7.31,7.24,7.3,57861.0,7.37,3.0,0.07,0.97,7.44
600246,万通发展,16.19,17.14,17.5,1502091.0,16.21,167.0,-0.95,-5.54,17.79
600248,陕建股份,3.01,2.96,2.97,164325.0,3.04,2933.0,0.05,1.69,3.03
600249,两面针,5.09,5.02,5.05,65384.0,5.12,440.0,0.07,1.39,5.14
600250,南京商旅,8.84,8.7,8.75,71628.0,8.86,278.0,0.14,1.61,8.91
600251,冠农股份,9.88,9.71,9.66,101447.0,9.91,507.0,0.17,1.75,10.0
600252,中恒集团,2.16,2.11,2.12,235299.0,2.18,11016.0,0.05,2.37,2.17
600255,鑫科材料,4.15,4.27,4.17,2923585.0,4.18,8883.0,-0.12,-2.81,4.3
600256,广汇能源,6.59,6.33,6.23,3219403.0,6.61,6116.0,0.26,4.11,6.63
600257,大湖股份,5.08,5.05,5.05,105326.0,5.1,339.0,0.03,0.59,5.12
600258,首旅酒店,12.73,12.49,12.53,229961.0,12.75,158.0,0.24,1.92,12.83
600259,中稀有色,94.85,92.09,93.99,212527.0,94.89,1.0,2.76,3.0,98.3
600261,阳光照明,3.18,3.12,3.14,84538.0,3.21,3082.0,0.06,1.92,3.21
600262,北方股份,21.35,20.72,21.07,30406.0,21.38,36.0,0.63,3.04,21.65
600266,城建发展,4.43,4.37,4.38,278989.0,4.45,3154.0,0.06,1.37,4.47
600267,海正药业,10.0,9.6,9.66,180700.0,10.02,393.0,0.4,4.17,10.08
600268,国电南自,12.2,11.91,12.03,136794.0,12.22,200.0,0.29,2.43,12.36
600269,赣粤高速,4.19,4.13,4.15,179614.0,4.21,4353.0,0.06,1.45,4.21
600271,航天信息,7.06,6.87,6.97,173721.0,7.09,1196.0,0.19,2.77,7.16
600272,开开实业,11.06,11.01,11.0,17467.0,11.09,23.0,0.05,0.45,11.18
600273,嘉化能源,7.0,6.94,6.95,242841.0,7.02,327.0,0.06,0.86,7.11
600276,恒瑞医药,48.65,46.98,47.2,877293.0,48.69,58.0,1.67,3.55,48.95
600278,东方创业,6.22,6.12,6.16,65943.0,6.25,335.0,0.1,1.63,6.38
600279,重庆港,4.41,4.4,4.38,305209.0,4.43,607.0,0.01,0.23,4.5
600280,中央商场,2.93,2.89,2.88,907309.0,2.95,2879.0,0.04,1.38,3.03
600281,华阳新材,4.9,4.85,4.9,103924.0,4.93,83.0,0.05,1.03,5.14
600282,南钢股份,4.81,4.7,4.7,319936.0,4.84,1090.0,0.11,2.34,4.86
600283,钱江水利,8.36,8.17,8.23,45133.0,8.39,547.0,0.19,2.33,8.64
600284,浦东建设,5.31,5.2,5.28,125725.0,5.33,159.0,0.11,2.12,5.39
600285,羚锐制药,20.79,20.65,20.7,66253.0,20.81,17.0,0.14,0.68,20.88
600287,苏豪时尚,4.88,4.82,4.89,25665.0,4.9,534.0,0.06,1.24,4.95
600288,大恒科技,12.18,12.15,12.21,47243.0,12.21,428.0,0.03,0.25,12.42
600292,电投水电,14.51,13.19,13.21,303495.0,0.0,0.0,1.32,10.01,14.51
600293,三峡新材,3.43,3.63,3.65,1195415.0,3.46,1805.0,-0.2,-5.51,3.7
600295,鄂尔多斯,13.73,13.6,13.6,170433.0,13.75,137.0,0.13,0.96,14.0
600298,安琪酵母,36.65,35.87,35.82,107295.0,36.67,14.0,0.78,2.17,36.79
600299,安迪苏,10.15,10.04,9.96,121905.0,10.17,15.0,0.11,1.1,10.47
600300,维维股份,3.06,2.99,3.01,224931.0,3.08,8958.0,0.07,2.34,3.08
600301,华锡有色,63.22,58.54,60.3,251602.0,63.24,10.0,4.68,7.99,64.0
600303,曙光股份,3.04,3.04,3.06,369302.0,3.07,1241.0,0.0,0.0,3.12
600305,恒顺醋业,6.87,6.75,6.76,63154.0,6.89,823.0,0.12,1.78,6.9
600307,酒钢宏兴,1.58,1.54,1.55,563411.0,1.6,64266.0,0.04,2.6,1.6
600308,华泰股份,3.34,3.27,3.28,68385.0,3.37,2113.0,0.07,2.14,3.36
600309,万华化学,71.82,67.15,67.2,540619.0,71.84,16.0,4.67,6.95,72.83
600310,广西能源,4.65,4.76,4.71,827283.0,4.67,485.0,-0.11,-2.31,4.8
600312,平高电气,18.41,18.15,18.4,176489.0,18.44,89.0,0.26,1.43,18.6
600313,农发种业,5.89,5.8,5.76,208577.0,5.91,1302.0,0.09,1.55,5.95
600315,上海家化,18.26,17.69,17.75,53058.0,18.28,72.0,0.57,3.22,18.38
600316,洪都航空,27.72,26.7,27.0,131680.0,27.75,43.0,1.02,3.82,28.46
600318,新力金融,6.37,6.23,6.3,92737.0,6.39,275.0,0.14,2.25,6.43
600319,亚星化学,7.02,7.02,7.07,26230.0,7.05,24.0,0.0,0.0,7.18
600320,振华重工,4.41,4.32,4.35,374435.0,4.44,2852.0,0.09,2.08,4.46
600322,津投城开,2.7,2.86,2.87,769022.0,2.73,787.0,-0.16,-5.59,2.89
600323,瀚蓝环境,30.59,30.18,30.18,53853.0,30.61,8.0,0.41,1.36,30.78
600325,华发股份,2.62,2.59,2.6,309610.0,2.64,4933.0,0.03,1.16,2.65
600326,西藏天路,7.16,7.08,7.12,167826.0,7.18,1604.0,0.08,1.13,7.28
600327,大东方,3.5,3.42,3.45,88298.0,3.52,2106.0,0.08,2.34,3.53
600328,中盐化工,6.75,6.56,6.6,222826.0,6.78,608.0,0.19,2.9,6.88
600329,达仁堂,38.42,37.51,37.52,28288.0,38.45,121.0,0.91,2.43,38.57
600330,天通股份,28.28,29.31,30.09,1040936.0,28.3,151.0,-1.03,-3.51,30.34
600331,宏达股份,13.09,12.66,12.8,550063.0,13.11,640.0,0.43,3.4,13.43
600332,白云山,21.69,21.39,21.39,77662.0,21.71,300.0,0.3,1.4,21.77
600333,长春燃气,5.48,5.44,5.42,137560.0,5.5,708.0,0.04,0.74,5.56
600335,国机汽车,5.28,5.19,5.2,85359.0,5.31,1817.0,0.09,1.73,5.32
600336,澳柯玛,7.16,6.98,7.02,100865.0,7.18,336.0,0.18,2.58,7.21
600338,西藏珠峰,17.92,17.2,17.26,1011067.0,17.95,407.0,0.72,4.19,18.36
600339,中油工程,3.29,3.26,3.2,670032.0,3.32,11409.0,0.03,0.92,3.33
600343,航天动力,25.21,23.6,24.08,611516.0,25.23,101.0,1.61,6.82,25.96
600345,长江通信,57.8,57.01,57.71,254724.0,57.83,2.0,0.79,1.39,62.5
600346,恒力石化,17.49,16.29,16.62,642932.0,17.52,468.0,1.2,7.37,17.84
600348,华阳股份,9.03,9.01,8.92,306459.0,9.05,368.0,0.02,0.22,9.22
600350,山东高速,10.86,11.04,10.99,129469.0,10.87,56.0,-0.18,-1.63,10.99
600351,亚宝药业,6.27,6.2,6.19,96629.0,6.29,595.0,0.07,1.13,6.31
600352,浙江龙盛,11.44,10.73,10.98,1128430.0,11.47,3643.0,0.71,6.62,11.55
600353,旭光电子,29.22,29.94,31.0,1065710.0,29.24,5.0,-0.72,-2.4,32.27
600354,敦煌种业,5.37,5.3,5.29,119792.0,5.39,412.0,0.07,1.32,5.42
600356,恒丰纸业,8.53,8.47,8.5,36640.0,8.55,81.0,0.06,0.71,8.59
600358,国旅联合,5.77,5.72,5.72,52526.0,5.8,979.0,0.05,0.87,5.82
600359,新农开发,6.47,6.24,6.27,119678.0,6.5,119.0,0.23,3.69,6.68
600360,华微电子,10.78,11.19,11.53,536118.0,10.81,155.0,-0.41,-3.66,11.76
600361,创新新材,4.14,3.99,4.01,988418.0,4.16,1995.0,0.15,3.76,4.19
600362,江西铜业,43.47,40.14,41.25,831562.0,43.51,130.0,3.33,8.3,44.15
600363,联创光电,32.98,32.74,33.18,135683.0,33.0,26.0,0.24,0.73,33.82
600366,宁波韵升,13.29,13.0,13.11,507193.0,13.31,897.0,0.29,2.23,13.55
600367,红星发展,52.89,54.03,56.0,571897.0,52.93,15.0,-1.14,-2.11,59.0
600368,五洲交通,3.76,3.74,3.75,87275.0,3.8,4639.0,0.02,0.53,3.78
600369,西南证券,3.98,3.83,3.84,523919.0,4.01,7399.0,0.15,3.92,4.0
600371,万向德农,7.13,7.05,7.08,32992.0,7.16,30.0,0.08,1.13,7.2
600372,中航机载,11.14,10.73,10.9,487641.0,11.16,517.0,0.41,3.82,11.38
600373,XD中文传,7.62,7.64,7.7,71081.0,7.64,447.0,-0.02,-0.26,7.73
600375,汉马科技,3.94,3.86,3.87,180142.0,3.96,9229.0,0.08,2.07,3.96
600376,首开股份,3.41,3.36,3.39,526775.0,3.43,8959.0,0.05,1.49,3.45
600377,宁沪高速,12.25,12.37,12.3,195236.0,12.27,129.0,-0.12,-0.97,12.37
600378,XD昊华科,57.15,63.5,63.18,1117246.0,57.17,83.0,-6.35,-10.0,63.25
600379,XD宝光股,11.94,12.01,12.01,101005.0,11.97,86.0,-0.07,-0.58,12.22
600380,健康元,10.0,9.82,9.82,115103.0,10.03,593.0,0.18,1.83,10.04
600382,广东明珠,8.14,8.22,8.38,189568.0,8.16,588.0,-0.08,-0.97,8.47
600383,金地集团,2.52,2.48,2.49,328224.0,2.54,15473.0,0.04,1.61,2.54
600386,北巴传媒,3.5,3.45,3.46,88219.0,3.52,251.0,0.05,1.45,3.55
600388,龙净环保,17.18,16.63,16.7,103387.0,17.2,546.0,0.55,3.31,17.34
600389,江山股份,23.2,22.17,22.33,77668.0,23.22,80.0,1.03,4.65,23.76
600390,五矿资本,4.65,4.51,4.52,315275.0,4.67,4165.0,0.14,3.1,4.68
600391,航发科技,35.01,31.83,32.31,122939.0,0.0,0.0,3.18,9.99,35.01
600392,盛和资源,25.99,25.27,25.45,1490441.0,26.02,137.0,0.72,2.85,26.88
600395,盘江股份,5.54,5.53,5.47,300298.0,5.57,351.0,0.01,0.18,5.68
600396,华电辽能,17.9,17.73,17.9,2563274.0,17.92,405.0,0.17,0.96,18.47
600397,江钨装备,14.73,14.26,14.2,851876.0,14.75,550.0,0.47,3.3,15.44
600398,海澜之家,5.97,5.84,5.85,337256.0,5.99,5137.0,0.13,2.23,6.0
600399,抚顺特钢,4.28,4.16,4.19,649429.0,4.3,3247.0,0.12,2.88,4.35
600400,红豆股份,2.6,2.58,2.58,193399.0,2.62,2260.0,0.02,0.78,2.62
600403,大有能源,7.25,8.05,7.25,922987.0,7.27,4866.0,-0.8,-9.94,7.45
600405,动力源,4.27,4.23,4.3,66523.0,4.29,292.0,0.04,0.95,4.33
600406,国电南瑞,23.27,22.85,23.05,581682.0,23.29,2017.0,0.42,1.84,23.36
600408,安泰集团,2.89,2.92,2.88,1024928.0,2.91,1395.0,-0.03,-1.03,2.99
600409,三友化工,6.17,5.97,5.91,449655.0,6.19,411.0,0.2,3.35,6.42
600410,华胜天成,17.58,17.23,17.51,536431.0,17.61,248.0,0.35,2.03,17.77
600415,小商品城,11.35,11.02,11.09,753611.0,11.37,1280.0,0.33,2.99,11.45
600416,湘电股份,9.7,9.55,9.64,228186.0,9.73,42.0,0.15,1.57,9.95
600418,江淮汽车,31.52,31.28,31.32,622260.0,31.54,9.0,0.24,0.77,32.95
600419,天润乳业,8.01,7.91,7.94,43969.0,8.04,170.0,0.1,1.26,8.07
600420,国药现代,8.63,8.54,8.55,69289.0,8.65,163.0,0.09,1.05,8.69
600422,昆药集团,8.51,8.39,8.4,48178.0,8.53,327.0,0.12,1.43,8.57
600425,XD青松建,3.51,3.43,3.48,142149.0,3.54,3964.0,0.08,2.33,3.55
600426,华鲁恒升,28.3,26.7,26.57,479413.0,28.32,22.0,1.6,5.99,29.05
600428,中远海特,7.97,7.83,7.83,470599.0,8.0,2086.0,0.14,1.79,8.19
600429,三元股份,4.4,4.37,4.38,101076.0,4.42,713.0,0.03,0.69,4.45
600433,冠豪高新,3.51,3.43,3.47,473311.0,3.53,2480.0,0.08,2.33,3.52
600435,北方导航,12.29,11.83,11.9,300627.0,12.3,3585.0,0.46,3.89,12.34
600436,片仔癀,119.75,118.35,117.78,36516.0,119.77,4.0,1.4,1.18,121.33
600438,通威股份,13.84,14.2,14.2,768865.0,13.86,341.0,-0.36,-2.54,14.32
600439,瑞贝卡,2.26,2.27,2.28,415997.0,2.29,7756.0,-0.01,-0.44,2.3
600444,国机通用,14.18,14.12,14.24,15580.0,14.27,4.0,0.06,0.42,14.4
600446,金证股份,11.54,11.21,11.35,221985.0,11.56,221.0,0.33,2.94,11.82
600448,华纺股份,2.91,2.92,2.94,205984.0,2.93,3120.0,-0.01,-0.34,2.95
600449,宁夏建材,12.65,12.48,12.54,43425.0,12.67,34.0,0.17,1.36,12.83
600452,涪陵电力,10.57,10.25,10.4,317869.0,10.59,3149.0,0.32,3.12,10.74
600455,博通股份,24.32,24.26,24.5,17095.0,24.35,6.0,0.06,0.25,24.87
600456,宝钛股份,29.68,28.6,28.98,114065.0,29.71,43.0,1.08,3.78,29.98
600458,时代新材,15.87,15.23,15.68,477198.0,15.89,65.0,0.64,4.2,16.0
600459,贵研铂业,25.32,25.11,26.43,899316.0,25.34,26.0,0.21,0.84,26.89
600460,士兰微,32.54,33.18,34.2,738555.0,32.56,38.0,-0.64,-1.93,34.66
600461,洪城环境,9.44,9.36,9.33,97130.0,9.47,271.0,0.08,0.85,9.53
600463,空港股份,9.0,8.98,9.01,22453.0,9.03,12.0,0.02,0.22,9.16
600467,好当家,2.17,2.13,2.15,210483.0,2.2,9652.0,0.04,1.88,2.2
600468,百利电气,5.75,5.63,5.69,244664.0,5.78,1715.0,0.12,2.13,5.79
600469,风神股份,5.59,5.54,5.57,58777.0,5.62,290.0,0.05,0.9,5.68
600470,六国化工,6.09,5.67,5.7,743690.0,6.12,303.0,0.42,7.41,6.21
600475,华光环能,14.66,14.17,14.3,139073.0,14.68,524.0,0.49,3.46,15.15
600477,杭萧钢构,2.59,2.53,2.55,236271.0,2.61,15906.0,0.06,2.37,2.61
600478,科力远,5.55,5.4,5.5,292787.0,5.58,908.0,0.15,2.78,5.65
600479,千金药业,9.78,9.79,9.8,58284.0,9.81,80.0,-0.01,-0.1,9.86
600480,凌云股份,9.66,9.58,9.67,144111.0,9.68,113.0,0.08,0.84,9.81
600481,双良节能,5.09,5.16,5.12,885172.0,5.12,2206.0,-0.07,-1.36,5.28
600482,中国动力,31.35,31.37,32.9,521830.0,31.37,26.0,-0.02,-0.06,33.33
600483,福能股份,11.53,11.71,11.7,331260.0,11.56,259.0,-0.18,-1.54,11.71
600486,扬农化工,55.68,53.81,54.0,64553.0,55.69,10.0,1.87,3.48,56.9
600487,亨通光电,98.34,102.4,105.08,1756398.0,98.45,14.0,-4.06,-3.96,105.49
600488,津药药业,4.76,5.08,5.02,825860.0,4.78,1071.0,-0.32,-6.3,5.07
600489,中金黄金,21.65,20.64,21.3,936746.0,21.67,67.0,1.01,4.89,22.16
600490,鹏欣资源,7.1,6.64,6.81,560563.0,7.13,509.0,0.46,6.93,7.17
600493,凤竹纺织,6.01,5.99,6.04,35719.0,6.03,177.0,0.02,0.33,6.09
600495,晋西车轴,3.78,3.72,3.78,93783.0,3.81,1004.0,0.06,1.61,3.85
600496,精工钢构,3.83,3.76,3.78,221144.0,3.85,3057.0,0.07,1.86,3.87
600497,驰宏锌锗,9.28,8.44,8.74,1328063.0,0.0,0.0,0.84,9.95,9.28
600498,烽火通信,63.36,60.99,62.5,1958887.0,63.38,24.0,2.37,3.89,66.82
600499,科达制造,15.69,14.9,15.1,324064.0,15.72,104.0,0.79,5.3,16.08
600500,中化国际,7.93,7.21,7.9,5330290.0,0.0,0.0,0.72,9.99,7.93
600501,航天晨光,17.81,17.25,17.47,74501.0,17.83,22.0,0.56,3.25,18.28
600502,安徽建工,4.69,4.62,4.64,454079.0,4.72,1433.0,0.07,1.52,4.76
600503,华丽家族,2.46,2.45,2.48,391807.0,2.48,1110.0,0.01,0.41,2.53
600505,西昌电力,14.59,14.86,14.35,336820.0,14.62,17.0,-0.27,-1.82,14.7
600506,统一股份,16.32,16.34,16.34,45456.0,16.34,9.0,-0.02,-0.12,16.64
600507,方大特钢,4.27,4.23,4.25,347690.0,4.29,1584.0,0.04,0.95,4.35
600508,上海能源,13.12,12.79,12.75,105781.0,13.14,141.0,0.33,2.58,13.4
600509,天富能源,8.1,8.03,8.08,334289.0,8.13,1253.0,0.07,0.87,8.22
600510,黑牡丹,7.67,7.45,7.5,132180.0,7.7,308.0,0.22,2.95,7.95
600511,国药股份,27.82,27.54,27.62,46252.0,27.84,480.0,0.28,1.02,27.85
600512,腾达建设,2.06,2.04,2.05,189650.0,2.09,11097.0,0.02,0.98,2.09
600513,联环药业,15.92,15.77,15.77,70748.0,15.94,11.0,0.15,0.95,16.19
600515,海南机场,2.97,2.92,2.94,1354794.0,2.99,25884.0,0.05,1.71,2.98
600516,方大炭素,5.66,5.74,5.64,1113439.0,5.68,1123.0,-0.08,-1.39,5.87
600517,国网英大,4.89,4.79,4.85,319042.0,4.91,3586.0,0.1,2.09,4.91
600518,康美药业,1.41,1.38,1.38,2038053.0,1.43,83260.0,0.03,2.17,1.42
600519,贵州茅台,1291.63,1279.0,1271.18,41393.0,1291.66,1.0,12.63,0.99,1295.0
600520,三佳科技,27.09,28.77,29.4,152716.0,27.13,3.0,-1.68,-5.84,29.74
600521,华海药业,14.44,14.09,14.1,136730.0,14.46,353.0,0.35,2.48,14.49
600522,中天科技,49.08,49.27,50.72,2917382.0,49.16,37.0,-0.19,-0.39,52.2
600523,贵航股份,11.29,10.92,10.99,44193.0,11.32,20.0,0.37,3.39,11.43
600526,菲达环保,4.46,4.42,4.45,60528.0,4.49,703.0,0.04,0.9,4.51
600527,江南高纤,2.32,2.28,2.31,593813.0,2.34,9025.0,0.04,1.75,2.37
600528,中铁工业,7.04,6.93,6.97,143393.0,7.06,196.0,0.11,1.59,7.11
600529,山东药玻,18.13,18.05,18.05,56583.0,18.16,104.0,0.08,0.44,18.26
600530,交大昂立,6.15,5.92,5.91,152247.0,6.18,166.0,0.23,3.89,6.31
600531,豫光金铅,13.09,11.9,12.4,726323.0,0.0,0.0,1.19,10.0,13.09
600533,栖霞建设,2.21,2.18,2.19,184496.0,2.23,4626.0,0.03,1.38,2.23
600535,天士力,14.4,14.2,14.3,96460.0,14.43,161.0,0.2,1.41,14.48
600536,中国软件,31.64,33.13,33.3,193651.0,31.66,227.0,-1.49,-4.5,33.85
600538,国发股份,5.77,5.91,5.97,94975.0,5.79,556.0,-0.14,-2.37,6.07
600539,狮头股份,16.34,14.85,15.2,169016.0,0.0,0.0,1.49,10.03,16.34
600540,新赛股份,4.49,4.45,4.47,218518.0,4.51,201.0,0.04,0.9,4.59
600545,卓郎智能,5.51,5.76,5.95,980200.0,5.54,496.0,-0.25,-4.34,5.95
600546,山煤国际,13.25,13.03,12.9,354384.0,13.29,91.0,0.22,1.69,13.65
600547,山东黄金,27.92,26.95,27.6,738899.0,27.96,43.0,0.97,3.6,28.9
600548,深高速,8.63,8.53,8.63,16163.0,8.65,557.0,0.1,1.17,8.65
600549,厦门钨业,66.57,67.44,69.0,1359792.0,66.59,54.0,-0.87,-1.29,70.13
600550,保变电气,12.13,11.86,12.01,270600.0,12.16,400.0,0.27,2.28,12.3
600551,时代出版,7.34,7.31,7.3,37570.0,7.37,197.0,0.03,0.41,7.44
600552,凯盛科技,19.2,20.59,20.68,1173891.0,19.22,41.0,-1.39,-6.75,21.33
600556,天下秀,4.9,4.91,4.93,500055.0,4.92,3749.0,-0.01,-0.2,4.95
600557,康缘药业,12.05,11.7,11.73,34837.0,12.07,140.0,0.35,2.99,12.08
600558,大西洋,5.41,5.27,5.35,141608.0,5.43,245.0,0.14,2.66,5.47
600559,老白干酒,12.42,12.14,12.1,169131.0,12.45,382.0,0.28,2.31,12.58
600560,金自天正,11.96,11.92,12.06,40137.0,11.98,10.0,0.04,0.34,12.28
600561,江西长运,5.57,5.56,5.58,36702.0,5.59,27.0,0.01,0.18,5.66
600562,国睿科技,21.61,21.0,21.22,123436.0,21.63,24.0,0.61,2.9,22.44
600563,XD法拉电,142.81,147.95,152.09,95259.0,142.83,1.0,-5.14,-3.47,153.2
600566,济川药业,27.06,26.37,26.41,83044.0,27.09,22.0,0.69,2.62,27.14
600567,山鹰国际,1.43,1.31,1.3,3815698.0,0.0,0.0,0.12,9.16,1.44
600569,安阳钢铁,1.86,1.81,1.82,176049.0,1.88,13905.0,0.05,2.76,1.88
600570,恒生电子,21.76,21.02,21.35,280384.0,21.79,80.0,0.74,3.52,22.06
600571,信雅达,10.46,10.23,10.35,68487.0,10.49,113.0,0.23,2.25,10.6
600572,康恩贝,4.11,4.07,4.07,270110.0,4.14,6602.0,0.04,0.98,4.13
600573,惠泉啤酒,13.65,13.31,12.91,352992.0,13.67,121.0,0.34,2.55,13.8
600575,淮河能源,3.99,3.75,3.77,1285950.0,4.01,3795.0,0.24,6.4,4.05
600576,祥源文旅,6.18,5.62,5.68,394185.0,0.0,0.0,0.56,9.96,6.18
600577,精达股份,11.36,10.85,11.02,774911.0,11.39,293.0,0.51,4.7,11.82
600578,京能电力,7.64,7.78,7.8,2134572.0,7.67,92.0,-0.14,-1.8,7.93
600579,中化装备,6.67,6.74,6.85,132342.0,6.69,129.0,-0.07,-1.04,6.99
600580,卧龙电驱,35.14,34.83,35.3,352175.0,35.16,237.0,0.31,0.89,35.88
600582,XD天地科,5.26,5.23,5.23,284754.0,5.29,4178.0,0.03,0.57,5.27
600583,海油工程,5.5,5.43,5.36,441785.0,5.52,1608.0,0.07,1.29,5.65
600584,长电科技,69.83,71.95,75.0,1605831.0,69.87,28.0,-2.12,-2.95,75.88
600585,海螺水泥,18.74,18.57,18.71,276946.0,18.76,22.0,0.17,0.92,18.9
600586,金晶科技,4.65,4.7,4.72,300669.0,4.68,1818.0,-0.05,-1.06,4.77
600587,新华医疗,12.67,12.58,12.58,35692.0,12.69,49.0,0.09,0.72,12.76
600588,用友网络,10.04,9.9,10.0,347907.0,10.06,497.0,0.14,1.41,10.21
600589,大位科技,9.41,9.43,9.6,715913.0,9.44,919.0,-0.02,-0.21,9.68
600590,泰豪科技,11.98,11.45,11.61,364006.0,12.01,141.0,0.53,4.63,12.28
600592,龙溪股份,15.49,16.41,16.64,176383.0,15.51,36.0,-0.92,-5.61,16.68
600593,大连圣亚,40.76,39.6,39.35,89531.0,40.79,6.0,1.16,2.93,41.41
600594,益佰制药,3.28,3.25,3.25,146750.0,3.31,2251.0,0.03,0.92,3.32
600595,中孚实业,6.92,6.6,6.68,938964.0,6.94,453.0,0.32,4.85,7.09
600596,新安股份,14.37,14.3,14.5,822358.0,14.4,56.0,0.07,0.49,14.99
600597,光明乳业,6.76,6.61,6.62,98499.0,6.78,940.0,0.15,2.27,6.78
600598,北大荒,14.23,14.0,13.97,151665.0,14.26,362.0,0.23,1.64,14.28
600600,青岛啤酒,60.56,60.69,60.0,64550.0,60.58,29.0,-0.13,-0.21,60.8
600601,方正科技,12.89,11.72,11.96,3606663.0,0.0,0.0,1.17,9.98,12.89
600602,云赛智联,17.15,16.67,16.98,231409.0,17.18,424.0,0.48,2.88,17.46
600603,广汇物流,4.61,4.46,4.51,136696.0,4.63,50.0,0.15,3.36,4.71
600604,市北高新,4.2,4.1,4.14,82281.0,4.22,2469.0,0.1,2.44,4.23
600605,汇通能源,29.84,29.89,30.03,37211.0,29.89,57.0,-0.05,-0.17,30.35
600606,绿地控股,1.39,1.36,1.37,958627.0,1.41,49481.0,0.03,2.21,1.4
600609,金杯汽车,3.39,3.33,3.36,146332.0,3.41,2677.0,0.06,1.8,3.53
600610,中毅达,8.2,8.35,8.09,266012.0,8.23,254.0,-0.15,-1.8,8.35
600611,大众交通,4.2,4.22,4.3,489191.0,4.23,1179.0,-0.02,-0.47,4.32
600612,老凤祥,35.3,34.6,34.6,13180.0,35.32,13.0,0.7,2.02,35.51
600613,神奇制药,4.93,4.85,4.86,46413.0,4.96,370.0,0.08,1.65,4.97
600615,鑫源智造,9.32,9.24,9.35,20351.0,9.34,62.0,0.08,0.87,9.68
600616,金枫酒业,4.24,4.19,4.2,46348.0,4.26,446.0,0.05,1.19,4.27
600617,国新能源,3.11,3.09,3.09,266290.0,3.14,3159.0,0.02,0.65,3.16
600618,氯碱化工,10.6,10.7,10.51,163485.0,10.62,63.0,-0.1,-0.93,10.7
600619,海立股份,14.89,14.42,14.55,222369.0,14.91,43.0,0.47,3.26,15.13
600620,天宸股份,4.49,4.47,4.4,63975.0,4.53,558.0,0.02,0.45,4.56
600621,华鑫股份,12.41,11.99,12.06,103767.0,12.44,240.0,0.42,3.5,12.49
600622,光大嘉宝,2.29,2.25,2.26,242378.0,2.31,6640.0,0.04,1.78,2.33
600623,华谊集团,8.65,8.37,8.37,264016.0,8.67,291.0,0.28,3.35,8.83
600626,申达股份,3.47,3.39,3.43,107679.0,3.49,1058.0,0.08,2.36,3.51
600628,新世界,6.13,6.04,6.07,51626.0,6.15,325.0,0.09,1.49,6.17
600629,华建集团,15.98,15.9,15.85,167249.0,16.02,188.0,0.08,0.5,16.49
600630,龙头股份,8.88,8.95,8.94,282775.0,8.91,250.0,-0.07,-0.78,9.14
600633,XD浙数文,10.71,10.74,10.87,165311.0,10.74,123.0,-0.03,-0.28,10.87
600635,大众公用,4.79,4.77,4.76,392216.0,4.81,1775.0,0.02,0.42,4.84
600637,东方明珠,8.51,8.44,8.55,468251.0,8.54,231.0,0.07,0.83,8.77
600638,新黄浦,5.27,5.18,5.21,108853.0,5.29,50.0,0.09,1.74,5.38
600639,浦东金桥,9.75,9.64,9.63,20528.0,9.77,105.0,0.11,1.14,9.78
600640,国脉文化,10.59,10.51,10.55,63578.0,10.61,98.0,0.08,0.76,10.67
600641,先导基电,28.78,28.91,29.41,696970.0,28.8,35.0,-0.13,-0.45,29.9
600642,申能股份,9.64,9.56,9.57,352704.0,9.66,352.0,0.08,0.84,9.76
600643,爱建集团,4.03,3.9,3.91,137517.0,4.06,2490.0,0.13,3.33,4.06
600644,乐山电力,9.89,9.8,9.77,163165.0,9.91,132.0,0.09,0.92,10.03
600645,中源协和,18.67,18.19,18.33,71854.0,18.7,87.0,0.48,2.64,18.8
600648,外高桥,8.8,8.73,8.72,24815.0,8.82,146.0,0.07,0.8,8.86
600649,城投控股,3.68,3.64,3.64,128637.0,3.7,3845.0,0.04,1.1,3.71
600650,锦江在线,10.24,10.11,10.11,29664.0,10.27,33.0,0.13,1.29,10.33
600651,飞乐音响,6.09,6.01,6.07,139704.0,6.11,699.0,0.08,1.33,6.2
600653,申华控股,1.64,1.63,1.63,135796.0,1.67,6355.0,0.01,0.61,1.66
600654,中安科,2.88,2.85,2.88,606895.0,2.9,6992.0,0.03,1.05,2.93
600655,豫园股份,4.39,4.37,4.4,147867.0,4.41,662.0,0.02,0.46,4.45
600657,信达地产,2.73,2.72,2.73,228139.0,2.75,7065.0,0.01,0.37,2.78
600658,电子城,4.35,4.33,4.35,97923.0,4.37,763.0,0.02,0.46,4.41
600660,福耀玻璃,52.28,52.41,52.5,83593.0,52.32,10.0,-0.13,-0.25,52.95
600661,昂立教育,7.92,7.82,7.81,42713.0,7.95,67.0,0.1,1.28,8.02
600662,外服控股,4.26,4.17,4.2,127574.0,4.29,1376.0,0.09,2.16,4.31
600663,陆家嘴,6.71,6.5,6.57,149127.0,6.73,301.0,0.21,3.23,6.75
600664,哈药股份,3.15,3.09,3.1,351695.0,3.17,12652.0,0.06,1.94,3.18
600665,天地源,3.99,4.07,3.87,848127.0,4.01,157.0,-0.08,-1.97,4.18
600666,奥瑞德,4.36,4.38,4.47,809547.0,4.39,3614.0,-0.02,-0.46,4.49
600667,太极实业,16.91,17.51,18.7,3626122.0,16.93,335.0,-0.6,-3.43,18.86
600668,尖峰集团,7.46,7.33,7.35,50161.0,7.48,106.0,0.13,1.77,7.57
600671,天目药业,16.38,15.94,16.06,14390.0,16.4,15.0,0.44,2.76,16.55
600673,东阳光,32.53,33.14,33.64,392580.0,32.56,189.0,-0.61,-1.84,33.79
600674,川投能源,15.59,15.51,15.5,412649.0,15.61,245.0,0.08,0.52,15.75
600675,中华企业,2.39,2.36,2.36,243662.0,2.41,9815.0,0.03,1.27,2.42
600676,交运股份,6.47,6.32,6.3,112820.0,6.5,1335.0,0.15,2.37,6.48
600679,上海凤凰,9.42,9.31,9.34,39566.0,9.46,22.0,0.11,1.18,9.55
600681,百川能源,3.54,3.53,3.53,120206.0,3.56,1546.0,0.01,0.28,3.6
600682,南京新百,5.82,5.84,5.89,142726.0,5.84,433.0,-0.02,-0.34,5.9
600683,京投发展,12.56,12.63,12.8,182008.0,12.58,72.0,-0.07,-0.55,13.45
600684,珠江股份,3.44,3.34,3.36,335803.0,3.46,874.0,0.1,2.99,3.63
600685,中船防务,26.0,25.12,25.36,119300.0,26.03,50.0,0.88,3.5,26.25
600686,金龙汽车,12.96,12.3,12.41,193740.0,12.99,213.0,0.66,5.37,13.22
600688,上海石化,2.91,2.89,2.84,1384456.0,2.93,5695.0,0.02,0.69,2.98
600689,上海三毛,11.09,11.39,11.48,31131.0,11.12,7.0,-0.3,-2.63,11.51
600690,海尔智家,21.22,21.11,20.88,574413.0,21.24,850.0,0.11,0.52,21.26
600691,潞化科技,2.65,2.62,2.62,385779.0,2.68,4521.0,0.03,1.15,2.72
600692,亚通股份,6.41,6.29,6.35,48865.0,6.43,90.0,0.12,1.91,6.49
600693,东百集团,8.82,8.63,8.6,527597.0,8.85,427.0,0.19,2.2,9.02
600694,大商股份,14.63,14.42,14.36,35348.0,14.66,13.0,0.21,1.46,14.7
600697,欧亚集团,10.97,10.81,10.76,28021.0,11.0,22.0,0.16,1.48,11.13
600698,湖南天雁,6.92,7.14,6.91,238519.0,6.94,451.0,-0.22,-3.08,7.02
600699,均胜电子,23.89,23.53,23.87,300785.0,23.91,113.0,0.36,1.53,24.36
600702,舍得酒业,38.34,37.88,37.88,41874.0,38.36,17.0,0.46,1.21,38.74
600703,三安光电,14.2,15.26,14.48,3683324.0,14.22,419.0,-1.06,-6.95,15.18
600704,物产中大,4.76,4.67,4.7,412717.0,4.79,5637.0,0.09,1.93,4.8
600706,曲江文旅,7.72,7.65,7.71,50659.0,7.76,64.0,0.07,0.92,7.8
600707,彩虹股份,9.94,10.61,10.75,1746167.0,9.96,245.0,-0.67,-6.31,10.88
600708,光明地产,2.89,2.85,2.86,182374.0,2.91,2309.0,0.04,1.4,2.94
600710,苏美达,11.11,10.85,10.93,70575.0,11.13,55.0,0.26,2.4,11.2
600711,盛屯矿业,12.91,11.83,12.07,2503829.0,12.92,757.0,1.08,9.13,13.01
600712,南宁百货,5.35,5.33,5.36,49945.0,5.38,24.0,0.02,0.38,5.41
600713,南京医药,5.0,4.87,4.9,90588.0,5.02,1917.0,0.13,2.67,5.01
600714,金瑞矿业,28.17,29.22,29.23,193325.0,28.21,4.0,-1.05,-3.59,31.22
600715,文投控股,1.72,1.68,1.69,177786.0,1.74,8943.0,0.04,2.38,1.73
600716,凤凰股份,3.73,3.73,3.75,80618.0,3.76,422.0,0.0,0.0,3.85
600718,东软集团,7.83,7.73,7.79,74160.0,7.85,1368.0,0.1,1.29,7.88
600719,大连热电,8.72,8.74,8.86,213675.0,8.75,516.0,-0.02,-0.23,9.0
600720,中交设计,5.56,5.53,5.56,137000.0,5.59,866.0,0.03,0.54,5.6
600721,百花医药,7.67,7.87,7.82,158108.0,7.7,1178.0,-0.2,-2.54,7.84
600722,金牛化工,10.42,10.82,10.72,1142131.0,10.45,109.0,-0.4,-3.7,11.17
600724,XD宁波富,6.59,6.59,6.53,83604.0,6.62,272.0,0.0,0.0,6.68
600725,云维股份,3.78,3.8,3.77,117589.0,3.8,1046.0,-0.02,-0.53,3.93
600726,华电能源,8.14,8.12,8.15,2665649.0,8.16,936.0,0.02,0.25,8.93
600727,鲁北化工,7.79,7.6,7.63,254783.0,7.81,883.0,0.19,2.5,7.87
600728,佳都科技,4.57,4.55,4.59,247625.0,4.59,1862.0,0.02,0.44,4.62
600729,重百集团,20.02,20.05,20.01,55869.0,20.05,16.0,-0.03,-0.15,20.56
600731,湖南海利,5.59,5.4,5.41,142342.0,5.62,113.0,0.19,3.52,5.82
600732,爱旭股份,12.89,12.54,12.45,658716.0,12.91,621.0,0.35,2.79,13.27
600733,北汽蓝谷,5.79,5.7,5.75,844073.0,5.81,1298.0,0.09,1.58,5.99
600736,苏州高新,7.89,7.78,7.65,703088.0,7.91,937.0,0.11,1.41,8.06
600737,中粮糖业,13.39,12.72,12.83,268103.0,13.41,79.0,0.67,5.27,13.48
600738,XD丽尚国,4.09,3.95,4.02,90329.0,4.11,2029.0,0.14,3.54,4.13
600739,辽宁成大,10.15,9.91,9.96,135264.0,10.18,132.0,0.24,2.42,10.27
600740,山西焦化,3.81,3.66,3.66,469098.0,3.84,1760.0,0.15,4.1,3.89
600741,华域汽车,16.73,16.65,16.64,182999.0,16.75,96.0,0.08,0.48,16.9
600742,富维股份,7.87,7.92,7.9,56720.0,7.89,104.0,-0.05,-0.63,7.93
600743,华远控股,2.24,2.24,2.24,345752.0,2.27,10448.0,0.0,0.0,2.27
600744,华银电力,7.25,7.18,7.21,642862.0,7.27,1219.0,0.07,0.97,7.36
600746,江苏索普,6.18,6.08,6.05,112243.0,6.2,366.0,0.1,1.64,6.3
600748,上实发展,4.05,4.02,4.04,143618.0,4.07,30.0,0.03,0.75,4.14
600749,西藏旅游,16.38,16.12,15.53,140347.0,16.41,270.0,0.26,1.61,16.7
600750,华润江中,24.61,25.0,25.02,44601.0,24.64,2.0,-0.39,-1.56,25.21
600751,海航科技,3.16,2.97,2.99,498626.0,3.18,7151.0,0.19,6.4,3.19
600754,锦江酒店,19.91,19.29,19.28,127060.0,19.94,56.0,0.62,3.21,20.13
600755,厦门国贸,5.59,5.52,5.54,121673.0,5.62,1266.0,0.07,1.27,5.64
600756,浪潮软件,13.18,12.91,13.03,51635.0,13.21,74.0,0.27,2.09,13.29
600757,长江传媒,8.07,7.99,8.04,73742.0,8.09,442.0,0.08,1.0,8.08
600758,辽宁能源,4.09,4.08,4.05,815502.0,4.11,668.0,0.01,0.25,4.2
600760,中航沈飞,44.58,41.62,41.96,420019.0,44.61,105.0,2.96,7.11,45.0
600761,安徽合力,16.65,16.02,16.15,137330.0,16.68,357.0,0.63,3.93,16.75
600763,通策医疗,34.36,33.53,33.66,60006.0,34.42,59.0,0.83,2.48,34.81
600764,中国海防,19.23,18.78,18.88,77514.0,19.26,90.0,0.45,2.4,19.34
600765,中航重机,13.94,13.27,13.47,355919.0,13.96,79.0,0.67,5.05,14.35
600768,宁波富邦,15.27,15.1,15.26,34121.0,15.31,12.0,0.17,1.13,15.49
600769,祥龙电业,15.81,16.38,16.3,171728.0,15.83,14.0,-0.57,-3.48,16.3
600770,综艺股份,5.77,5.72,5.84,255626.0,5.79,793.0,0.05,0.87,5.94
600771,广誉远,14.06,13.76,13.79,41673.0,14.09,106.0,0.3,2.18,14.13
600773,西藏城投,15.52,14.7,14.87,404487.0,15.55,130.0,0.82,5.58,15.92
600774,汉商集团,7.11,7.02,7.03,25674.0,7.13,184.0,0.09,1.28,7.14
600775,南京熊猫,10.18,10.03,10.2,105985.0,10.2,488.0,0.15,1.5,10.33
600776,东方通信,15.01,15.35,15.69,290077.0,15.05,60.0,-0.34,-2.21,15.93
600778,友好集团,5.73,5.64,5.68,50876.0,5.75,230.0,0.09,1.6,5.79
600779,水井坊,29.1,28.5,28.39,45477.0,29.13,8.0,0.6,2.11,29.5
600780,通宝能源,6.65,6.51,6.56,167029.0,6.67,642.0,0.14,2.15,6.77
600782,新钢股份,2.65,2.59,2.59,320672.0,2.68,29744.0,0.06,2.32,2.68
600783,鲁信创投,21.86,21.95,22.18,290940.0,21.88,17.0,-0.09,-0.41,23.55
600784,鲁银投资,7.03,6.88,6.95,68109.0,7.06,101.0,0.15,2.18,7.13
600785,新华百货,15.18,14.95,14.8,61331.0,15.21,29.0,0.23,1.54,15.32
600787,中储股份,4.55,4.5,4.51,187894.0,4.57,2039.0,0.05,1.11,4.58
600789,鲁抗医药,7.14,7.0,7.0,78964.0,7.16,1879.0,0.14,2.0,7.17
600790,轻纺城,3.83,3.79,3.82,128160.0,3.86,2672.0,0.04,1.06,3.88
600791,京能置业,12.14,13.49,12.14,93096.0,12.16,259.0,-1.35,-10.01,12.49
600792,云煤能源,4.1,3.9,3.85,452249.0,4.13,278.0,0.2,5.13,4.28
600793,宜宾纸业,13.7,13.39,13.5,32630.0,13.72,40.0,0.31,2.32,13.8
600794,保税科技,3.11,3.06,3.08,93741.0,3.13,5431.0,0.05,1.63,3.13
600795,国电电力,5.04,4.99,4.97,1703305.0,5.06,20012.0,0.05,1.0,5.05
600796,钱江生化,5.11,5.05,5.08,46189.0,5.14,127.0,0.06,1.19,5.17
600797,浙大网新,7.26,7.22,7.31,151253.0,7.28,490.0,0.04,0.55,7.35
600798,宁波海运,3.35,3.31,3.31,155740.0,3.37,3763.0,0.04,1.21,3.38
600800,渤海化学,3.64,3.64,3.64,208775.0,3.67,1072.0,0.0,0.0,3.72
600801,华新建材,19.15,18.77,18.64,109998.0,19.17,31.0,0.38,2.02,19.3
600802,福建水泥,4.78,4.75,4.8,53086.0,4.81,142.0,0.03,0.63,4.85
600803,新奥股份,18.38,18.23,18.18,97896.0,18.4,194.0,0.15,0.82,18.45
600805,悦达投资,4.42,4.37,4.4,42843.0,4.44,225.0,0.05,1.14,4.48
600807,济高发展,2.58,2.58,2.6,155304.0,2.6,1440.0,0.0,0.0,2.64
600808,马钢股份,2.83,2.81,2.81,575711.0,2.85,16512.0,0.02,0.71,2.88
600809,山西汾酒,119.54,119.6,119.4,83507.0,119.58,3.0,-0.06,-0.05,122.35
600810,神马股份,6.55,6.26,6.27,305419.0,6.57,296.0,0.29,4.63,6.68
600812,华北制药,4.47,4.35,4.35,122450.0,4.49,2891.0,0.12,2.76,4.48
600814,杭州解百,6.89,6.77,6.78,55860.0,6.92,308.0,0.12,1.77,6.94
600815,厦工股份,3.04,2.96,3.01,516340.0,3.06,1916.0,0.08,2.7,3.12
600816,建元信托,2.66,2.61,2.63,468967.0,2.68,13664.0,0.05,1.92,2.68
600817,宇通重工,9.63,9.65,9.69,34351.0,9.66,99.0,-0.02,-0.21,9.75
600819,耀皮玻璃,6.39,6.4,6.47,73951.0,6.42,89.0,-0.01,-0.16,6.55
600820,隧道股份,5.48,5.37,5.4,156814.0,5.5,4087.0,0.11,2.05,5.5
600821,金开新能,6.59,6.4,6.53,926059.0,6.61,2678.0,0.19,2.97,6.69
600822,上海物贸,8.48,8.31,8.35,18085.0,8.5,178.0,0.17,2.05,8.53
600824,益民集团,3.63,3.58,3.61,78292.0,3.66,1633.0,0.05,1.4,3.67
600825,新华传媒,4.84,4.8,4.81,144472.0,4.86,3007.0,0.04,0.83,4.9
600826,兰生股份,9.97,9.27,9.35,176024.0,9.99,818.0,0.7,7.55,10.05
600827,百联股份,8.02,7.89,7.91,100198.0,8.04,272.0,0.13,1.65,8.09
600828,茂业商业,4.0,3.98,3.95,371793.0,4.02,339.0,0.02,0.5,4.09
600829,人民同泰,8.39,8.28,8.28,43507.0,8.41,1313.0,0.11,1.33,8.43
600830,香溢融通,8.23,8.13,8.2,91152.0,8.29,6.0,0.1,1.23,8.46
600831,广电网络,3.26,3.27,3.3,107230.0,3.29,1297.0,-0.01,-0.31,3.32
600833,第一医药,10.11,9.95,9.98,23565.0,10.14,104.0,0.16,1.61,10.2
600834,申通地铁,7.24,7.17,7.17,18514.0,7.27,181.0,0.07,0.98,7.26
600835,上海机电,20.13,19.8,19.92,47915.0,20.17,5.0,0.33,1.67,20.54
600838,上海九百,7.72,7.56,7.6,69221.0,7.74,102.0,0.16,2.12,7.8
600839,四川长虹,6.8,6.67,6.75,591019.0,6.82,5040.0,0.13,1.95,6.83
600841,动力新科,6.76,6.71,6.78,79921.0,6.78,131.0,0.05,0.75,6.87
600843,上工申贝,8.62,8.16,8.16,353568.0,8.64,213.0,0.46,5.64,8.87
600844,金煤科技,2.85,2.88,2.85,414966.0,2.87,1822.0,-0.03,-1.04,2.89
600845,宝信软件,17.78,17.91,18.12,169455.0,17.8,1772.0,-0.13,-0.73,18.23
600846,同济科技,10.39,10.05,10.15,66684.0,10.42,31.0,0.34,3.38,10.78
600847,万里股份,14.68,14.45,14.81,41032.0,14.72,24.0,0.23,1.59,15.65
600848,上海临港,8.14,8.0,8.03,91368.0,8.16,456.0,0.14,1.75,8.18
600850,电科数字,18.48,18.26,18.4,112895.0,18.5,161.0,0.22,1.2,19.02
600851,海欣股份,7.29,7.11,7.16,45322.0,7.32,18.0,0.18,2.53,7.38
600853,龙建股份,3.35,3.31,3.33,103376.0,3.37,4313.0,0.04,1.21,3.37
600854,春兰股份,4.46,4.39,4.43,85741.0,4.49,450.0,0.07,1.59,4.49
600855,航天长峰,14.91,14.25,14.39,168700.0,14.93,58.0,0.66,4.63,15.46
600857,宁波中百,15.58,14.16,14.2,162835.0,0.0,0.0,1.42,10.03,15.58
600858,银座股份,4.9,4.82,4.84,81911.0,4.92,1771.0,0.08,1.66,4.94
600859,王府井,10.39,10.18,10.2,146065.0,10.41,329.0,0.21,2.06,10.49
600860,京城股份,8.85,8.69,8.73,50112.0,8.87,20.0,0.16,1.84,8.95
600861,北京人力,14.7,14.53,14.62,28187.0,14.73,3.0,0.17,1.17,14.85
600862,中航高科,18.87,17.15,18.0,317745.0,0.0,0.0,1.72,10.03,18.87
600863,华能蒙电,5.5,5.49,5.47,2035874.0,5.53,4767.0,0.01,0.18,5.58
600864,哈投股份,5.21,5.04,5.05,314994.0,5.23,2686.0,0.17,3.37,5.24
600865,百大集团,9.37,9.19,9.19,88804.0,9.4,203.0,0.18,1.96,9.49
600866,星湖科技,4.73,4.64,4.65,156883.0,4.75,1751.0,0.09,1.94,4.78
600867,通化东宝,7.53,7.38,7.43,177392.0,7.55,2468.0,0.15,2.03,7.56
600868,梅雁吉祥,3.03,3.02,3.04,481623.0,3.06,8894.0,0.01,0.33,3.07
600869,远东股份,32.15,29.5,29.9,2216128.0,32.18,43.0,2.65,8.98,32.45
600871,石化油服,2.25,2.22,2.18,1442041.0,2.27,29044.0,0.03,1.35,2.29
600872,中炬高新,17.8,17.52,17.56,82807.0,17.83,23.0,0.28,1.6,17.92
600873,梅花生物,8.84,8.73,8.76,341179.0,8.86,258.0,0.11,1.26,8.93
600874,创业环保,5.86,5.82,5.9,114962.0,5.88,526.0,0.04,0.69,5.92
600875,东方电气,30.65,29.49,30.0,617541.0,30.68,158.0,1.16,3.93,31.23
600876,凯盛新能,8.35,8.41,8.47,39045.0,8.37,1.0,-0.06,-0.71,8.65
600877,电科芯片,13.34,13.13,13.38,152821.0,13.36,79.0,0.21,1.6,13.66
600879,航天电子,20.18,20.12,20.46,1503430.0,20.2,945.0,0.06,0.3,21.15
600880,博瑞传播,4.08,4.03,4.08,165386.0,4.11,1022.0,0.05,1.24,4.13
600881,亚泰集团,1.81,1.68,1.66,1744123.0,1.84,29724.0,0.13,7.74,1.85
600882,妙可蓝多,19.43,18.92,18.79,77999.0,19.47,12.0,0.51,2.7,19.71
600883,博闻科技,7.89,7.82,7.91,34927.0,7.92,66.0,0.07,0.9,8.04
600884,杉杉股份,13.61,13.1,13.28,748715.0,13.64,445.0,0.51,3.89,13.84
600885,宏发股份,31.91,31.69,31.99,163304.0,31.94,51.0,0.22,0.69,33.44
600886,国投电力,14.06,13.77,13.69,398336.0,14.09,2082.0,0.29,2.11,14.1
600887,伊利股份,25.66,25.61,25.64,518539.0,25.68,18.0,0.05,0.2,25.96
600888,XD新疆众,10.89,11.01,11.26,816760.0,10.92,215.0,-0.12,-1.09,11.51
600893,航发动力,38.95,38.19,38.88,406217.0,38.98,2.0,0.76,1.99,40.6
600894,广日股份,8.43,8.36,8.39,29184.0,8.46,55.0,0.07,0.84,8.5
600895,张江高科,34.88,32.47,32.54,643500.0,34.91,193.0,2.41,7.42,35.71
600897,厦门空港,16.12,15.76,15.7,51989.0,16.15,3.0,0.36,2.28,16.2
600900,长江电力,28.27,27.89,27.77,1210375.0,28.3,11035.0,0.38,1.36,28.28
600901,江苏金租,6.66,6.58,6.59,289067.0,6.69,1040.0,0.08,1.22,6.75
600903,贵州燃气,8.97,9.18,9.06,318969.0,9.0,238.0,-0.21,-2.29,9.5
600905,三峡能源,4.23,4.16,4.15,3276575.0,4.25,37538.0,0.07,1.68,4.27
600906,财达证券,6.99,6.35,6.33,1551390.0,0.0,0.0,0.64,10.08,6.99
600908,无锡银行,5.57,5.5,5.48,141870.0,5.6,3398.0,0.07,1.27,5.59
600909,华安证券,7.35,7.27,7.37,2005909.0,7.38,1583.0,0.08,1.1,7.51
600916,中国黄金,7.73,7.47,7.53,344622.0,7.76,1073.0,0.26,3.48,7.84
600917,重庆燃气,5.08,5.0,4.99,47854.0,5.11,1644.0,0.08,1.6,5.12
600918,中泰证券,5.33,5.19,5.21,530010.0,5.36,2290.0,0.14,2.7,5.35
600919,江苏银行,11.86,11.78,11.7,801262.0,11.89,3368.0,0.08,0.68,11.94
600925,苏能股份,4.38,4.37,4.35,141035.0,4.41,1191.0,0.01,0.23,4.42
600926,杭州银行,16.69,16.61,16.47,552726.0,16.71,959.0,0.08,0.48,16.77
600927,永安期货,12.49,12.12,12.13,56337.0,12.51,41.0,0.37,3.05,12.61
600928,西安银行,3.59,3.49,3.48,345536.0,3.61,3722.0,0.1,2.87,3.6
600929,雪天盐业,5.14,5.0,5.04,174543.0,5.16,739.0,0.14,2.8,5.17
600930,华电新能,5.85,5.69,5.69,1171467.0,5.87,10723.0,0.16,2.81,5.88
600933,爱柯迪,14.7,14.4,14.59,82731.0,14.72,129.0,0.3,2.08,14.87
600935,华塑股份,2.32,2.31,2.31,219316.0,2.35,15276.0,0.01,0.43,2.35
600936,北投科技,4.84,4.94,4.99,674069.0,4.87,801.0,-0.1,-2.02,5.08
600938,中国海油,33.23,33.82,32.86,545093.0,33.26,11.0,-0.59,-1.74,33.99
600939,重庆建工,2.69,2.68,2.7,91541.0,2.71,3070.0,0.01,0.37,2.73
600941,中国移动,95.23,95.97,95.9,75681.0,95.25,37.0,-0.74,-0.77,96.16
600955,维远股份,15.56,15.2,15.18,44698.0,15.59,63.0,0.36,2.37,15.8
600956,新天绿能,8.34,7.86,7.86,268358.0,8.36,240.0,0.48,6.11,8.4
600958,东方证券,9.25,8.82,8.87,966865.0,9.28,9571.0,0.43,4.88,9.29
600959,江苏有线,3.19,3.17,3.2,453599.0,3.21,3529.0,0.02,0.63,3.23
600960,渤海汽车,4.1,4.03,4.15,119622.0,4.12,1029.0,0.07,1.74,4.17
600961,株冶集团,25.41,23.1,23.9,459052.0,0.0,0.0,2.31,10.0,25.41
600962,国投中鲁,26.21,23.83,24.15,56219.0,0.0,0.0,2.38,9.99,26.21
600963,岳阳林纸,3.59,3.49,3.54,244391.0,3.62,1525.0,0.1,2.87,3.66
600966,博汇纸业,5.36,5.23,5.28,182427.0,5.38,99.0,0.13,2.49,5.41
600967,内蒙一机,11.98,11.59,11.61,213809.0,12.01,283.0,0.39,3.36,12.13
600968,海油发展,3.88,3.82,3.78,348835.0,3.9,7525.0,0.06,1.57,3.91
600969,郴电国际,9.37,9.55,9.86,124741.0,9.39,70.0,-0.18,-1.88,10.15
600970,中材国际,8.37,8.33,8.38,154227.0,8.4,390.0,0.04,0.48,8.49
600971,恒源煤电,7.85,7.76,7.76,138144.0,7.87,106.0,0.09,1.16,7.99
600973,宝胜股份,6.39,6.35,6.37,572694.0,6.42,470.0,0.04,0.63,6.57
600975,新五丰,4.8,4.79,4.78,97147.0,4.82,1544.0,0.01,0.21,4.84
600976,健民集团,26.47,26.27,26.39,19359.0,26.5,8.0,0.2,0.76,26.61
600977,中国电影,13.79,13.26,13.36,449432.0,13.81,485.0,0.53,4.0,14.08
600979,广安爱众,4.78,4.99,4.99,789809.0,4.8,929.0,-0.21,-4.21,5.0
600980,北矿科技,21.2,20.53,20.79,42504.0,21.25,10.0,0.67,3.26,21.83
600981,苏豪汇鸿,2.71,2.78,2.7,538297.0,2.74,1582.0,-0.07,-2.52,2.74
600982,宁波能源,5.54,5.56,5.58,329871.0,5.57,1197.0,-0.02,-0.36,5.67
600983,惠而浦,8.68,8.63,8.57,45442.0,8.71,170.0,0.05,0.58,8.74
600984,建设机械,4.23,4.13,4.16,326774.0,4.26,741.0,0.1,2.42,4.34
600985,淮北矿业,16.4,16.42,16.0,259473.0,16.44,40.0,-0.02,-0.12,16.8
600986,浙文互联,7.79,7.69,7.81,433250.0,7.81,463.0,0.1,1.3,7.9
600987,航民股份,6.44,6.38,6.38,56930.0,6.47,189.0,0.06,0.94,6.52
600988,赤峰黄金,30.59,28.26,29.26,820779.0,30.61,56.0,2.33,8.24,30.93
600989,宝丰能源,23.12,22.96,22.44,870469.0,23.14,188.0,0.16,0.7,23.55
600990,四创电子,18.88,18.15,18.47,51985.0,18.91,16.0,0.73,4.02,19.3
600992,贵绳股份,10.09,10.01,10.16,58038.0,10.11,73.0,0.08,0.8,10.3
600993,马应龙,23.78,23.32,23.32,37818.0,23.8,202.0,0.46,1.97,23.83
600995,南网储能,13.37,13.15,13.25,222019.0,13.4,355.0,0.22,1.67,13.48
600996,贵广网络,8.8,8.8,8.81,332500.0,8.84,291.0,0.0,0.0,9.14
600997,开滦股份,5.45,5.25,5.22,144436.0,5.47,404.0,0.2,3.81,5.5
600998,九州通,4.76,4.73,4.75,310645.0,4.78,1506.0,0.03,0.63,4.81
600999,招商证券,17.73,17.24,17.24,972007.0,17.76,783.0,0.49,2.84,17.8
601000,唐山港,4.21,4.2,4.2,414065.0,4.24,3505.0,0.01,0.24,4.23
601001,晋控煤业,20.67,20.54,19.96,292254.0,20.7,24.0,0.13,0.63,21.4
601002,晋亿实业,4.85,4.81,4.86,84795.0,4.87,605.0,0.04,0.83,4.89
601003,柳钢股份,3.65,3.55,3.59,193243.0,3.67,760.0,0.1,2.82,3.71
601005,重庆钢铁,1.25,1.23,1.24,720865.0,1.28,38398.0,0.02,1.63,1.27
601006,大秦铁路,5.06,5.03,5.04,696697.0,5.08,24738.0,0.03,0.6,5.07
601007,金陵饭店,6.69,6.55,6.56,70545.0,6.71,1494.0,0.14,2.14,6.75
601008,连云港,4.44,4.37,4.37,90874.0,4.46,2254.0,0.07,1.6,4.49
601009,南京银行,11.75,11.68,11.67,434491.0,11.78,3902.0,0.07,0.6,11.77
601011,宝泰隆,2.92,2.85,2.83,625975.0,2.94,2720.0,0.07,2.46,2.98
601012,隆基绿能,13.54,13.64,13.63,1502958.0,13.57,1442.0,-0.1,-0.73,13.87
601015,陕西黑猫,3.43,3.42,3.35,481391.0,3.45,7965.0,0.01,0.29,3.51
601016,XD节能风,3.91,3.99,3.99,1810423.0,3.93,6338.0,-0.08,-2.01,4.0
601018,宁波港,3.36,3.32,3.32,580341.0,3.39,17930.0,0.04,1.2,3.38
601019,山东出版,7.01,6.9,6.94,54844.0,7.04,1133.0,0.11,1.59,7.04
601020,华钰矿业,21.59,20.54,21.05,366536.0,21.62,202.0,1.05,5.11,22.07
601021,春秋航空,45.39,44.0,44.88,99487.0,45.47,2.0,1.39,3.16,45.68
601022,宁波远洋,7.7,7.61,7.62,37356.0,7.74,734.0,0.09,1.18,7.77
601026,道生天合,15.08,14.6,14.76,48081.0,15.11,6.0,0.48,3.29,15.26
601033,永兴股份,13.82,13.59,13.69,23038.0,13.85,262.0,0.23,1.69,13.84
601038,一拖股份,11.76,11.48,11.57,65887.0,11.79,25.0,0.28,2.44,11.9
601058,赛轮轮胎,12.38,12.18,12.28,512483.0,12.41,143.0,0.2,1.64,12.59
601059,信达证券,15.1,14.77,14.77,123845.0,15.13,173.0,0.33,2.23,15.18
601061,中信金属,11.49,11.14,11.35,222226.0,11.52,155.0,0.35,3.14,11.85
601065,江盐集团,7.38,7.25,7.25,34462.0,7.4,1043.0,0.13,1.79,7.4
601066,中信建投,25.53,24.59,24.42,476406.0,25.56,310.0,0.94,3.82,25.63
601068,中铝国际,5.05,4.95,5.0,108561.0,5.08,211.0,0.1,2.02,5.13
601069,西部黄金,26.12,24.95,25.5,191412.0,26.15,30.0,1.17,4.69,26.65
601077,渝农商行,6.96,6.96,6.96,369988.0,6.99,1371.0,0.0,0.0,7.02
601083,锦江航运,10.92,10.7,10.71,71637.0,10.94,332.0,0.22,2.06,10.97
601086,国芳集团,7.12,7.0,7.0,85019.0,7.14,122.0,0.12,1.71,7.2
601088,中国神华,45.89,47.29,46.99,741825.0,45.92,257.0,-1.4,-2.96,47.0
601089,福元医药,16.56,16.4,16.62,19739.0,16.58,23.0,0.16,0.98,16.77
601096,宏盛华源,4.62,4.62,4.65,284874.0,4.64,2180.0,0.0,0.0,4.68
601098,中南传媒,10.63,10.72,10.79,97969.0,10.65,110.0,-0.09,-0.84,10.8
601099,太平洋,3.26,3.15,3.17,1315162.0,3.28,28652.0,0.11,3.49,3.27
601100,恒立液压,116.95,122.51,122.12,157249.0,117.01,12.0,-5.56,-4.54,123.48
601101,昊华能源,12.48,12.31,12.12,362245.0,12.51,157.0,0.17,1.38,12.88
601106,中国一重,3.51,3.42,3.45,565665.0,3.54,5170.0,0.09,2.63,3.57
601107,四川成渝,5.91,5.81,5.81,76986.0,5.93,998.0,0.1,1.72,5.93
601108,财通证券,7.65,7.33,7.39,640922.0,7.68,1317.0,0.32,4.37,7.71
601111,中国国航,6.3,5.96,6.12,1444164.0,6.33,7066.0,0.34,5.7,6.34
601112,振石股份,17.28,16.88,16.97,72581.0,17.3,200.0,0.4,2.37,17.44
601113,华鼎股份,3.92,3.93,3.94,76783.0,3.94,1250.0,-0.01,-0.25,3.97
601116,三江购物,11.27,10.95,10.95,109597.0,11.3,538.0,0.32,2.92,11.38
601117,中国化学,7.48,7.34,7.36,1080744.0,7.5,2070.0,0.14,1.91,7.62
601118,海南橡胶,5.8,5.57,5.61,650830.0,5.83,1538.0,0.23,4.13,5.82
601121,宝地矿业,6.45,6.12,6.24,154799.0,6.48,100.0,0.33,5.39,6.57
601126,四方股份,67.72,67.07,69.5,161540.0,67.74,7.0,0.65,0.97,69.5
601127,赛力斯,68.72,67.71,68.99,234550.0,68.77,21.0,1.01,1.49,69.83
601128,常熟银行,6.44,6.43,6.42,331454.0,6.47,18504.0,0.01,0.16,6.47
601133,柏诚股份,29.88,30.89,31.61,313810.0,29.91,64.0,-1.01,-3.27,31.7
601136,首创证券,14.05,13.57,13.41,199623.0,14.08,179.0,0.48,3.54,14.15
601137,博威合金,24.6,24.71,25.01,580406.0,24.62,38.0,-0.11,-0.45,25.58
601138,工业富联,70.44,69.52,71.94,1268342.0,70.46,37.0,0.92,1.32,72.26
601139,深圳燃气,6.24,6.2,6.14,192158.0,6.27,2390.0,0.04,0.65,6.28
601155,新城控股,11.85,11.68,11.68,122456.0,11.87,60.0,0.17,1.46,12.05
601156,东航物流,16.65,16.46,16.67,139352.0,16.68,289.0,0.19,1.15,16.93
601158,XD重庆水,4.1,4.06,4.11,62607.0,4.13,1469.0,0.04,0.99,4.13
601162,天风证券,3.16,3.06,3.07,1567739.0,3.18,47184.0,0.1,3.27,3.18
601163,三角轮胎,13.15,13.03,13.09,30003.0,13.18,14.0,0.12,0.92,13.25
601166,XD兴业银,18.63,18.29,18.29,1262931.0,18.65,8868.0,0.34,1.86,18.65
601168,西部矿业,31.54,29.54,30.4,726726.0,31.57,1.0,2.0,6.77,32.32
601169,北京银行,5.24,5.19,5.18,1283819.0,5.27,36359.0,0.05,0.96,5.26
601177,杭齿前进,13.53,13.22,13.39,72796.0,13.56,163.0,0.31,2.34,13.73
601179,中国西电,13.47,13.46,13.71,1015170.0,13.5,3130.0,0.01,0.07,13.79
601186,中国铁建,6.42,6.31,6.33,512367.0,6.44,9352.0,0.11,1.74,6.44
601187,厦门银行,7.95,7.81,7.61,262020.0,7.98,234.0,0.14,1.79,8.13
601188,龙江交通,3.02,2.99,2.99,92724.0,3.05,8016.0,0.03,1.0,3.05
601198,东兴证券,12.57,12.31,12.36,261189.0,12.6,178.0,0.26,2.11,12.65
601199,江南水务,5.55,5.58,5.54,112921.0,5.59,23.0,-0.03,-0.54,5.68
601200,上海环境,7.22,7.21,7.22,123809.0,7.24,185.0,0.01,0.14,7.27
601208,东材科技,61.88,61.72,62.23,1080027.0,61.91,3.0,0.16,0.26,65.33
601211,国泰海通,17.74,17.22,17.21,1685249.0,17.76,3569.0,0.52,3.02,17.75
601212,白银有色,5.8,5.56,5.68,2019125.0,5.82,2224.0,0.24,4.32,5.99
601216,君正集团,5.27,5.04,5.04,979062.0,5.29,11041.0,0.23,4.56,5.29
601218,吉鑫科技,4.8,4.75,4.79,205576.0,4.82,1157.0,0.05,1.05,4.85
601222,林洋能源,6.14,6.06,6.1,658074.0,6.18,903.0,0.08,1.32,6.38
601225,陕西煤业,26.73,26.93,26.55,390401.0,26.75,14.0,-0.2,-0.74,27.1
601226,华电科工,6.98,6.85,6.89,100118.0,7.0,587.0,0.13,1.9,7.05
601228,广州港,3.01,2.98,2.98,231049.0,3.04,7584.0,0.03,1.01,3.02
601229,上海银行,9.31,9.14,9.11,481415.0,9.33,9814.0,0.17,1.86,9.33
601231,环旭电子,34.83,35.17,36.34,439386.0,34.85,33.0,-0.34,-0.97,37.18
601233,桐昆股份,22.3,20.27,20.8,522107.0,0.0,0.0,2.03,10.01,22.3
601236,红塔证券,6.66,6.46,6.48,348982.0,6.69,2105.0,0.2,3.1,6.7
601238,广汽集团,5.88,5.75,5.77,230600.0,5.91,1291.0,0.13,2.26,5.94
601279,英利汽车,3.4,3.37,3.38,83774.0,3.42,1419.0,0.03,0.89,3.43
601288,农业银行,6.78,6.68,6.6,3665047.0,6.8,100668.0,0.1,1.5,6.78
601298,青岛港,9.03,9.24,9.27,314566.0,9.06,764.0,-0.21,-2.27,9.28
601311,骆驼股份,8.0,7.88,7.92,141134.0,8.03,926.0,0.12,1.52,8.09
601318,中国平安,54.11,52.64,52.46,948138.0,54.15,546.0,1.47,2.79,54.24
601319,中国人保,7.0,6.73,6.74,1054564.0,7.03,14675.0,0.27,4.01,7.03
601326,秦港股份,3.45,3.4,3.42,272694.0,3.48,2209.0,0.05,1.47,3.5
601328,交通银行,7.13,6.97,6.93,2889299.0,7.16,25720.0,0.16,2.3,7.14
601330,绿色动力,8.57,8.15,8.18,244156.0,8.59,1000.0,0.42,5.15,8.65
601333,广深铁路,3.03,3.03,3.03,647424.0,3.05,25917.0,0.0,0.0,3.05
601336,新华保险,61.4,59.22,58.62,330535.0,61.43,106.0,2.18,3.68,61.8
601339,百隆东方,7.32,7.2,7.2,110632.0,7.34,124.0,0.12,1.67,7.4
601360,三六零,9.2,9.0,9.1,662265.0,9.22,1525.0,0.2,2.22,9.29
601366,利群股份,3.6,3.55,3.56,64035.0,3.63,1696.0,0.05,1.41,3.64
601368,绿城水务,4.4,4.34,4.38,46335.0,4.43,168.0,0.06,1.38,4.44
601369,陕鼓动力,8.84,9.0,9.0,140544.0,8.86,86.0,-0.16,-1.78,9.07
601375,中原证券,3.89,3.74,3.75,673577.0,3.91,7183.0,0.15,4.01,3.91
601377,兴业证券,6.0,5.84,5.84,1315053.0,6.02,14901.0,0.16,2.74,6.03
601388,怡球资源,3.26,3.15,3.19,496516.0,3.28,12240.0,0.11,3.49,3.32
601390,中国中铁,4.56,4.46,4.49,1680645.0,4.59,11647.0,0.1,2.24,4.62
601398,工商银行,7.73,7.66,7.59,3333062.0,7.76,45447.0,0.07,0.91,7.75
601399,国机重装,3.72,3.56,3.61,1301217.0,3.75,2435.0,0.16,4.49,3.84
601456,国联民生,9.65,9.3,9.2,1488965.0,9.67,457.0,0.35,3.76,9.71
601500,通用股份,4.03,3.95,3.96,114326.0,4.05,6456.0,0.08,2.03,4.05
601512,中新集团,8.33,8.19,8.22,58932.0,8.36,158.0,0.14,1.71,8.49
601515,衢州东峰,3.76,3.67,3.68,161693.0,3.78,863.0,0.09,2.45,3.84
601518,吉林高速,2.98,2.96,2.96,146195.0,3.0,3831.0,0.02,0.68,2.99
601519,大智慧,8.74,8.3,8.44,581593.0,8.77,297.0,0.44,5.3,8.9
601528,瑞丰银行,4.81,4.72,4.72,143823.0,4.83,3239.0,0.09,1.91,4.81
601555,东吴证券,7.7,7.39,7.41,540460.0,7.72,5336.0,0.31,4.19,7.72
601566,九牧王,9.77,9.89,9.87,131930.0,9.8,255.0,-0.12,-1.21,9.94
601567,三星电气,14.78,13.96,14.1,374944.0,14.8,312.0,0.82,5.87,15.21
601568,北元化工,3.84,3.8,3.8,257753.0,3.86,3023.0,0.04,1.05,3.87
601577,长沙银行,9.73,9.6,9.6,194887.0,9.75,2820.0,0.13,1.35,9.74
601579,会稽山,15.63,15.41,15.05,53777.0,15.65,57.0,0.22,1.43,15.8
601588,北辰实业,1.89,1.92,1.91,707875.0,1.92,19499.0,-0.03,-1.56,1.93
601595,上海电影,18.37,17.76,17.8,48734.0,18.39,4.0,0.61,3.43,18.62
601598,中国外运,5.7,5.72,5.76,105431.0,5.72,513.0,-0.02,-0.35,5.78
601599,浙文影业,3.1,3.04,3.05,123552.0,3.12,7247.0,0.06,1.97,3.12
601600,中国铝业,10.81,10.33,10.47,3123465.0,10.84,4153.0,0.48,4.65,11.04
601601,中国太保,32.87,32.06,31.98,593069.0,32.89,67.0,0.81,2.53,33.1
601606,长城军工,31.99,31.51,31.12,167963.0,32.02,33.0,0.48,1.52,33.0
601607,上海医药,16.29,16.24,16.15,92654.0,16.31,259.0,0.05,0.31,16.32
601608,中信重工,5.22,5.15,5.17,426128.0,5.25,1789.0,0.07,1.36,5.3
601609,金田股份,12.55,11.41,11.78,1160809.0,0.0,0.0,1.14,9.99,12.55
601611,中国核建,10.74,10.46,10.65,241831.0,10.77,640.0,0.28,2.68,10.88
601615,明阳智能,12.15,12.11,12.35,798353.0,12.17,671.0,0.04,0.33,12.6
601616,广电电气,3.73,3.63,3.66,206692.0,3.75,782.0,0.1,2.75,3.84
601618,中国中冶,2.68,2.61,2.62,1268774.0,2.71,43988.0,0.07,2.68,2.71
601619,嘉泽新能,4.77,4.78,4.78,242747.0,4.79,947.0,-0.01,-0.21,4.88
601628,中国人寿,35.7,34.33,34.0,678403.0,35.74,166.0,1.37,3.99,35.97
601633,长城汽车,17.71,17.52,17.41,610520.0,17.74,179.0,0.19,1.08,18.25
601636,旗滨集团,6.56,6.63,6.71,1146173.0,6.58,559.0,-0.07,-1.06,6.87
601658,邮储银行,5.19,5.1,5.07,2108799.0,5.21,35017.0,0.09,1.76,5.19
601665,齐鲁银行,6.45,6.44,6.41,448687.0,6.48,2331.0,0.01,0.16,6.49
601666,平煤股份,9.14,9.1,9.0,442420.0,9.16,113.0,0.04,0.44,9.33
601668,中国建筑,4.77,4.74,4.75,2059009.0,4.79,54389.0,0.03,0.63,4.78
601669,中国电建,4.83,4.75,4.8,1693872.0,4.86,21229.0,0.08,1.68,4.87
601677,XD明泰铝,16.98,16.49,16.8,513209.0,17.0,551.0,0.49,2.97,17.32
601678,滨化股份,5.85,5.95,5.73,1736444.0,5.87,4258.0,-0.1,-1.68,5.93
601686,友发集团,5.13,4.98,5.06,75779.0,5.15,1245.0,0.15,3.01,5.13
601688,华泰证券,20.02,19.29,19.27,2016782.0,20.04,1577.0,0.73,3.78,20.06
601689,拓普集团,60.53,61.38,62.3,343487.0,60.56,3.0,-0.85,-1.38,63.29
601696,中银证券,11.54,10.49,10.52,942288.0,0.0,0.0,1.05,10.01,11.54
601698,中国卫通,34.25,31.95,32.6,855283.0,34.29,203.0,2.3,7.2,34.5
601699,潞安环能,17.99,17.83,17.5,442197.0,18.02,78.0,0.16,0.9,18.3
601700,风范股份,4.78,4.74,4.8,85696.0,4.8,1462.0,0.04,0.84,4.84
601702,华峰铝业,16.97,16.82,16.9,127402.0,17.0,35.0,0.15,0.89,17.4
601717,中创智领,17.75,17.5,17.68,188773.0,17.78,550.0,0.25,1.43,18.08
601727,上海电气,7.34,7.09,7.2,1861113.0,7.37,5211.0,0.25,3.53,7.4
601728,中国电信,6.13,6.24,6.26,2248613.0,6.15,33787.0,-0.11,-1.76,6.27
601766,中国中车,5.76,5.71,5.7,2028312.0,5.79,18949.0,0.05,0.88,5.82
601777,千里科技,9.52,9.06,9.3,475194.0,9.54,190.0,0.46,5.08,9.95
601778,晶科科技,4.8,4.86,4.93,1331407.0,4.82,2170.0,-0.06,-1.23,5.02
601788,光大证券,14.28,13.94,13.85,484628.0,14.31,2033.0,0.34,2.44,14.32
601789,宁波建工,4.44,4.39,4.44,279267.0,4.46,1367.0,0.05,1.14,4.52
601798,蓝科高新,7.32,7.31,7.4,76580.0,7.34,44.0,0.01,0.14,7.52
601799,星宇股份,117.75,119.58,120.51,31898.0,117.79,16.0,-1.83,-1.53,121.01
601800,中国交建,6.39,6.28,6.28,745107.0,6.41,2465.0,0.11,1.75,6.43
601801,皖新传媒,5.29,5.33,5.34,272228.0,5.32,430.0,-0.04,-0.75,5.37
601808,中海油服,12.28,12.24,12.0,241021.0,12.31,1483.0,0.04,0.33,12.5
601811,XD新华文,12.25,12.19,12.23,26363.0,12.28,104.0,0.06,0.49,12.31
601816,京沪高铁,4.99,4.99,4.97,2281831.0,5.01,15666.0,0.0,0.0,4.99
601818,光大银行,3.22,3.17,3.16,2625977.0,3.25,104067.0,0.05,1.58,3.23
601825,沪农商行,8.84,8.8,8.81,128640.0,8.86,274.0,0.04,0.45,8.87
601827,三峰环境,7.55,7.45,7.48,48865.0,7.58,876.0,0.1,1.34,7.59
601828,美凯龙,2.31,2.28,2.3,218732.0,2.34,3239.0,0.03,1.32,2.32
601838,成都银行,20.04,19.76,19.64,280274.0,20.06,151.0,0.28,1.42,20.14
601857,中国石油,10.47,10.37,10.15,2260274.0,10.49,3472.0,0.1,0.96,10.56
601858,中国科传,21.31,20.89,20.9,70607.0,21.34,15.0,0.42,2.01,21.6
601860,紫金银行,2.67,2.65,2.65,271043.0,2.69,16975.0,0.02,0.75,2.67
601865,福莱特,10.8,10.85,10.97,180760.0,10.82,198.0,-0.05,-0.46,11.05
601866,中远海发,2.39,2.36,2.36,688918.0,2.42,42567.0,0.03,1.27,2.42
601868,中国能建,2.64,2.63,2.66,4063398.0,2.67,124475.0,0.01,0.38,2.68
601869,长飞光纤,438.58,442.51,456.51,129534.0,438.86,64.0,-3.93,-0.89,462.46
601872,招商轮船,15.7,14.42,14.77,1616810.0,15.73,69.0,1.28,8.88,15.86
601877,正泰电器,27.32,26.7,26.85,321852.0,27.35,160.0,0.62,2.32,27.76
601878,浙商证券,9.28,9.04,9.04,429723.0,9.3,2534.0,0.24,2.65,9.32
601880,辽港股份,1.54,1.5,1.51,1313216.0,1.56,53705.0,0.04,2.67,1.55
601881,中国银河,12.38,11.96,11.99,575039.0,12.4,3401.0,0.42,3.51,12.43
601882,海天精工,19.88,19.97,20.2,60262.0,19.91,10.0,-0.09,-0.45,20.94
601886,江河集团,8.93,8.61,8.62,44962.0,8.95,280.0,0.32,3.72,8.95
601888,中国中免,58.6,57.01,56.5,486151.0,58.63,53.0,1.59,2.79,59.49
601890,亚星锚链,8.67,8.39,8.42,216348.0,8.7,2752.0,0.28,3.34,8.77
601898,中煤能源,16.17,16.31,16.04,347203.0,16.19,206.0,-0.14,-0.86,16.72
601899,紫金矿业,29.26,27.33,28.09,4489738.0,29.29,2749.0,1.93,7.06,29.76
601900,南方传媒,11.73,11.63,11.67,38098.0,11.75,167.0,0.1,0.86,11.79
601901,方正证券,6.68,6.49,6.5,793953.0,6.71,7436.0,0.19,2.93,6.71
601908,京运通,3.36,3.34,3.37,282563.0,3.39,7852.0,0.02,0.6,3.42
601916,浙商银行,3.09,3.08,3.06,1398255.0,3.11,104962.0,0.01,0.32,3.09
601918,新集能源,9.82,9.83,9.67,694781.0,9.84,283.0,-0.01,-0.1,9.99
601919,中远海控,14.61,14.23,14.27,1313214.0,14.64,5074.0,0.38,2.67,14.65
601921,浙版传媒,7.64,7.58,7.58,207789.0,7.66,123.0,0.06,0.79,7.8
601928,凤凰传媒,9.16,9.11,9.15,76271.0,9.18,467.0,0.05,0.55,9.19
601929,吉视传媒,2.41,2.39,2.4,555614.0,2.44,23013.0,0.02,0.84,2.44
601933,永辉超市,3.22,3.16,3.15,959453.0,3.25,19467.0,0.06,1.9,3.28
601939,建设银行,10.67,10.6,10.49,977015.0,10.7,44657.0,0.07,0.66,10.72
601949,中国出版,5.09,5.03,5.11,179723.0,5.12,378.0,0.06,1.19,5.17
601952,苏垦农发,8.62,8.59,8.5,78737.0,8.64,89.0,0.03,0.35,8.74
601956,东贝集团,4.98,4.96,4.98,52013.0,5.01,425.0,0.02,0.4,5.03
601958,金钼股份,25.52,23.2,25.52,142950.0,0.0,0.0,2.32,10.0,25.52
601963,重庆银行,11.84,11.78,11.58,174832.0,11.87,108.0,0.06,0.51,11.93
601965,中国汽研,14.02,13.85,13.95,80040.0,14.05,84.0,0.17,1.23,14.18
601966,玲珑轮胎,11.85,11.78,11.85,127959.0,11.88,144.0,0.07,0.59,12.01
601968,宝钢包装,4.44,4.24,4.25,199323.0,4.46,195.0,0.2,4.72,4.58
601969,海南矿业,9.36,9.09,9.08,229803.0,9.38,168.0,0.27,2.97,9.62
601975,招商南油,4.2,3.94,4.0,3066613.0,4.23,2257.0,0.26,6.6,4.33
601985,中国核电,9.25,9.12,9.1,1541739.0,9.28,15176.0,0.13,1.43,9.26
601988,中国银行,6.26,6.2,6.14,2790556.0,6.29,32223.0,0.06,0.97,6.27
601990,南京证券,6.61,6.35,6.37,295684.0,6.64,10208.0,0.26,4.09,6.64
601991,大唐发电,8.02,7.99,7.91,4163708.0,8.05,22585.0,0.03,0.38,8.2
601992,金隅集团,1.53,1.5,1.51,476592.0,1.55,34716.0,0.03,2.0,1.54
601995,中金公司,32.89,31.73,31.76,208668.0,32.92,21.0,1.16,3.66,32.98
601996,丰林集团,2.71,2.46,2.49,724505.0,0.0,0.0,0.25,10.16,2.71
601997,贵阳银行,5.79,5.72,5.7,464933.0,5.81,15536.0,0.07,1.22,5.8
601998,中信银行,7.69,7.64,7.55,458158.0,7.71,1121.0,0.05,0.65,7.7
601999,出版传媒,6.06,5.71,5.74,195149.0,6.08,97.0,0.35,6.13,6.28
603000,人民网,16.12,16.03,16.13,138139.0,16.14,167.0,0.09,0.56,16.25
603001,奥康国际,9.64,9.58,9.77,176529.0,9.67,34.0,0.06,0.63,9.98
603002,XD宏昌电,17.56,17.89,17.96,863249.0,17.59,249.0,-0.33,-1.84,18.5
603004,鼎龙科技,20.22,19.78,20.08,33682.0,20.25,11.0,0.44,2.22,20.62
603005,晶方科技,41.6,44.11,45.1,718836.0,41.63,16.0,-2.51,-5.69,45.8
603006,联明股份,12.71,12.99,12.99,41654.0,12.74,110.0,-0.28,-2.16,13.25
603007,顺景科技,5.32,5.34,5.45,297337.0,5.35,800.0,-0.02,-0.37,5.51
603009,北特科技,42.83,43.36,43.95,88090.0,42.85,2.0,-0.53,-1.22,45.41
603010,万盛股份,13.28,14.01,13.94,141792.0,13.3,65.0,-0.73,-5.21,14.35
603011,合锻智能,31.41,33.6,32.64,632401.0,31.44,12.0,-2.19,-6.52,34.13
603012,创力集团,7.55,7.65,7.71,204961.0,7.57,106.0,-0.1,-1.31,8.0
603013,亚普股份,17.39,16.89,17.34,26756.0,17.41,2.0,0.5,2.96,17.61
603014,威高血净,36.53,33.21,34.09,88776.0,0.0,0.0,3.32,10.0,36.53
603015,XD弘讯科,13.05,12.64,12.9,352416.0,13.07,1.0,0.41,3.24,13.9
603016,新宏泰,36.29,37.24,37.78,46028.0,36.33,1.0,-0.95,-2.55,38.27
603017,中衡设计,11.08,10.87,10.97,58054.0,11.1,76.0,0.21,1.93,11.36
603018,华设集团,6.82,6.72,6.76,26742.0,6.85,1111.0,0.1,1.49,6.86
603019,中科曙光,82.67,81.37,83.0,300256.0,82.69,13.0,1.3,1.6,83.47
603020,爱普股份,13.04,11.85,11.98,232367.0,0.0,0.0,1.19,10.04,13.04
603022,新通联,9.25,9.24,9.31,29795.0,9.3,10.0,0.01,0.11,9.42
603023,威帝股份,3.98,3.91,3.95,78782.0,4.0,548.0,0.07,1.79,4.02
603025,大豪科技,13.84,13.81,13.97,66611.0,13.86,11.0,0.03,0.22,14.18
603026,石大胜华,85.98,81.88,82.0,164858.0,86.0,14.0,4.1,5.01,87.34
603027,千禾味业,8.0,7.85,7.84,156022.0,8.02,375.0,0.15,1.91,8.05
603028,赛福天,7.45,7.38,7.57,28997.0,7.48,5.0,0.07,0.95,7.6
603029,天鹅股份,15.75,15.6,15.79,15455.0,15.83,2.0,0.15,0.96,15.95
603030,全筑股份,2.25,2.29,2.25,634249.0,2.27,3976.0,-0.04,-1.75,2.32
603031,安孚科技,51.01,51.6,52.98,120692.0,51.06,3.0,-0.59,-1.14,53.78
603032,德新科技,22.02,21.97,22.41,74957.0,22.05,73.0,0.05,0.23,22.59
603033,三维股份,9.45,9.48,9.5,78782.0,9.47,364.0,-0.03,-0.32,9.75
603035,常熟汽饰,11.61,11.5,11.55,28619.0,11.63,109.0,0.11,0.96,11.68
603036,如通股份,14.56,13.24,13.43,140210.0,0.0,0.0,1.32,9.97,14.56
603037,XD凯众股,11.65,11.56,11.7,28395.0,11.69,6.0,0.09,0.78,11.83
603038,华立股份,15.55,15.79,15.92,40638.0,15.62,13.0,-0.24,-1.52,16.1
603039,泛微网络,47.8,45.56,45.11,261350.0,47.84,113.0,2.24,4.92,48.2
603040,新坐标,89.0,85.71,87.0,29260.0,89.08,2.0,3.29,3.84,90.85
603041,美思德,11.69,11.68,11.77,19924.0,11.75,45.0,0.01,0.09,11.88
603042,华脉科技,17.95,18.56,18.84,92016.0,17.97,7.0,-0.61,-3.29,18.86
603043,广州酒家,14.09,14.0,14.01,20600.0,14.13,29.0,0.09,0.64,14.15
603045,福达合金,72.74,76.01,77.3,125299.0,72.79,18.0,-3.27,-4.3,79.91
603048,浙江黎明,19.25,19.09,19.33,20928.0,19.27,8.0,0.16,0.84,19.54
603049,中策橡胶,47.68,45.24,45.5,29836.0,47.7,112.0,2.44,5.39,47.79
603050,科林电气,21.08,19.26,19.65,129837.0,21.1,49.0,1.82,9.45,21.19
603051,鹿山新材,20.45,20.85,21.03,48348.0,20.48,3.0,-0.4,-1.92,21.34
603052,可川科技,83.17,85.8,87.8,36814.0,83.19,11.0,-2.63,-3.07,88.0
603053,成都燃气,8.98,8.89,8.88,23693.0,9.01,61.0,0.09,1.01,9.03
603055,台华新材,8.35,8.09,8.15,58051.0,8.37,458.0,0.26,3.21,8.4
603057,紫燕食品,24.79,23.82,23.95,24867.0,24.81,53.0,0.97,4.07,25.03
603058,永吉股份,9.92,9.48,9.65,105160.0,9.95,26.0,0.44,4.64,10.17
603059,倍加洁,26.85,25.78,25.8,12826.0,26.87,5.0,1.07,4.15,27.11
603060,国检集团,7.69,7.49,7.45,351401.0,7.72,601.0,0.2,2.67,8.14
603061,金海通,315.88,322.06,333.33,23750.0,315.9,10.0,-6.18,-1.92,336.66
603062,麦加芯彩,42.26,43.1,43.35,4842.0,42.29,49.0,-0.84,-1.95,43.5
603063,禾望电气,46.51,49.92,51.13,338054.0,46.55,106.0,-3.41,-6.83,51.88
603065,宿迁联盛,13.6,12.36,13.6,78296.0,0.0,0.0,1.24,10.03,13.6
603066,音飞储存,10.33,10.22,10.31,46585.0,10.35,132.0,0.11,1.08,10.37
603067,振华股份,32.59,31.89,32.8,194513.0,32.63,14.0,0.7,2.2,33.49
603068,博通集成,32.06,31.91,32.54,31002.0,32.12,11.0,0.15,0.47,33.87
603069,海汽集团,14.2,13.92,14.1,33651.0,14.23,49.0,0.28,2.01,14.37
603070,万控智造,14.62,14.31,14.38,68782.0,14.66,65.0,0.31,2.17,14.88
603071,物产环能,12.27,11.9,11.95,34187.0,12.3,67.0,0.37,3.11,12.41
603072,天和磁材,37.81,35.9,36.21,68269.0,37.83,7.0,1.91,5.32,38.6
603073,彩蝶实业,16.83,16.91,16.93,12716.0,16.94,24.0,-0.08,-0.47,17.15
603075,热威股份,22.58,22.51,22.64,24431.0,22.62,37.0,0.07,0.31,23.13
603076,乐惠国际,22.85,22.9,23.01,18797.0,22.95,2.0,-0.05,-0.22,23.33
603077,和邦生物,2.42,2.36,2.38,1880691.0,2.44,17292.0,0.06,2.54,2.46
603078,江化微,41.72,46.36,47.0,511172.0,41.74,36.0,-4.64,-10.01,47.0
603079,圣达生物,13.03,12.77,12.86,16017.0,13.06,24.0,0.26,2.04,13.2
603080,新疆火炬,20.75,20.3,20.28,21593.0,20.77,9.0,0.45,2.22,20.98
603081,大丰实业,9.67,9.61,9.72,23018.0,9.71,30.0,0.06,0.62,9.78
603082,北自科技,32.83,32.4,32.71,28134.0,32.85,23.0,0.43,1.33,33.78
603083,剑桥科技,183.2,171.08,177.0,350895.0,183.28,2.0,12.12,7.08,188.19
603085,天成自控,11.82,11.43,11.66,103594.0,11.84,109.0,0.39,3.41,12.23
603086,先达股份,5.88,5.77,5.85,61149.0,5.9,638.0,0.11,1.91,5.96
603087,甘李药业,55.42,55.81,55.4,49005.0,55.45,2.0,-0.39,-0.7,55.99
603088,宁波精达,9.86,9.92,10.02,63767.0,9.88,15.0,-0.06,-0.6,10.23
603089,正裕工业,9.51,9.5,9.57,18027.0,9.55,22.0,0.01,0.11,9.7
603090,宏盛股份,56.61,57.64,58.7,25229.0,56.7,1.0,-1.03,-1.79,59.85
603091,众鑫股份,67.06,66.1,66.67,4067.0,67.12,5.0,0.96,1.45,67.97
603092,德力佳,58.22,56.29,56.9,15633.0,58.23,23.0,1.93,3.43,58.25
603093,南华期货,18.93,18.07,18.33,153199.0,18.95,49.0,0.86,4.76,19.42
603095,越剑智能,17.7,17.63,17.9,44459.0,17.72,18.0,0.07,0.4,18.47
603096,新经典,15.09,14.8,14.89,11963.0,15.13,15.0,0.29,1.96,15.29
603097,江苏华辰,24.92,24.77,24.9,13804.0,24.94,29.0,0.15,0.61,25.28
603098,森特股份,11.62,11.76,11.77,41365.0,11.65,35.0,-0.14,-1.19,11.93
603099,长白山,38.29,36.86,36.84,72600.0,38.31,38.0,1.43,3.88,38.45
603100,川仪股份,18.3,18.05,18.01,25879.0,18.32,37.0,0.25,1.39,18.46
603101,汇嘉时代,6.89,6.79,6.84,59592.0,6.91,91.0,0.1,1.47,6.97
603102,百合股份,35.19,34.66,34.93,3236.0,35.22,4.0,0.53,1.53,35.45
603103,横店影视,18.98,20.91,19.54,223401.0,19.02,1.0,-1.93,-9.23,19.97
603105,芯能科技,7.7,7.62,7.67,96789.0,7.73,288.0,0.08,1.05,7.78
603106,恒银科技,7.13,7.0,7.02,54692.0,7.15,297.0,0.13,1.86,7.22
603107,上海汽配,12.52,12.41,12.51,13124.0,12.54,55.0,0.11,0.89,12.57
603108,润达医疗,10.44,10.21,10.22,161956.0,10.46,198.0,0.23,2.25,10.62
603109,神驰机电,18.48,18.37,18.6,21011.0,18.52,98.0,0.11,0.6,19.0
603110,东方材料,20.9,21.03,21.6,81105.0,20.92,5.0,-0.13,-0.62,22.0
603111,康尼机电,6.21,6.03,6.1,56096.0,6.24,1138.0,0.18,2.99,6.25
603112,华翔股份,18.27,18.25,18.5,81165.0,18.3,63.0,0.02,0.11,18.6
603113,金能科技,4.88,4.79,4.83,84251.0,4.9,726.0,0.09,1.88,4.92
603115,海星股份,91.33,91.99,95.58,65876.0,91.35,1.0,-0.66,-0.72,96.33
603116,红蜻蜓,6.95,6.94,6.97,63471.0,6.97,29.0,0.01,0.14,6.98
603117,万林物流,3.94,3.93,3.96,60020.0,3.96,622.0,0.01,0.25,3.98
603118,共进股份,12.17,11.91,12.12,226512.0,12.19,301.0,0.26,2.18,12.43
603119,浙江荣泰,73.34,71.0,71.47,244115.0,73.36,7.0,2.34,3.3,74.5
603120,肯特催化,57.84,52.58,53.9,98559.0,0.0,0.0,5.26,10.0,57.84
603121,华培动力,14.69,14.72,15.0,45687.0,14.71,6.0,-0.03,-0.2,15.07
603122,合富中国,12.15,11.9,11.91,87150.0,12.17,114.0,0.25,2.1,12.23
603123,翠微股份,9.12,9.0,9.08,121516.0,9.14,287.0,0.12,1.33,9.23
603124,江南新材,178.21,178.8,178.0,52207.0,178.5,1.0,-0.59,-0.33,187.78
603125,常青科技,24.12,24.45,24.76,54845.0,24.14,7.0,-0.33,-1.35,25.27
603126,中材节能,7.5,7.45,7.53,103121.0,7.53,269.0,0.05,0.67,7.64
603127,昭衍新药,32.36,31.39,31.6,161556.0,32.39,54.0,0.97,3.09,32.93
603128,华贸物流,5.31,5.27,5.3,58555.0,5.34,1171.0,0.04,0.76,5.34
603129,春风动力,224.97,220.49,223.3,13599.0,225.08,1.0,4.48,2.03,225.36
603130,云中马,43.95,44.0,44.5,9187.0,43.98,2.0,-0.05,-0.11,44.81
603131,上海沪工,18.7,18.09,18.39,98601.0,18.74,20.0,0.61,3.37,19.11
603132,金徽股份,16.57,15.86,16.11,57690.0,16.59,33.0,0.71,4.48,16.96
603135,中重科技,12.16,12.8,12.8,432520.0,12.18,69.0,-0.64,-5.0,13.25
603136,天目湖,9.07,8.85,8.88,25787.0,9.09,270.0,0.22,2.49,9.13
603137,恒尚节能,11.63,11.54,11.58,10638.0,11.67,34.0,0.09,0.78,11.8
603138,海量数据,16.29,16.35,16.55,64367.0,16.31,10.0,-0.06,-0.37,16.84
603139,康惠股份,36.55,39.72,39.73,63894.0,36.56,27.0,-3.17,-7.98,39.92
603150,万朗磁塑,75.6,76.57,77.72,29264.0,75.82,2.0,-0.97,-1.27,79.79
603151,邦基科技,12.5,12.18,12.29,20539.0,12.54,3.0,0.32,2.63,12.63
603153,上海建科,13.9,13.67,13.72,9836.0,13.93,69.0,0.23,1.68,13.97
603155,新亚强,22.61,25.12,23.8,302871.0,22.63,368.0,-2.51,-9.99,24.88
603156,养元饮品,40.95,40.8,41.0,83015.0,40.97,3.0,0.15,0.37,41.73
603158,腾龙股份,12.8,13.03,13.29,230376.0,12.82,27.0,-0.23,-1.77,13.37
603159,上海亚虹,25.82,26.5,26.5,25033.0,25.84,13.0,-0.68,-2.57,26.83
603160,汇顶科技,55.93,57.11,57.7,75015.0,55.95,4.0,-1.18,-2.07,58.77
603161,科华控股,14.47,14.44,14.72,36903.0,14.5,29.0,0.03,0.21,14.98
603162,海通发展,9.78,9.81,9.9,103134.0,9.81,67.0,-0.03,-0.31,10.01
603163,XD圣晖集,113.95,114.38,115.99,50237.0,114.0,7.0,-0.43,-0.38,118.5
603165,荣晟环保,15.33,14.8,15.0,97208.0,15.37,1.0,0.53,3.58,16.28
603166,福达股份,12.88,12.95,12.95,81349.0,12.91,124.0,-0.07,-0.54,13.33
603167,渤海轮渡,9.06,9.04,9.04,21932.0,9.09,1116.0,0.02,0.22,9.08
603168,莎普爱思,5.37,5.31,5.38,51390.0,5.39,45.0,0.06,1.13,5.44
603169,兰石重装,7.27,7.26,7.36,148078.0,7.3,440.0,0.01,0.14,7.41
603170,宝立食品,12.11,11.64,11.65,27185.0,12.13,168.0,0.47,4.04,12.18
603171,税友股份,45.02,43.8,44.49,46463.0,45.06,6.0,1.22,2.79,45.35
603172,万丰股份,19.1,18.5,18.83,20822.0,19.16,35.0,0.6,3.24,19.37
603173,福斯达,34.53,34.44,34.78,12890.0,34.55,3.0,0.09,0.26,34.94
603175,超颖电子,83.35,78.58,81.0,48373.0,83.39,2.0,4.77,6.07,86.44
603176,汇通集团,4.85,4.82,4.9,25436.0,4.87,116.0,0.03,0.62,4.9
603177,德创环保,9.45,9.33,9.39,22844.0,9.5,45.0,0.12,1.29,9.55
603178,圣龙股份,16.24,16.02,16.22,43825.0,16.27,40.0,0.22,1.37,16.35
603179,新泉股份,48.83,50.5,51.29,217321.0,48.87,1.0,-1.67,-3.31,51.75
603180,金牌家居,16.9,15.89,16.02,39563.0,16.94,8.0,1.01,6.36,17.48
603181,皇马科技,15.46,14.42,14.43,175093.0,15.48,46.0,1.04,7.21,15.71
603182,嘉华股份,12.89,12.71,12.8,19633.0,12.92,14.0,0.18,1.42,12.98
603183,建研院,3.82,3.76,3.8,79572.0,3.85,1155.0,0.06,1.6,3.85
603185,弘元绿能,17.51,17.83,17.66,152738.0,17.54,24.0,-0.32,-1.79,17.97
603186,华正新材,174.24,170.38,176.0,188009.0,174.59,1.0,3.86,2.27,187.42
603187,海容冷链,12.33,12.13,12.15,40004.0,12.38,181.0,0.2,1.65,12.51
603188,亚邦股份,4.31,4.26,4.3,86024.0,4.33,105.0,0.05,1.17,4.37
603190,亚通精工,25.21,25.08,25.29,10042.0,25.23,10.0,0.13,0.52,25.53
603191,望变电气,15.72,15.7,15.9,66739.0,15.75,64.0,0.02,0.13,16.09
603192,汇得科技,18.89,18.77,18.85,8354.0,18.93,3.0,0.12,0.64,19.09
603193,润本股份,21.43,21.06,21.19,19915.0,21.48,7.0,0.37,1.76,21.68
603194,中力股份,37.92,38.54,38.2,33460.0,37.95,13.0,-0.62,-1.61,38.3
603195,公牛集团,39.87,40.49,40.69,86057.0,39.93,2.0,-0.62,-1.53,40.74
603196,璞源材料,22.01,21.34,21.57,44449.0,22.07,55.0,0.67,3.14,22.24
603197,保隆科技,28.98,28.19,28.44,28202.0,29.01,4.0,0.79,2.8,29.18
603198,XD迎驾贡,33.14,32.86,32.86,45854.0,33.19,6.0,0.28,0.85,33.78
603199,九华旅游,33.18,32.3,32.5,13616.0,33.23,30.0,0.88,2.72,33.32
603200,上海洗霸,46.54,44.68,45.0,41906.0,46.57,3.0,1.86,4.16,47.28
603201,常润股份,18.44,18.7,18.71,24603.0,18.46,22.0,-0.26,-1.39,18.71
603202,天有为,67.77,67.96,67.98,10788.0,67.86,7.0,-0.19,-0.28,68.96
603203,快克智能,56.44,59.1,58.51,244736.0,56.49,2.0,-2.66,-4.5,64.4
603205,健尔康,22.68,21.79,22.05,8321.0,22.75,5.0,0.89,4.08,23.0
603206,嘉环科技,18.13,17.81,17.71,147109.0,18.15,68.0,0.32,1.8,18.4
603207,小方制药,22.31,22.07,22.16,8481.0,22.33,15.0,0.24,1.09,22.43
603208,江山欧派,11.8,11.6,11.67,19747.0,11.82,20.0,0.2,1.72,12.05
603209,兴通股份,13.09,12.84,12.98,17930.0,13.11,95.0,0.25,1.95,13.14
603210,泰鸿万立,14.64,14.71,14.85,33955.0,14.67,21.0,-0.07,-0.48,14.85
603211,晋拓股份,29.78,33.09,33.09,161285.0,29.8,9.0,-3.31,-10.0,33.1
603212,赛伍技术,16.29,15.67,15.58,289675.0,16.32,127.0,0.62,3.96,16.5
603213,镇洋发展,14.79,14.93,14.84,51269.0,14.82,114.0,-0.14,-0.94,14.96
603214,爱婴室,13.64,13.47,13.47,19124.0,13.66,3.0,0.17,1.26,13.75
603215,比依股份,14.7,14.6,14.85,12986.0,14.8,37.0,0.1,0.68,14.95
603216,梦天家居,22.77,22.35,22.75,32378.0,22.79,11.0,0.42,1.88,23.05
603217,元利科技,23.69,23.45,23.5,27869.0,23.72,6.0,0.24,1.02,23.77
603218,日月股份,10.67,10.63,10.7,58225.0,10.69,58.0,0.04,0.38,10.82
603219,富佳股份,14.79,14.82,14.91,28769.0,14.82,107.0,-0.03,-0.2,15.09
603220,中贝通信,22.45,22.87,23.31,298273.0,22.47,96.0,-0.42,-1.84,23.39
603221,爱丽家居,12.42,12.21,12.26,43004.0,12.44,17.0,0.21,1.72,12.89
603222,济民健康,8.11,7.99,7.99,86329.0,8.13,41.0,0.12,1.5,8.21
603223,恒通股份,9.26,9.06,9.07,99634.0,9.28,212.0,0.2,2.21,9.59
603225,新凤鸣,20.16,18.33,18.84,268946.0,0.0,0.0,1.83,9.98,20.16
603226,菲林格尔,55.59,55.7,55.64,37759.0,55.61,29.0,-0.11,-0.2,57.65
603227,雪峰科技,7.98,7.84,7.77,48260.0,8.01,105.0,0.14,1.79,8.06
603228,景旺电子,75.26,75.8,78.0,314938.0,75.3,106.0,-0.54,-0.71,78.0
603229,奥翔药业,8.63,8.65,8.65,52595.0,8.65,120.0,-0.02,-0.23,8.74
603230,内蒙新华,9.72,9.52,9.5,13541.0,9.75,303.0,0.2,2.1,9.73
603231,索宝蛋白,15.68,15.32,15.32,19506.0,15.72,22.0,0.36,2.35,15.86
603232,格尔软件,16.04,15.99,16.2,68705.0,16.06,89.0,0.05,0.31,16.4
603233,大参林,17.13,16.45,16.45,67663.0,17.16,40.0,0.68,4.13,17.19
603235,天新药业,23.52,23.05,23.2,3137.0,23.56,4.0,0.47,2.04,23.7
603236,移远通信,55.75,56.15,56.36,90251.0,55.79,24.0,-0.4,-0.71,56.74
603237,五芳斋,15.27,14.48,14.48,35978.0,15.32,67.0,0.79,5.46,15.88
603238,诺邦股份,12.62,12.31,12.37,19485.0,12.65,6.0,0.31,2.52,12.7
603239,浙江仙通,17.36,16.92,17.07,45851.0,17.37,17.0,0.44,2.6,17.73
603248,锡华科技,23.38,23.07,23.53,42009.0,23.4,97.0,0.31,1.34,23.78
603255,鼎际得,31.43,30.0,30.6,15932.0,31.49,93.0,1.43,4.77,31.96
603256,宏和科技,210.72,211.0,216.0,156447.0,210.93,3.0,-0.28,-0.13,225.01
603257,中国瑞林,68.11,66.08,66.11,28496.0,68.13,14.0,2.03,3.07,70.0
603258,电魂网络,13.22,13.08,13.11,19006.0,13.24,8.0,0.14,1.07,13.37
603259,药明康德,99.54,97.07,97.5,488329.0,99.57,1.0,2.47,2.54,99.9
603260,合盛硅业,43.57,41.4,41.0,248169.0,43.6,71.0,2.17,5.24,44.87
603262,技源集团,26.63,26.1,26.37,22997.0,26.65,110.0,0.53,2.03,26.8
603266,天龙股份,17.05,17.19,17.39,20882.0,17.14,1.0,-0.14,-0.81,17.49
603267,鸿远电子,62.79,66.7,68.12,179249.0,62.82,3.0,-3.91,-5.86,68.36
603268,松发股份,148.4,144.9,146.0,56154.0,148.45,50.0,3.5,2.42,150.7
603269,海鸥股份,23.34,21.22,21.56,298717.0,0.0,0.0,2.12,9.99,23.34
603270,金帝股份,28.95,30.1,30.0,73656.0,28.98,50.0,-1.15,-3.82,30.23
603271,永杰新材,45.11,45.01,45.5,18180.0,45.13,4.0,0.1,0.22,45.59
603273,天元智能,14.38,14.45,14.4,28216.0,14.41,9.0,-0.07,-0.48,14.73
603275,众辰科技,39.51,39.08,39.38,9307.0,39.57,10.0,0.43,1.1,40.25
603276,恒兴新材,17.52,17.46,17.13,125163.0,17.54,4.0,0.06,0.34,17.77
603277,银都股份,10.92,10.97,11.05,8205.0,10.94,36.0,-0.05,-0.46,11.08
603278,大业股份,11.91,12.06,12.18,306956.0,11.94,43.0,-0.15,-1.24,12.36
603279,景津装备,13.47,13.44,13.71,81173.0,13.49,11.0,0.03,0.22,13.78
603280,南方路机,27.74,27.35,27.86,8359.0,27.76,207.0,0.39,1.43,27.91
603281,江瀚新材,33.83,34.6,34.28,27808.0,33.88,1.0,-0.77,-2.23,35.36
603282,亚光股份,15.07,14.89,15.04,9899.0,15.08,7.0,0.18,1.21,15.26
603283,赛腾股份,51.36,50.93,53.6,418463.0,51.38,72.0,0.43,0.84,56.02
603284,林平发展,39.0,38.58,38.75,6978.0,39.05,12.0,0.42,1.09,39.2
603285,键邦股份,44.9,45.75,44.91,46416.0,45.09,7.0,-0.85,-1.86,48.28
603286,日盈电子,54.18,54.28,55.12,30005.0,54.3,2.0,-0.1,-0.18,59.25
603288,海天味业,35.52,35.17,35.0,159015.0,35.54,170.0,0.35,1.0,35.68
603289,泰瑞机器,8.98,9.05,9.12,52856.0,9.0,75.0,-0.07,-0.77,9.28
603290,斯达半导,110.0,111.45,114.44,62108.0,110.04,8.0,-1.45,-1.3,115.33
603291,联合水务,9.16,9.17,9.15,65990.0,9.19,33.0,-0.01,-0.11,9.57
603293,埃泰克,40.08,39.63,39.97,16192.0,40.11,10.0,0.45,1.14,40.74
603296,华勤技术,104.84,104.78,106.5,152958.0,104.86,5.0,0.06,0.06,108.8
603297,永新光学,117.59,117.96,120.99,11047.0,117.84,1.0,-0.37,-0.31,122.79
603298,杭叉集团,24.6,23.13,23.78,94367.0,24.63,2.0,1.47,6.36,24.99
603299,苏盐井神,10.1,9.81,9.81,53113.0,10.13,43.0,0.29,2.96,10.18
603300,海南华铁,5.08,4.96,4.99,377202.0,5.11,3586.0,0.12,2.42,5.14
603301,振德医疗,84.23,84.07,84.24,55056.0,84.3,2.0,0.16,0.19,86.45
603303,XD得邦照,31.5,32.0,31.3,132865.0,31.52,2.0,-0.5,-1.56,34.22
603305,旭升集团,13.7,13.39,13.68,227316.0,13.72,70.0,0.31,2.32,14.02
603306,华懋科技,99.63,102.7,105.98,128054.0,99.67,1.0,-3.07,-2.99,108.09
603307,扬州金泉,25.71,25.97,26.03,5959.0,25.85,1.0,-0.26,-1.0,26.37
603308,应流股份,60.37,57.39,59.47,340820.0,60.39,40.0,2.98,5.19,63.13
603309,维力医疗,11.58,11.4,11.45,28442.0,11.62,188.0,0.18,1.58,11.7
603310,巍华新材,15.6,15.71,15.61,24597.0,15.63,216.0,-0.11,-0.7,15.75
603311,金海高科,38.31,38.93,39.17,171359.0,38.38,105.0,-0.62,-1.59,41.19
603312,西典新能,34.1,33.24,33.5,12273.0,34.18,208.0,0.86,2.59,34.69
603313,梦百合,5.28,5.13,5.13,98284.0,5.3,847.0,0.15,2.92,5.32
603315,福鞍股份,16.32,16.5,16.01,203513.0,16.35,132.0,-0.18,-1.09,17.14
603316,诚邦股份,19.29,19.53,19.95,157946.0,19.32,1.0,-0.24,-1.23,20.31
603317,天味食品,13.83,13.56,13.5,87074.0,13.85,29.0,0.27,1.99,13.97
603318,水发燃气,9.18,9.85,9.4,731096.0,9.21,119.0,-0.67,-6.8,9.85
603319,美湖股份,36.0,34.01,35.31,399257.0,36.02,11.0,1.99,5.85,37.41
603320,迪贝电气,19.64,19.38,19.57,18581.0,19.68,2.0,0.26,1.34,20.08
603321,梅轮电梯,6.35,6.31,6.35,37302.0,6.37,468.0,0.04,0.63,6.44
603322,超讯通信,28.03,27.81,28.11,40245.0,28.07,24.0,0.22,0.79,28.6
603323,苏农银行,4.85,4.76,4.76,295338.0,4.88,9033.0,0.09,1.89,4.86
603324,盛剑科技,33.97,33.83,35.12,159408.0,33.99,16.0,0.14,0.41,37.21
603325,博隆技术,58.79,58.99,59.0,3874.0,58.9,6.0,-0.2,-0.34,59.68
603326,我乐家居,6.97,6.91,6.97,30638.0,7.01,25.0,0.06,0.87,7.12
603327,福蓉科技,9.7,9.8,9.83,200133.0,9.72,23.0,-0.1,-1.02,10.06
603328,依顿电子,13.37,13.98,13.81,528605.0,13.4,782.0,-0.61,-4.36,14.14
603329,上海雅仕,9.94,9.82,9.82,32312.0,9.98,7.0,0.12,1.22,10.18
603330,天洋新材,8.61,8.84,8.85,437559.0,8.64,137.0,-0.23,-2.6,9.23
603331,百达精工,11.86,11.9,12.09,40021.0,11.89,88.0,-0.04,-0.34,12.19
603332,苏州龙杰,11.41,11.18,11.26,29088.0,11.43,20.0,0.23,2.06,11.42
603333,福华尚纬,8.45,8.9,8.9,209549.0,8.47,70.0,-0.45,-5.06,8.93
603334,丰倍生物,39.12,39.33,39.6,9110.0,39.25,4.0,-0.21,-0.53,39.6
603335,迪生力,8.05,7.32,8.05,51959.0,0.0,0.0,0.73,9.97,8.05
603336,宏辉果蔬,8.78,8.85,8.88,93681.0,8.8,15.0,-0.07,-0.79,9.2
603337,杰克科技,38.01,38.35,38.45,28948.0,38.08,11.0,-0.34,-0.89,39.55
603338,浙江鼎力,49.26,48.5,49.57,31935.0,49.33,3.0,0.76,1.57,50.06
603339,四方科技,12.71,12.71,12.78,20447.0,12.74,12.0,0.0,0.0,12.93
603341,龙旗科技,35.7,35.39,35.88,84584.0,35.73,10.0,0.31,0.88,36.78
603344,星德胜,28.73,28.7,28.95,30068.0,28.77,1.0,0.03,0.1,29.57
603345,安井食品,89.53,88.5,88.0,43206.0,89.6,10.0,1.03,1.16,90.81
603348,文灿股份,15.01,14.5,14.55,32546.0,15.03,3.0,0.51,3.52,15.41
603350,安乃达,29.96,29.55,29.65,3992.0,30.09,31.0,0.41,1.39,30.26
603351,威尔药业,25.64,25.63,25.77,5393.0,25.66,1.0,0.01,0.04,25.91
603352,至信股份,27.97,27.58,27.58,11092.0,28.01,38.0,0.39,1.41,28.18
603353,和顺石油,38.59,38.2,38.2,67187.0,38.61,2.0,0.39,1.02,41.5
603355,莱克电气,26.86,27.05,27.0,36790.0,26.91,57.0,-0.19,-0.7,27.6
603356,华菱精工,18.4,17.46,17.66,49619.0,18.42,6.0,0.94,5.38,18.65
603357,设计总院,6.72,6.62,6.67,23648.0,6.75,454.0,0.1,1.51,6.77
603358,华达科技,37.27,37.43,37.29,62761.0,37.39,13.0,-0.16,-0.43,37.55
603360,百傲化学,18.84,19.4,19.52,132319.0,18.88,46.0,-0.56,-2.89,19.84
603363,傲农生物,2.94,2.9,2.92,278454.0,2.97,10787.0,0.04,1.38,2.97
603365,水星家纺,18.54,18.1,18.28,14133.0,18.56,8.0,0.44,2.43,18.54
603366,日出东方,6.95,6.85,6.9,71477.0,6.98,891.0,0.1,1.46,7.01
603367,辰欣药业,13.23,13.03,13.03,57177.0,13.25,160.0,0.2,1.53,13.28
603368,柳药集团,16.56,16.51,16.49,47171.0,16.59,25.0,0.05,0.3,16.71
603369,今世缘,25.21,24.37,24.3,130350.0,25.24,25.0,0.84,3.45,25.72
603370,华新精科,42.98,42.27,42.1,5684.0,43.01,1.0,0.71,1.68,43.35
603373,安邦护卫,32.89,32.64,33.21,20189.0,32.96,1.0,0.25,0.77,33.44
603375,盛景微,49.65,50.9,51.4,30563.0,49.71,3.0,-1.25,-2.46,52.4
603376,大明电子,26.43,25.91,25.9,8509.0,26.46,3.0,0.52,2.01,26.55
603379,三美股份,63.88,61.1,61.79,169935.0,63.92,43.0,2.78,4.55,64.64
603380,易德龙,35.16,35.07,35.9,25684.0,35.22,5.0,0.09,0.26,36.88
603381,永臻股份,17.08,16.95,16.88,32755.0,17.1,47.0,0.13,0.77,17.29
603382,海阳科技,20.12,19.81,18.68,50088.0,20.14,2.0,0.31,1.56,20.39
603383,顶点软件,28.92,27.63,27.89,55079.0,28.95,73.0,1.29,4.67,29.36
603385,惠达卫浴,5.46,5.37,5.4,30509.0,5.48,29.0,0.09,1.68,5.55
603386,骏亚科技,17.21,18.1,18.1,232239.0,17.24,1521.0,-0.89,-4.92,18.66
603387,基蛋生物,8.11,7.98,8.09,58560.0,8.13,765.0,0.13,1.63,8.15
603390,通达电气,11.3,11.22,11.44,43702.0,11.32,25.0,0.08,0.71,11.45
603391,力聚热能,54.77,52.9,52.0,6399.0,54.79,2.0,1.87,3.53,54.78
603392,万泰生物,29.25,28.93,29.32,99925.0,29.29,30.0,0.32,1.11,29.49
603393,新天然气,27.14,28.06,27.0,97765.0,27.18,43.0,-0.92,-3.28,27.88
603395,红四方,22.68,23.21,22.95,37599.0,22.7,114.0,-0.53,-2.28,22.95
603396,XD金辰股,29.35,28.97,29.19,21105.0,29.37,9.0,0.38,1.31,29.89
603399,永杉锂业,20.19,19.18,19.75,1395339.0,20.21,70.0,1.01,5.27,20.83
603400,华之杰,59.24,58.86,59.5,6747.0,59.39,1.0,0.38,0.65,60.69
603402,DR陕西旅,70.59,71.15,70.58,13656.0,70.62,12.0,-0.56,-0.79,71.0
603406,天富龙,27.97,27.35,27.75,10818.0,27.99,17.0,0.62,2.27,28.4
603407,长裕集团,51.81,50.13,49.8,31915.0,51.92,1.0,1.68,3.35,52.4
603408,建霖家居,10.22,10.03,10.03,13646.0,10.24,22.0,0.19,1.89,10.26
603409,汇通控股,31.81,35.28,31.75,71878.0,31.83,4.0,-3.47,-9.84,33.8
603416,信捷电气,52.8,54.01,54.9,29670.0,52.82,8.0,-1.21,-2.24,55.78
603418,友升股份,48.61,48.47,48.48,15250.0,48.64,2.0,0.14,0.29,49.2
603421,鼎信通讯,6.53,6.46,6.49,68353.0,6.55,404.0,0.07,1.08,6.64
603435,嘉德利,61.46,64.2,65.47,75653.0,61.49,202.0,-2.74,-4.27,65.89
603439,三力制药,15.13,15.47,15.56,118161.0,15.17,6.0,-0.34,-2.2,15.95
603444,吉比特,338.61,327.42,330.0,20756.0,338.96,3.0,11.19,3.42,343.9
603456,九洲药业,12.71,12.18,12.18,156094.0,12.74,422.0,0.53,4.35,12.75
603458,勘设股份,12.99,13.39,13.44,121931.0,13.01,16.0,-0.4,-2.99,13.73
603459,红板科技,76.87,78.8,81.22,131746.0,76.9,27.0,-1.93,-2.45,82.0
603466,风语筑,11.59,10.83,9.9,1018431.0,11.62,11.0,0.76,7.02,11.91
603477,巨星农牧,14.06,13.9,13.76,84956.0,14.09,70.0,0.16,1.15,14.2
603486,科沃斯,54.36,55.68,56.4,93040.0,54.45,3.0,-1.32,-2.37,56.5
603488,展鹏科技,12.19,12.1,12.19,107775.0,12.22,40.0,0.09,0.74,12.43
603489,八方股份,31.43,31.23,31.66,13291.0,31.46,1.0,0.2,0.64,31.89
603496,恒为科技,21.84,21.44,21.66,74215.0,21.87,759.0,0.4,1.87,22.1
603499,翔港科技,17.58,16.84,17.2,53582.0,17.63,11.0,0.74,4.39,18.29
603500,祥和实业,12.78,13.12,12.99,345492.0,12.81,181.0,-0.34,-2.59,13.06
603501,豪威集团,85.87,85.17,86.9,176786.0,85.97,1.0,0.7,0.82,87.25
603505,金石资源,18.7,18.87,19.2,318017.0,18.72,98.0,-0.17,-0.9,19.44
603506,南都物业,10.63,10.51,10.53,17602.0,10.65,16.0,0.12,1.14,10.81
603507,振江股份,36.5,35.85,36.58,39303.0,36.53,19.0,0.65,1.81,37.15
603508,思维列控,21.73,21.71,21.82,27479.0,21.76,8.0,0.02,0.09,22.07
603511,爱慕股份,12.6,12.36,12.48,10632.0,12.64,138.0,0.24,1.94,12.64
603515,欧普照明,18.81,18.36,18.4,8238.0,18.83,43.0,0.45,2.45,18.88
603516,淳中科技,111.46,113.95,115.9,71744.0,111.55,17.0,-2.49,-2.19,119.45
603518,锦泓集团,8.33,8.19,8.2,39350.0,8.35,61.0,0.14,1.71,8.4
603519,立霸股份,13.62,12.4,12.66,178553.0,0.0,0.0,1.22,9.84,13.64
603520,司太立,9.36,9.19,9.32,117692.0,9.39,210.0,0.17,1.85,9.46
603527,众源新材,13.65,13.4,13.5,244104.0,13.68,1177.0,0.25,1.87,14.07
603528,多伦科技,7.13,6.48,6.55,281686.0,0.0,0.0,0.65,10.03,7.13
603529,爱玛科技,20.85,20.02,20.12,78732.0,20.88,116.0,0.83,4.15,21.08
603530,神马电力,52.28,51.1,51.75,35477.0,52.32,8.0,1.18,2.31,54.79
603533,掌阅科技,20.0,19.95,20.19,135165.0,20.02,28.0,0.05,0.25,20.53
603535,嘉诚国际,6.7,6.57,6.57,28975.0,6.73,438.0,0.13,1.98,6.75
603536,惠发食品,8.89,8.76,8.72,36997.0,8.92,19.0,0.13,1.48,8.99
603538,美诺华,38.37,36.99,37.73,170505.0,38.39,1.0,1.38,3.73,39.06
603551,奥普科技,9.75,10.04,10.04,38697.0,9.77,46.0,-0.29,-2.89,10.09
603556,海兴电力,23.65,23.56,23.8,31167.0,23.67,22.0,0.09,0.38,24.05
603558,健盛集团,12.03,11.65,11.75,29397.0,12.06,577.0,0.38,3.26,12.04
603565,中谷物流,9.96,9.7,9.71,227933.0,9.98,1235.0,0.26,2.68,10.01
603566,普莱柯,10.42,10.23,10.25,24998.0,10.45,14.0,0.19,1.86,10.46
603567,珍宝岛,5.8,5.95,5.9,199647.0,5.82,87.0,-0.15,-2.52,6.0
603568,伟明环保,16.09,16.18,16.15,87628.0,16.11,1.0,-0.09,-0.56,16.35
603569,长久物流,6.25,6.1,6.11,73850.0,6.27,470.0,0.15,2.46,6.3
603577,汇金通,9.19,9.24,9.43,23350.0,9.21,55.0,-0.05,-0.54,9.43
603578,三星新材,12.89,12.98,12.86,42098.0,12.92,52.0,-0.09,-0.69,13.28
603579,荣泰健康,18.64,18.39,18.65,16217.0,18.67,19.0,0.25,1.36,18.83
603583,捷昌驱动,24.19,23.84,24.0,37441.0,24.21,6.0,0.35,1.47,24.79
603585,苏利股份,15.28,14.93,15.0,36651.0,15.3,50.0,0.35,2.34,15.47
603586,金麒麟,18.23,18.28,18.33,32095.0,18.25,52.0,-0.05,-0.27,18.51
603587,地素时尚,12.21,11.99,12.1,12741.0,12.23,10.0,0.22,1.83,12.28
603588,高能环境,14.11,13.68,13.99,569698.0,14.14,367.0,0.43,3.14,14.49
603589,口子窖,20.25,19.95,19.9,71922.0,20.28,63.0,0.3,1.5,20.55
603590,康辰药业,29.67,29.45,30.04,23012.0,29.75,20.0,0.22,0.75,30.28
603596,伯特利,27.69,26.3,26.6,253032.0,27.72,16.0,1.39,5.29,28.68
603598,引力传媒,19.0,19.04,19.34,178514.0,19.02,16.0,-0.04,-0.21,19.55
603599,广信股份,11.03,10.43,10.47,209906.0,11.05,173.0,0.6,5.75,11.25
603600,永艺股份,9.76,9.59,9.67,39915.0,9.8,62.0,0.17,1.77,9.88
603601,再升科技,13.72,13.86,14.01,1354358.0,13.74,493.0,-0.14,-1.01,14.44
603602,纵横通信,12.72,12.74,12.88,55574.0,12.75,260.0,-0.02,-0.16,13.24
603605,珀莱雅,67.15,63.4,63.01,87028.0,67.18,86.0,3.75,5.91,67.92
603606,东方电缆,41.49,40.42,40.02,333011.0,41.51,19.0,1.07,2.65,42.4
603607,京华激光,21.53,21.47,21.6,26570.0,21.56,22.0,0.06,0.28,22.3
603608,天创时尚,25.74,24.45,24.66,422132.0,25.77,3.0,1.29,5.28,26.35
603609,禾丰股份,6.12,6.11,6.12,35191.0,6.14,42.0,0.01,0.16,6.19
603610,麒盛科技,17.16,16.94,17.01,62406.0,17.18,104.0,0.22,1.3,17.42
603611,诺力股份,17.56,16.98,17.1,44494.0,17.6,40.0,0.58,3.42,17.9
603612,索通发展,19.87,19.19,19.4,112269.0,19.89,97.0,0.68,3.54,20.29
603613,国联股份,19.79,19.96,20.1,139515.0,19.81,5.0,-0.17,-0.85,20.42
603615,茶花股份,17.28,17.39,17.68,22716.0,17.31,1.0,-0.11,-0.63,17.73
603616,韩建河山,6.47,6.56,6.16,656396.0,6.49,202.0,-0.09,-1.37,6.83
603617,君禾股份,7.38,7.36,7.42,139088.0,7.4,41.0,0.02,0.27,7.67
603618,杭电股份,39.6,41.4,41.0,680609.0,39.63,8.0,-1.8,-4.35,42.22
603619,中曼石油,24.54,24.27,23.36,208697.0,24.56,86.0,0.27,1.11,24.92
603626,科森科技,21.07,21.31,21.55,206432.0,21.1,264.0,-0.24,-1.13,21.85
603628,清源股份,10.4,10.31,10.37,38250.0,10.42,19.0,0.09,0.87,10.56
603629,利通电子,149.68,139.3,143.5,260959.0,149.82,7.0,10.38,7.45,151.65
603630,拉芳家化,13.15,12.8,12.95,36189.0,13.18,88.0,0.35,2.73,13.37
603633,徕木股份,7.54,7.47,7.55,171154.0,7.56,56.0,0.07,0.94,7.85
603636,南威软件,8.76,8.84,9.02,163560.0,8.78,555.0,-0.08,-0.9,9.05
603637,镇海股份,17.89,17.29,17.3,88653.0,17.91,205.0,0.6,3.47,18.0
603638,艾迪精密,23.28,23.53,23.55,120509.0,23.32,42.0,-0.25,-1.06,24.08
603639,海利尔,10.88,10.8,10.8,13308.0,10.9,275.0,0.08,0.74,10.97
603648,畅联股份,8.79,8.58,8.61,24911.0,8.82,170.0,0.21,2.45,8.82
603650,彤程新材,60.07,64.3,65.59,476790.0,60.1,11.0,-4.23,-6.58,66.8
603655,朗博科技,32.83,32.32,32.75,12364.0,32.85,7.0,0.51,1.58,33.49
603656,泰禾智能,18.27,18.03,18.2,35047.0,18.31,18.0,0.24,1.33,18.8
603657,春光科技,22.93,25.48,25.73,68507.0,22.96,30.0,-2.55,-10.01,25.76
603658,安图生物,31.37,31.06,30.85,40839.0,31.39,22.0,0.31,1.0,31.72
603659,璞泰来,28.39,27.23,27.59,404726.0,28.41,72.0,1.16,4.26,28.66
603660,苏州科达,10.96,11.03,11.13,135858.0,11.0,87.0,-0.07,-0.63,11.21
603661,恒林股份,35.33,36.17,36.52,40079.0,35.36,3.0,-0.84,-2.32,37.0
603662,柯力传感,65.06,64.97,66.0,147991.0,65.08,43.0,0.09,0.14,69.7
603663,三祥新材,72.62,74.39,76.0,238831.0,72.64,13.0,-1.77,-2.38,79.5
603665,康隆达,26.0,26.36,26.23,14762.0,26.02,5.0,-0.36,-1.37,26.55
603666,亿嘉和,26.2,26.6,26.85,42129.0,26.23,10.0,-0.4,-1.5,27.96
603667,XD五洲新,64.56,64.89,66.0,155391.0,64.59,10.0,-0.33,-0.51,66.39
603668,天马科技,11.2,11.19,11.19,55438.0,11.22,106.0,0.01,0.09,11.41
603669,灵康药业,4.68,4.57,4.64,201394.0,4.71,3068.0,0.11,2.41,4.72
603676,卫信康,8.99,8.9,8.88,13336.0,9.01,39.0,0.09,1.01,9.05
603677,奇精机械,14.56,14.6,14.6,16850.0,14.59,9.0,-0.04,-0.27,14.88
603678,火炬电子,58.46,61.91,62.83,487936.0,58.51,3.0,-3.45,-5.57,63.7
603679,华体科技,18.38,18.59,18.59,66922.0,18.4,99.0,-0.21,-1.13,19.0
603680,今创集团,11.1,11.06,11.06,30564.0,11.13,3.0,0.04,0.36,11.25
603681,永冠新材,24.82,23.4,23.7,208771.0,24.85,132.0,1.42,6.07,25.74
603682,锦和商管,8.37,8.29,8.46,72656.0,8.4,17.0,0.08,0.97,8.59
603683,晶华新材,30.17,30.1,30.2,113040.0,30.19,9.0,0.07,0.23,31.2
603685,晨丰科技,30.15,30.0,30.17,17814.0,30.18,2.0,0.15,0.5,31.59
603686,福龙马,14.4,14.04,14.18,106069.0,14.43,100.0,0.36,2.56,14.53
603687,大胜达,18.42,19.0,19.0,421539.0,18.45,59.0,-0.58,-3.05,19.13
603688,石英股份,71.56,76.15,79.06,510180.0,71.63,4.0,-4.59,-6.03,83.0
603689,皖天然气,7.75,7.67,7.65,33644.0,7.77,168.0,0.08,1.04,7.77
603690,至纯科技,26.88,28.46,29.06,347766.0,26.91,50.0,-1.58,-5.55,29.2
603693,江苏新能,14.53,14.18,14.2,119306.0,14.56,42.0,0.35,2.47,14.7
603696,安记食品,12.7,12.48,12.5,29370.0,12.73,24.0,0.22,1.76,12.85
603697,有友食品,11.45,11.17,11.05,93671.0,11.48,276.0,0.28,2.51,11.47
603698,航天工程,30.94,30.24,30.6,130143.0,30.98,25.0,0.7,2.31,32.0
603699,纽威股份,52.48,51.8,52.99,52685.0,52.5,3.0,0.68,1.31,53.5
603700,宁水集团,10.68,10.64,10.72,24419.0,10.7,36.0,0.04,0.38,10.91
603701,德宏股份,22.73,22.54,22.63,42413.0,22.76,56.0,0.19,0.84,23.16
603703,盛洋科技,11.19,11.42,11.54,105255.0,11.22,99.0,-0.23,-2.01,11.77
603706,东方环宇,20.37,20.33,20.48,14222.0,20.4,63.0,0.04,0.2,20.65
603707,健友股份,7.7,7.52,7.52,98007.0,7.72,626.0,0.18,2.39,7.71
603708,家家悦,9.68,9.55,9.48,56999.0,9.71,56.0,0.13,1.36,9.76
603709,中源家居,15.29,15.09,15.22,18677.0,15.31,27.0,0.2,1.33,15.6
603711,香飘飘,12.96,12.91,12.97,24507.0,13.02,37.0,0.05,0.39,13.13
603712,七一二,13.57,13.26,13.4,214395.0,13.6,21.0,0.31,2.34,14.05
603713,密尔克卫,57.68,54.69,54.7,39372.0,57.7,2.0,2.99,5.47,58.17
603716,塞力医疗,15.85,15.32,15.61,79706.0,15.87,48.0,0.53,3.46,16.14
603717,天域生物,6.39,6.47,6.48,92937.0,6.41,222.0,-0.08,-1.24,6.5
603719,良品铺子,9.57,9.18,9.22,62343.0,9.6,373.0,0.39,4.25,9.76
603721,中广天择,18.53,18.52,18.6,36940.0,18.55,156.0,0.01,0.05,18.96
603722,阿科力,39.76,39.66,40.0,46074.0,39.8,7.0,0.1,0.25,42.0
603725,天安新材,10.77,11.11,11.33,117206.0,10.8,79.0,-0.34,-3.06,11.36
603726,朗迪集团,25.19,25.79,25.98,45584.0,25.22,11.0,-0.6,-2.33,26.89
603727,博迈科,13.97,13.93,13.86,25416.0,14.0,17.0,0.04,0.29,14.19
603728,鸣志电器,59.89,61.22,61.99,112700.0,59.92,52.0,-1.33,-2.17,64.28
603730,岱美股份,12.49,12.91,13.08,240946.0,12.51,8.0,-0.42,-3.25,13.24
603733,仙鹤股份,28.78,27.12,27.0,280290.0,28.81,57.0,1.66,6.12,29.83
603737,三棵树,26.75,26.19,26.36,71061.0,26.77,11.0,0.56,2.14,27.18
603738,泰晶科技,51.74,47.04,50.0,168347.0,0.0,0.0,4.7,9.99,51.74
603739,蔚蓝生物,12.55,12.3,12.3,17889.0,12.58,60.0,0.25,2.03,12.62
603755,日辰股份,26.4,26.56,26.84,15432.0,26.47,7.0,-0.16,-0.6,27.17
603757,大元泵业,47.25,46.69,47.56,58730.0,47.27,3.0,0.56,1.2,48.18
603758,秦安股份,10.2,9.99,10.03,32772.0,10.23,18.0,0.21,2.1,10.28
603759,海天股份,7.57,7.46,7.58,37960.0,7.6,969.0,0.11,1.47,7.61
603766,隆鑫通用,12.75,12.31,12.42,184131.0,12.78,377.0,0.44,3.57,12.94
603767,中马传动,15.94,15.86,16.22,53547.0,15.96,19.0,0.08,0.5,16.3
603768,常青股份,10.58,10.5,10.58,31771.0,10.61,3.0,0.08,0.76,10.85
603773,沃格光电,139.06,139.46,137.07,461723.0,139.38,1.0,-0.4,-0.29,145.0
603776,永安行,20.26,19.49,19.25,33582.0,20.28,24.0,0.77,3.95,20.49
603777,来伊份,16.41,15.98,16.3,78074.0,16.44,11.0,0.43,2.69,17.1
603778,国晟科技,18.44,19.8,19.5,637054.0,18.46,57.0,-1.36,-6.87,19.7
603779,威龙股份,8.05,7.98,8.02,191960.0,8.08,1541.0,0.07,0.88,8.18
603786,科博达,46.28,45.41,45.8,27924.0,46.32,2.0,0.87,1.92,47.3
603787,新日股份,9.87,9.66,9.74,32718.0,9.9,409.0,0.21,2.17,9.98
603788,宁波高发,14.61,14.75,14.9,17170.0,14.63,71.0,-0.14,-0.95,14.98
603790,雅运股份,25.1,26.14,26.0,30607.0,25.15,2.0,-1.04,-3.98,26.28
603797,联泰环保,4.19,4.12,4.14,41073.0,4.21,42.0,0.07,1.7,4.23
603798,康普顿,15.99,16.09,16.0,76964.0,16.01,287.0,-0.1,-0.62,16.8
603799,华友钴业,50.35,47.53,48.48,978704.0,50.38,29.0,2.82,5.93,51.9
603800,洪田股份,67.97,74.3,75.79,126575.0,68.01,13.0,-6.33,-8.52,76.5
603801,志邦家居,6.83,6.69,6.7,25277.0,6.86,406.0,0.14,2.09,6.91
603803,瑞斯康达,11.56,11.6,11.84,124024.0,11.59,47.0,-0.04,-0.34,11.88
603806,福斯特,14.87,15.23,15.5,375813.0,14.89,89.0,-0.36,-2.36,15.77
603808,歌力思,9.06,9.07,9.09,32245.0,9.08,132.0,-0.01,-0.11,9.15
603809,豪能股份,10.45,10.42,10.5,167434.0,10.46,2702.0,0.03,0.29,10.56
603810,丰山集团,12.49,12.44,12.55,18251.0,12.51,12.0,0.05,0.4,12.76
603811,诚意药业,10.48,10.26,10.3,27765.0,10.51,94.0,0.22,2.14,10.48
603815,交建股份,6.07,5.52,5.59,196485.0,0.0,0.0,0.55,9.96,6.07
603816,顾家家居,27.07,27.02,27.08,64499.0,27.1,29.0,0.05,0.19,27.48
603817,海峡环保,5.84,5.81,5.82,67435.0,5.87,127.0,0.03,0.52,5.91
603818,曲美家居,2.98,2.91,2.96,118921.0,3.0,1061.0,0.07,2.41,3.02
603819,XD神力股,11.58,11.52,11.68,28407.0,11.62,75.0,0.06,0.52,11.86
603823,百合花,43.12,42.63,40.63,253389.0,43.15,2.0,0.49,1.15,44.27
603826,坤彩科技,30.95,31.06,30.44,80362.0,30.98,2.0,-0.11,-0.35,31.85
603829,洛凯股份,19.47,19.18,19.18,44106.0,19.49,20.0,0.29,1.51,20.22
603833,欧派家居,35.29,34.66,34.95,50659.0,35.33,10.0,0.63,1.82,35.49
603836,海程邦达,11.84,11.78,11.99,17131.0,11.86,10.0,0.06,0.51,12.01
603839,安正时尚,6.52,6.45,6.5,25826.0,6.56,234.0,0.07,1.09,6.59
603848,好太太,13.91,13.57,13.56,14795.0,13.94,38.0,0.34,2.51,14.07
603855,华荣股份,17.4,17.45,17.51,18576.0,17.43,14.0,-0.05,-0.29,17.74
603856,东宏股份,12.45,11.86,11.99,58288.0,12.47,106.0,0.59,4.97,12.45
603858,步长制药,15.01,14.48,14.56,47257.0,15.03,117.0,0.53,3.66,15.04
603859,能科科技,51.38,51.89,48.7,481125.0,51.4,253.0,-0.51,-0.98,55.65
603860,中公高科,26.64,26.6,26.64,11132.0,26.66,10.0,0.04,0.15,27.02
603861,白云电器,15.44,14.7,14.12,300317.0,15.46,161.0,0.74,5.03,15.58
603863,松炀资源,15.39,15.08,15.2,42895.0,15.41,31.0,0.31,2.06,15.74
603866,桃李面包,4.08,4.1,4.11,271688.0,4.1,510.0,-0.02,-0.49,4.13
603867,新化股份,39.14,39.8,40.08,90878.0,39.17,1.0,-0.66,-1.66,40.95
603868,飞科电器,33.86,34.09,34.57,11733.0,33.89,26.0,-0.23,-0.67,34.57
603871,嘉友国际,12.4,11.75,11.65,116465.0,12.42,302.0,0.65,5.53,12.4
603876,鼎胜新材,26.38,25.23,25.47,303707.0,26.41,34.0,1.15,4.56,27.07
603877,太平鸟,13.39,13.13,13.11,31391.0,13.41,5.0,0.26,1.98,13.55
603878,武进不锈,6.26,5.9,5.91,315746.0,6.28,52.0,0.36,6.1,6.49
603879,永悦科技,4.81,4.73,4.8,70125.0,4.85,338.0,0.08,1.69,4.89
603880,南卫股份,7.57,7.54,7.56,42188.0,7.6,11.0,0.03,0.4,7.78
603881,数据港,31.11,31.19,31.6,235947.0,31.15,210.0,-0.08,-0.26,31.75
603882,金域医学,25.34,23.55,23.68,79338.0,25.37,45.0,1.79,7.6,25.84
603883,老百姓,12.13,11.68,11.74,107868.0,12.16,726.0,0.45,3.85,12.17
603885,吉祥航空,11.34,10.68,10.9,387589.0,11.36,384.0,0.66,6.18,11.34
603886,元祖股份,12.56,13.08,12.68,148431.0,12.59,134.0,-0.52,-3.98,13.0
603887,城地香江,10.61,10.46,10.55,133383.0,10.63,184.0,0.15,1.43,10.75
603888,新华网,18.0,17.99,18.06,107202.0,18.03,28.0,0.01,0.06,18.24
603889,新澳股份,6.03,6.1,6.09,111568.0,6.05,201.0,-0.07,-1.15,6.13
603890,春秋电子,22.86,22.8,22.88,542601.0,22.88,148.0,0.06,0.26,23.8
603893,瑞芯微,161.0,160.08,163.59,71868.0,161.15,4.0,0.92,0.57,166.16
603895,天永智能,30.23,30.45,30.66,14852.0,30.3,2.0,-0.22,-0.72,31.5
603896,寿仙谷,15.69,15.87,15.88,27189.0,15.72,2.0,-0.18,-1.13,16.06
603897,长城科技,36.04,36.24,36.95,68100.0,36.14,1.0,-0.2,-0.55,38.0
603898,好莱客,12.59,13.08,13.2,62137.0,12.62,2.0,-0.49,-3.75,13.2
603899,晨光股份,22.53,22.17,22.28,46058.0,22.56,19.0,0.36,1.62,22.67
603900,莱绅通灵,6.4,6.24,6.28,66099.0,6.43,78.0,0.16,2.56,6.53
603901,永创智能,10.75,10.69,10.7,49970.0,10.77,70.0,0.06,0.56,10.95
603903,中持股份,11.63,11.63,11.71,58652.0,11.65,529.0,0.0,0.0,11.95
603906,龙蟠科技,24.31,23.38,23.85,372796.0,24.34,67.0,0.93,3.98,24.75
603908,牧高笛,19.5,19.4,19.69,9598.0,19.6,1.0,0.1,0.52,19.87
603909,建发合诚,9.7,9.48,9.63,20194.0,9.73,4.0,0.22,2.32,9.85
603912,佳力图,8.17,8.2,8.3,100727.0,8.19,77.0,-0.03,-0.37,8.41
603915,XD国茂股,14.97,15.21,15.41,98850.0,14.99,4.0,-0.24,-1.58,15.77
603916,苏博特,14.24,13.39,13.57,439095.0,14.27,5.0,0.85,6.35,14.73
603917,合力科技,11.82,11.87,11.97,39652.0,11.85,17.0,-0.05,-0.42,12.15
603918,金桥信息,10.57,10.46,10.6,74554.0,10.59,76.0,0.11,1.05,10.74
603919,金徽酒,18.74,18.15,17.99,70432.0,18.76,104.0,0.59,3.25,19.0
603920,世运电路,52.78,53.25,54.5,212824.0,52.89,3.0,-0.47,-0.88,55.3
603926,铁流股份,19.34,19.05,19.22,39065.0,19.4,2.0,0.29,1.52,19.62
603927,中科软,14.41,14.38,14.53,94088.0,14.43,69.0,0.03,0.21,14.63
603928,兴业股份,14.91,15.01,15.28,42585.0,14.94,2.0,-0.1,-0.67,15.48
603929,亚翔集成,218.41,230.86,242.8,96636.0,218.53,2.0,-12.45,-5.39,246.98
603931,格林达,53.83,59.81,62.0,151997.0,53.85,230.0,-5.98,-10.0,62.99
603933,睿能科技,22.18,21.81,22.2,40611.0,22.2,28.0,0.37,1.7,22.77
603936,博敏电子,23.52,23.72,25.0,768420.0,23.56,26.0,-0.2,-0.84,25.73
603937,丽岛新材,13.54,13.35,13.42,49555.0,13.56,6.0,0.19,1.42,13.82
603938,三孚股份,53.07,58.97,58.17,395700.0,53.09,30.0,-5.9,-10.01,58.89
603939,益丰药房,21.69,20.82,20.83,145463.0,21.72,12.0,0.87,4.18,21.88
603948,建业股份,25.93,24.86,25.2,35248.0,25.96,8.0,1.07,4.3,26.19
603949,雪龙集团,14.56,14.62,14.82,19740.0,14.59,16.0,-0.06,-0.41,14.9
603950,长源东谷,58.69,59.13,60.31,44581.0,58.74,7.0,-0.44,-0.74,61.8
603955,大千生态,24.61,23.09,23.8,43546.0,24.63,21.0,1.52,6.58,25.4
603956,威派格,4.59,4.58,4.63,116481.0,4.62,99.0,0.01,0.22,4.66
603958,哈森股份,19.29,19.05,19.01,29327.0,19.32,13.0,0.24,1.26,19.6
603960,克来机电,19.48,19.72,19.8,89454.0,19.5,11.0,-0.24,-1.22,20.59
603966,法兰泰克,9.09,8.92,9.0,95746.0,9.11,74.0,0.17,1.91,9.17
603967,中创物流,11.96,11.76,11.77,18956.0,12.0,105.0,0.2,1.7,12.0
603968,醋化股份,10.8,10.3,10.28,77503.0,10.84,53.0,0.5,4.85,11.28
603969,银龙股份,7.73,7.62,7.76,97566.0,7.75,458.0,0.11,1.44,7.98
603970,XD中农立,10.76,10.64,10.75,16336.0,10.78,60.0,0.12,1.13,10.85
603976,正川股份,27.5,25.0,24.76,117617.0,0.0,0.0,2.5,10.0,27.5
603977,国泰集团,12.75,12.83,12.8,137357.0,12.78,42.0,-0.08,-0.62,13.23
603978,深圳新星,26.02,24.64,25.0,173886.0,26.04,4.0,1.38,5.6,27.1
603979,金诚信,70.71,68.11,69.88,89505.0,70.82,1.0,2.6,3.82,73.2
603980,吉华集团,5.65,5.39,5.43,211587.0,5.68,983.0,0.26,4.82,5.85
603982,泉峰汽车,6.32,6.3,6.33,46884.0,6.35,254.0,0.02,0.32,6.41
603983,丸美生物,22.23,21.37,21.3,20876.0,22.26,22.0,0.86,4.02,22.61
603985,恒润股份,23.73,23.26,23.65,151855.0,23.77,4.0,0.47,2.02,24.3
603986,兆易创新,483.34,483.5,508.0,353036.0,483.36,2.0,-0.16,-0.03,510.0
603987,康德莱,7.27,7.19,7.22,33349.0,7.3,1214.0,0.08,1.11,7.3
603988,中电电机,19.23,19.14,19.18,45105.0,19.25,2.0,0.09,0.47,19.83
603989,艾华集团,28.88,30.59,31.18,185498.0,28.9,59.0,-1.71,-5.59,31.37
603990,麦迪科技,22.04,20.04,20.24,158487.0,0.0,0.0,2.0,9.98,22.04
603991,领先股份,123.33,120.21,123.93,51407.0,123.39,2.0,3.12,2.6,125.5
603992,松霖科技,32.64,31.91,31.9,82399.0,32.66,15.0,0.73,2.29,33.51
603993,洛阳钼业,19.11,17.37,18.36,4381931.0,0.0,0.0,1.74,10.02,19.11
603995,甬金股份,19.69,19.03,19.03,90804.0,19.72,21.0,0.66,3.47,19.95
603997,继峰股份,13.78,13.83,14.11,108370.0,13.8,43.0,-0.05,-0.36,14.12
603998,方盛制药,9.79,9.67,9.68,43941.0,9.82,309.0,0.12,1.24,9.83
603999,读者传媒,5.52,5.43,5.46,61307.0,5.54,71.0,0.09,1.66,5.58
000001,平安银行,11.23,10.94,11.0,1741373.0,11.25,28713.0,0.29,2.65,11.23
000002,万  科Ａ,3.15,3.12,3.14,1245569.0,3.18,26392.0,0.03,0.96,3.19
000006,深振业Ａ,7.85,7.85,7.85,205661.0,7.87,290.0,0.0,0.0,8.03
000007,全新好,14.07,13.93,14.19,93281.0,14.09,23.0,0.14,1.01,14.34
000008,神州高铁,2.43,2.4,2.41,222836.0,2.46,12178.0,0.03,1.25,2.46
000009,中国宝安,7.0,6.85,6.92,305290.0,7.03,901.0,0.15,2.19,7.11
000011,深物业A,7.47,7.19,7.24,54659.0,7.5,369.0,0.28,3.89,7.72
000012,南  玻Ａ,4.0,4.08,4.11,509892.0,4.03,1099.0,-0.08,-1.96,4.15
000014,沙河股份,10.33,10.15,10.19,32535.0,10.35,54.0,0.18,1.77,10.41
000017,深中华A,5.14,5.02,5.06,82193.0,5.17,367.0,0.12,2.39,5.21
000019,深粮控股,6.65,6.55,6.53,135064.0,6.67,165.0,0.1,1.53,6.79
000020,深华发Ａ,11.73,11.69,11.75,23402.0,11.76,77.0,0.04,0.34,11.94
000021,深科技,37.88,39.08,40.42,1200880.0,37.91,67.0,-1.2,-3.07,40.55
000025,特  力Ａ,15.25,15.27,15.31,64369.0,15.26,3.0,-0.02,-0.13,15.42
000026,飞亚达,20.45,20.97,21.2,88643.0,20.48,1.0,-0.52,-2.48,21.58
000027,深圳能源,7.18,7.1,7.15,388781.0,7.21,257.0,0.08,1.13,7.29
000028,国药一致,22.56,22.31,22.33,16781.0,22.58,37.0,0.25,1.12,22.62
000029,深深房Ａ,25.24,25.46,25.43,77001.0,25.26,162.0,-0.22,-0.86,26.09
000030,富奥股份,4.36,4.29,4.32,108843.0,4.38,3072.0,0.07,1.63,4.39
000031,大悦城,2.51,2.47,2.49,327727.0,2.53,2985.0,0.04,1.62,2.56
000032,深桑达Ａ,18.89,17.2,17.4,970602.0,18.92,4391.0,1.69,9.83,18.92
000034,神州数码,22.37,22.15,22.65,219821.0,22.4,165.0,0.22,0.99,22.86
000035,中国天楹,4.99,5.0,5.02,287737.0,5.01,370.0,-0.01,-0.2,5.08
000036,华联控股,5.11,4.96,5.03,269301.0,5.14,771.0,0.15,3.02,5.18
000037,深南电A,11.3,11.54,11.6,358540.0,11.32,92.0,-0.24,-2.08,11.67
000039,中集集团,8.96,9.26,9.29,554646.0,8.98,69.0,-0.3,-3.24,9.38
000042,中洲控股,8.98,8.95,8.96,59646.0,9.0,80.0,0.03,0.34,9.06
000045,深纺织Ａ,10.67,10.6,10.74,46762.0,10.69,6.0,0.07,0.66,10.85
000048,京基智农,19.37,19.61,19.39,719530.0,19.4,473.0,-0.24,-1.22,21.18
000049,德赛电池,22.85,22.41,22.63,61725.0,22.87,21.0,0.44,1.96,23.05
000050,深天马Ａ,7.5,7.66,7.87,504722.0,7.53,70.0,-0.16,-2.09,8.08
000055,方大集团,3.81,3.7,3.74,231722.0,3.83,1298.0,0.11,2.97,3.84
000058,深 赛 格,6.88,6.73,6.72,52828.0,6.9,106.0,0.15,2.23,6.95
000059,华锦股份,4.27,4.23,4.23,197806.0,4.29,2500.0,0.04,0.95,4.33
000060,中金岭南,7.59,7.17,7.34,2975871.0,7.62,5464.0,0.42,5.86,7.82
000061,农 产 品,6.07,5.87,5.91,168227.0,6.09,1020.0,0.2,3.41,6.15
000062,深圳华强,28.93,29.99,30.6,387060.0,28.97,15.0,-1.06,-3.53,31.0
000063,中兴通讯,36.5,37.81,38.6,2348711.0,36.52,270.0,-1.31,-3.46,38.7
000065,北方国际,11.58,10.93,11.31,278887.0,11.61,73.0,0.65,5.95,11.98
000066,中国长城,15.62,15.69,15.98,943859.0,15.64,170.0,-0.07,-0.45,16.15
000068,华控赛格,3.45,3.46,3.48,376632.0,3.47,859.0,-0.01,-0.29,3.52
000069,华侨城Ａ,1.87,1.85,1.85,444922.0,1.89,29605.0,0.02,1.08,1.89
000070,特发信息,17.08,17.67,18.1,710710.0,17.1,465.0,-0.59,-3.34,18.24
000088,盐 田 港,4.33,4.22,4.23,247629.0,4.35,6523.0,0.11,2.61,4.33
000089,深圳机场,6.5,6.33,6.37,85781.0,6.52,1577.0,0.17,2.69,6.52
000090,天健集团,3.65,3.55,3.54,466686.0,3.67,2076.0,0.1,2.82,3.76
000096,广聚能源,7.87,7.78,7.8,56078.0,7.9,458.0,0.09,1.16,7.94
000099,中信海直,17.41,15.83,15.94,235422.0,0.0,0.0,1.58,9.98,17.41
000100,TCL科技,4.55,4.51,4.59,10314916.0,4.58,21813.0,0.04,0.89,4.65
000151,中成股份,13.94,12.67,12.85,118681.0,0.0,0.0,1.27,10.02,13.94
000153,丰原药业,5.5,5.41,5.42,63065.0,5.52,150.0,0.09,1.66,5.56
000155,川能动力,13.37,13.05,13.23,356093.0,13.4,471.0,0.32,2.45,13.58
000156,华数传媒,6.45,6.33,6.41,83174.0,6.47,221.0,0.12,1.9,6.5
000157,中联重科,7.36,7.29,7.36,591701.0,7.39,1251.0,0.07,0.96,7.48
000158,常山北明,15.56,14.92,15.06,486209.0,15.58,264.0,0.64,4.29,15.78
000159,国际实业,5.97,6.05,6.07,139361.0,5.99,480.0,-0.08,-1.32,6.19
000166,申万宏源,4.53,4.42,4.43,1298119.0,4.56,12786.0,0.11,2.49,4.54
000301,东方盛虹,11.87,11.61,11.52,194082.0,11.9,378.0,0.26,2.24,12.1
000333,美的集团,82.95,85.35,84.5,344654.0,83.01,33.0,-2.4,-2.81,84.66
000338,潍柴动力,28.03,27.57,28.94,1079303.0,28.06,59.0,0.46,1.67,29.08
000400,许继电气,22.17,21.61,21.89,176116.0,22.2,970.0,0.56,2.59,22.38
000401,金隅冀东,3.84,3.8,3.81,87651.0,3.87,2225.0,0.04,1.05,3.87
000402,金 融 街,2.76,2.75,2.78,424376.0,2.79,6368.0,0.01,0.36,2.81
000403,派林生物,11.83,11.65,11.65,94221.0,11.85,142.0,0.18,1.55,12.22
000404,长虹华意,7.87,7.76,7.82,233591.0,7.9,430.0,0.11,1.42,7.98
000407,胜利股份,4.06,4.02,4.01,118612.0,4.08,4079.0,0.04,1.0,4.09
000408,藏格矿业,79.79,76.01,78.0,168525.0,79.81,1.0,3.78,4.97,81.15
000409,云鼎科技,8.94,8.81,9.0,42380.0,8.96,143.0,0.13,1.48,9.01
000410,沈阳机床,5.19,5.14,5.2,217737.0,5.21,452.0,0.05,0.97,5.3
000411,英特集团,9.38,9.22,9.25,77173.0,9.41,9.0,0.16,1.74,9.63
000415,渤海租赁,4.1,3.93,3.99,870112.0,4.13,5342.0,0.17,4.33,4.19
000417,合百集团,7.2,7.03,7.1,395359.0,7.22,453.0,0.17,2.42,7.25
000419,通程控股,4.93,4.87,4.89,43800.0,4.96,216.0,0.06,1.23,4.95
000420,吉林化纤,4.23,4.11,4.18,694531.0,4.26,3181.0,0.12,2.92,4.3
000421,南京公用,5.52,5.42,5.42,59006.0,5.54,291.0,0.1,1.85,5.57
000422,湖北宜化,13.65,14.06,13.52,509013.0,13.67,327.0,-0.41,-2.92,13.92
000423,东阿阿胶,50.25,50.03,50.01,48845.0,50.29,11.0,0.22,0.44,50.44
000425,徐工机械,9.19,8.85,8.96,1807790.0,9.22,2423.0,0.34,3.84,9.29
000426,兴业银锡,37.98,36.05,37.5,763280.0,38.0,312.0,1.93,5.35,39.06
000428,华天酒店,3.33,3.28,3.32,87635.0,3.35,455.0,0.05,1.52,3.37
000429,粤高速Ａ,12.86,13.3,13.31,121718.0,12.88,90.0,-0.44,-3.31,13.35
000430,张家界,7.96,7.58,7.69,137425.0,7.98,138.0,0.38,5.01,8.0
000498,山东路桥,5.06,5.02,5.03,69100.0,5.08,3363.0,0.04,0.8,5.08
000501,武商集团,7.26,7.1,7.14,54955.0,7.28,270.0,0.16,2.25,7.32
000503,国新健康,6.97,6.95,6.95,86695.0,6.99,164.0,0.02,0.29,7.03
000504,南华生物,8.64,8.47,8.9,120256.0,8.68,184.0,0.17,2.01,9.04
000505,京粮控股,5.6,5.55,5.54,82153.0,5.64,407.0,0.05,0.9,5.67
000506,招金黄金,13.73,12.48,12.8,358043.0,0.0,0.0,1.25,10.02,13.73
000507,珠海港,4.82,4.74,4.76,56005.0,4.85,1745.0,0.08,1.69,4.85
000509,华塑控股,4.07,4.1,4.11,872808.0,4.1,1098.0,-0.03,-0.73,4.31
000510,新金路,19.37,17.61,18.21,672718.0,0.0,0.0,1.76,9.99,19.37
000513,丽珠集团,31.82,31.38,31.37,64953.0,31.85,175.0,0.44,1.4,31.92
000514,渝 开 发,4.24,4.18,4.19,88962.0,4.26,969.0,0.06,1.44,4.29
000516,国际医学,3.93,3.86,3.91,166824.0,3.95,8310.0,0.07,1.81,3.95
000517,荣安地产,1.9,1.91,1.91,710420.0,1.93,8604.0,-0.01,-0.52,1.94
000518,四环生物,3.15,3.1,3.17,275295.0,3.17,7342.0,0.05,1.61,3.18
000519,中兵红箭,19.17,18.74,18.99,718774.0,19.2,252.0,0.43,2.29,19.77
000520,凤凰航运,4.13,4.19,4.18,335962.0,4.16,593.0,-0.06,-1.43,4.3
000521,长虹美菱,5.91,5.83,5.86,294657.0,5.93,933.0,0.08,1.37,6.05
000523,红棉股份,2.92,2.88,2.9,181273.0,2.95,4173.0,0.04,1.39,2.97
000524,岭南控股,9.1,8.83,8.87,79036.0,9.12,116.0,0.27,3.06,9.17
000525,红太阳,4.45,4.44,4.44,164837.0,4.48,3901.0,0.01,0.23,4.5
000526,学大教育,26.1,25.84,26.09,17683.0,26.14,14.0,0.26,1.01,26.38
000528,柳    工,8.42,8.21,8.27,297555.0,8.44,941.0,0.21,2.56,8.48
000529,广弘控股,4.83,4.8,4.82,26755.0,4.86,330.0,0.03,0.63,4.87
000530,冰山冷热,5.53,5.78,5.74,438474.0,5.56,1900.0,-0.25,-4.33,5.79
000531,穗恒运Ａ,6.74,6.72,6.72,131247.0,6.77,160.0,0.02,0.3,6.86
000532,华金资本,11.58,11.53,11.63,68475.0,11.61,40.0,0.05,0.43,11.86
000533,顺钠股份,10.69,10.53,10.7,181877.0,10.72,105.0,0.16,1.52,10.86
000534,万泽股份,30.07,29.42,30.0,243826.0,30.09,73.0,0.65,2.21,31.82
000536,华映科技,3.52,3.5,3.54,487899.0,3.54,7249.0,0.02,0.57,3.62
000537,绿发电力,8.6,8.54,8.59,303778.0,8.63,223.0,0.06,0.7,8.74
000538,云南白药,50.6,50.55,50.52,110428.0,50.68,9.0,0.05,0.1,51.28
000539,粤电力Ａ,7.39,7.55,7.57,1132510.0,7.41,708.0,-0.16,-2.12,7.67
000541,佛山照明,4.78,4.71,4.72,61314.0,4.81,653.0,0.07,1.49,4.82
000543,皖能电力,8.71,8.63,8.71,459191.0,8.74,926.0,0.08,0.93,8.9
000544,中原环保,7.81,7.65,7.68,42889.0,7.83,453.0,0.16,2.09,7.85
000545,金浦钛业,2.37,2.32,2.33,413749.0,2.39,4574.0,0.05,2.16,2.44
000546,金圆股份,5.24,5.14,5.23,264291.0,5.27,453.0,0.1,1.95,5.37
000547,航天发展,20.65,18.77,19.03,878841.0,0.0,0.0,1.88,10.02,20.65
000548,湖南投资,4.52,4.51,4.51,53515.0,4.54,362.0,0.01,0.22,4.56
000550,江铃汽车,17.46,16.58,16.61,61488.0,17.48,221.0,0.88,5.31,17.56
000551,创元科技,14.71,14.99,15.33,161513.0,14.73,117.0,-0.28,-1.87,15.5
000552,甘肃能化,2.64,2.55,2.55,874077.0,2.66,6965.0,0.09,3.53,2.71
000553,安道麦A,6.03,5.89,5.89,83288.0,6.06,258.0,0.14,2.38,6.14
000554,泰山石油,6.49,6.49,6.43,176431.0,6.51,379.0,0.0,0.0,6.59
000555,神州信息,11.07,10.79,11.0,194900.0,11.09,362.0,0.28,2.59,11.29
000557,西部创业,3.97,3.93,3.96,78213.0,3.99,2084.0,0.04,1.02,3.99
000558,天府文旅,3.96,3.91,3.95,753784.0,3.99,3385.0,0.05,1.28,4.03
000559,万向钱潮,13.44,13.21,13.48,410458.0,13.47,191.0,0.23,1.74,13.76
000560,我爱我家,2.34,2.28,2.29,584900.0,2.36,31804.0,0.06,2.63,2.36
000561,烽火电子,7.94,7.73,7.81,144961.0,7.96,1101.0,0.21,2.72,8.13
000563,陕国投Ａ,2.92,2.84,2.85,524314.0,2.94,20895.0,0.08,2.82,2.93
000564,供销大集,1.46,1.44,1.46,2227825.0,1.48,174441.0,0.02,1.39,1.48
000565,渝三峡Ａ,6.47,6.44,6.5,76551.0,6.49,68.0,0.03,0.47,6.52
000566,海南海药,3.88,3.79,3.82,211363.0,3.9,7488.0,0.09,2.37,3.9
000567,海德股份,5.67,5.5,5.56,176387.0,5.7,690.0,0.17,3.09,5.77
000568,泸州老窖,85.47,85.48,85.04,111433.0,85.5,14.0,-0.01,-0.01,86.56
000570,苏常柴Ａ,5.19,5.11,5.13,116368.0,5.22,584.0,0.08,1.57,5.26
000571,新大洲A,5.22,5.34,5.43,135736.0,5.25,18.0,-0.12,-2.25,5.44
000572,海马汽车,4.19,4.12,4.2,348055.0,4.21,1754.0,0.07,1.7,4.25
000573,粤宏远Ａ,4.13,4.17,4.18,148920.0,4.16,378.0,-0.04,-0.96,4.22
000576,甘化科工,7.23,7.06,7.14,84995.0,7.26,204.0,0.17,2.41,7.4
000581,威孚高科,17.74,17.49,17.61,62171.0,17.77,143.0,0.25,1.43,17.88
000582,北部湾港,11.24,11.21,11.39,359619.0,11.26,417.0,0.03,0.27,11.56
000586,汇源通信,14.43,14.59,14.9,61199.0,14.46,11.0,-0.16,-1.1,14.9
000589,贵州轮胎,4.56,4.46,4.47,235942.0,4.59,6235.0,0.1,2.24,4.59
000590,古汉医药,9.27,9.31,9.38,20161.0,9.3,162.0,-0.04,-0.43,9.41
000591,太阳能,5.07,5.0,5.04,651703.0,5.09,4329.0,0.07,1.4,5.12
000592,平潭发展,7.62,7.4,7.5,1281194.0,7.64,1605.0,0.22,2.97,7.75
000593,德龙汇能,20.62,20.63,20.42,144264.0,20.65,14.0,-0.01,-0.05,21.5
000596,古井贡酒,87.5,87.17,86.71,19290.0,87.53,3.0,0.33,0.38,88.5
000597,东北制药,4.64,4.48,4.5,176345.0,4.67,464.0,0.16,3.57,4.73
000598,兴蓉环境,7.01,6.91,6.95,213096.0,7.04,1363.0,0.1,1.45,7.06
000599,青岛双星,4.81,4.8,4.85,106793.0,4.84,247.0,0.01,0.21,4.88
000600,建投能源,10.28,10.07,10.19,405791.0,10.31,303.0,0.21,2.09,10.42
000601,韶能股份,6.76,6.9,6.99,577117.0,6.79,229.0,-0.14,-2.03,7.04
000603,盛达资源,29.24,27.9,28.72,207490.0,29.27,246.0,1.34,4.8,29.88
000605,渤海股份,6.09,6.01,6.05,33372.0,6.12,258.0,0.08,1.33,6.16
000607,华媒控股,3.46,3.4,3.44,93475.0,3.48,879.0,0.06,1.76,3.5
000608,阳光股份,6.54,6.25,5.98,726318.0,6.56,954.0,0.29,4.64,6.6
000612,焦作万方,11.52,10.58,10.75,666792.0,11.54,66.0,0.94,8.88,11.64
000617,中油资本,7.27,7.12,7.15,807954.0,7.29,3189.0,0.15,2.11,7.32
000619,海螺新材,5.16,5.11,5.23,43933.0,5.18,116.0,0.05,0.98,5.23
000620,盈新发展,2.9,2.99,3.05,2421087.0,2.93,7004.0,-0.09,-3.01,3.09
000623,吉林敖东,17.34,16.72,16.79,150466.0,17.36,417.0,0.62,3.71,17.49
000625,长安汽车,7.53,7.44,7.46,790846.0,7.55,3007.0,0.09,1.21,7.61
000626,远大控股,7.32,7.16,7.16,106470.0,7.34,43.0,0.16,2.23,7.42
000628,高新发展,55.82,57.47,58.0,95997.0,55.84,15.0,-1.65,-2.87,58.37
000629,钒钛股份,3.11,3.08,3.16,1762321.0,3.13,4072.0,0.03,0.97,3.2
000630,铜陵有色,7.1,6.45,6.6,5980342.0,0.0,0.0,0.65,10.08,7.1
000631,顺发恒能,3.35,3.34,3.64,655494.0,3.37,7490.0,0.01,0.3,3.64
000633,合金投资,5.38,5.28,5.33,80177.0,5.4,263.0,0.1,1.89,5.45
000635,英 力 特,6.88,7.15,7.08,144308.0,6.91,48.0,-0.27,-3.78,7.2
000636,风华高科,59.49,64.3,66.5,1919164.0,59.49,15.0,-4.81,-7.48,66.5
000637,茂化实华,4.03,4.02,4.02,79830.0,4.05,488.0,0.01,0.25,4.09
000650,仁和药业,5.26,5.13,5.16,115127.0,5.28,2653.0,0.13,2.53,5.28
000651,格力电器,38.55,38.5,38.35,376582.0,38.57,189.0,0.05,0.13,38.63
000652,泰达股份,3.56,3.48,3.5,116186.0,3.58,3338.0,0.08,2.3,3.59
000655,金岭矿业,7.16,6.95,7.07,83413.0,7.18,90.0,0.21,3.02,7.3
000657,中钨高新,82.77,77.95,80.31,1342882.0,82.8,257.0,4.82,6.18,84.32
000659,珠海中富,3.55,3.52,3.52,249213.0,3.58,443.0,0.03,0.85,3.78
000661,长春高新,65.39,64.32,64.66,110467.0,65.43,54.0,1.07,1.66,65.85
000663,永安林业,5.69,5.6,5.7,53653.0,5.72,40.0,0.09,1.61,5.76
000665,湖北广电,4.07,4.09,4.1,108432.0,4.1,2496.0,-0.02,-0.49,4.14
000668,荣丰控股,20.58,20.49,20.53,25719.0,20.65,156.0,0.09,0.44,20.85
000670,盈方微,8.63,9.42,9.62,1193483.0,8.66,696.0,-0.79,-8.39,9.75
000672,上峰材料,16.23,16.14,16.45,122070.0,16.26,58.0,0.09,0.56,16.73
000676,智度股份,5.55,5.47,5.51,208514.0,5.58,1240.0,0.08,1.46,5.62
000678,襄阳轴承,9.84,10.24,10.17,176446.0,9.87,140.0,-0.4,-3.91,10.29
000679,大连友谊,6.14,5.98,6.0,54650.0,6.17,164.0,0.16,2.68,6.19
000680,山推股份,10.48,10.15,10.23,264675.0,10.51,275.0,0.33,3.25,10.75
000681,视觉中国,21.49,21.56,21.59,698876.0,21.52,54.0,-0.07,-0.32,22.77
000682,东方电子,12.19,11.84,12.01,200326.0,12.22,367.0,0.35,2.96,12.33
000683,博源化工,6.99,6.69,6.69,526874.0,7.01,187.0,0.3,4.48,7.16
000685,中山公用,10.59,10.25,10.3,194811.0,10.61,217.0,0.34,3.32,10.69
000686,东北证券,7.8,7.4,7.45,355242.0,7.82,3786.0,0.4,5.41,7.83
000688,国城矿业,47.76,45.32,46.0,454179.0,47.8,4.0,2.44,5.38,49.5
000690,宝新能源,5.2,5.13,5.16,975756.0,5.22,854.0,0.07,1.36,5.4
000691,亚太实业,9.94,9.93,10.05,170758.0,9.96,115.0,0.01,0.1,10.4
000692,惠天热电,4.49,4.51,4.56,136623.0,4.52,132.0,-0.02,-0.44,4.58
000695,滨海能源,12.94,12.68,12.76,77877.0,12.96,7.0,0.26,2.05,13.26
000697,炼石航空,10.69,10.93,10.91,175821.0,10.71,94.0,-0.24,-2.2,11.34
000700,模塑科技,14.44,14.67,14.8,649503.0,14.47,99.0,-0.23,-1.57,14.95
000701,厦门信达,5.04,5.05,5.08,111633.0,5.06,318.0,-0.01,-0.2,5.16
000702,正虹科技,5.61,5.6,5.62,41960.0,5.64,11.0,0.01,0.18,5.71
000703,恒逸石化,13.16,12.43,12.65,586823.0,13.18,174.0,0.73,5.87,13.46
000705,浙江震元,6.66,6.6,6.64,45940.0,6.68,154.0,0.06,0.91,6.73
000707,双环科技,4.69,4.63,4.65,82011.0,4.71,2007.0,0.06,1.3,4.77
000708,中信特钢,13.98,13.83,13.93,230181.0,14.0,99.0,0.15,1.08,14.16
000709,河钢股份,2.12,2.08,2.08,928537.0,2.15,61784.0,0.04,1.92,2.14
000710,贝瑞基因,8.05,7.93,8.01,50876.0,8.07,105.0,0.12,1.51,8.14
000712,锦龙股份,8.73,8.49,8.58,280172.0,8.75,1085.0,0.24,2.83,8.8
000713,国投丰乐,5.97,5.93,5.95,42373.0,6.0,1543.0,0.04,0.67,6.01
000715,中兴商业,4.84,4.76,4.77,58787.0,4.86,450.0,0.08,1.68,4.88
000716,黑芝麻,4.65,4.6,4.62,156214.0,4.68,691.0,0.05,1.09,4.73
000717,中南股份,2.17,2.09,2.09,233255.0,2.19,9777.0,0.08,3.83,2.2
000718,苏宁环球,2.0,1.99,2.0,610326.0,2.02,9038.0,0.01,0.5,2.03
000719,中原传媒,12.32,12.32,12.37,100146.0,12.35,116.0,0.0,0.0,12.37
000720,新能泰山,4.16,4.22,4.27,447929.0,4.19,395.0,-0.06,-1.42,4.32
000721,西安饮食,6.11,5.93,5.98,91427.0,6.13,263.0,0.18,3.04,6.16
000722,湖南发展,14.81,14.27,14.44,216002.0,14.83,256.0,0.54,3.78,14.95
000723,美锦能源,4.06,3.92,3.92,650860.0,4.08,2973.0,0.14,3.57,4.13
000725,京东方Ａ,5.63,5.83,5.95,23521817.0,5.66,27204.0,-0.2,-3.43,6.01
000726,鲁  泰Ａ,5.9,5.8,5.83,32631.0,5.93,652.0,0.1,1.72,5.93
000727,冠捷科技,2.55,2.57,2.63,2080390.0,2.58,14488.0,-0.02,-0.78,2.68
000728,国元证券,6.96,6.74,6.77,404658.0,6.99,3026.0,0.22,3.26,7.0
000729,燕京啤酒,11.67,11.46,11.35,314320.0,11.69,491.0,0.21,1.83,11.77
000731,四川美丰,5.88,5.88,5.87,70605.0,5.9,515.0,0.0,0.0,5.97
000733,振华科技,47.8,49.75,51.0,357020.0,47.82,27.0,-1.95,-3.92,51.5
000735,罗 牛 山,5.2,5.06,5.12,360799.0,5.23,656.0,0.14,2.77,5.29
000736,中交地产,4.24,4.16,4.18,191924.0,4.27,598.0,0.08,1.92,4.38
000737,北方铜业,14.08,12.8,13.09,983174.0,0.0,0.0,1.28,10.0,14.08
000738,航发控制,19.37,18.18,18.45,394209.0,19.4,189.0,1.19,6.55,19.95
000739,普洛药业,16.13,15.41,15.62,76090.0,16.15,99.0,0.72,4.67,16.29
000750,国海证券,3.58,3.44,3.46,628803.0,3.6,17734.0,0.14,4.07,3.6
000751,锌业股份,5.09,4.63,4.8,811700.0,0.0,0.0,0.46,9.94,5.09
000753,漳州发展,5.06,4.93,5.0,165088.0,5.08,2820.0,0.13,2.64,5.11
000755,山西高速,4.66,4.6,4.62,47665.0,4.69,1400.0,0.06,1.3,4.7
000756,新华制药,12.39,12.19,12.31,35139.0,12.42,285.0,0.2,1.64,12.47
000757,浩物股份,3.88,3.85,3.88,103182.0,3.9,1193.0,0.03,0.78,3.95
000758,中色股份,6.96,6.33,6.65,704886.0,0.0,0.0,0.63,9.95,6.96
000759,中百集团,5.83,5.3,5.29,943183.0,0.0,0.0,0.53,10.0,5.83
000761,本钢板材,2.46,2.38,2.38,154333.0,2.48,5031.0,0.08,3.36,2.48
000762,西藏矿业,30.45,29.38,29.37,390013.0,30.47,52.0,1.07,3.64,31.35
000766,通化金马,25.28,25.29,25.29,120934.0,25.31,301.0,-0.01,-0.04,25.35
000767,晋控电力,4.66,4.63,4.63,1771580.0,4.68,10322.0,0.03,0.65,4.75
000768,中航西飞,22.86,20.78,22.86,263679.0,0.0,0.0,2.08,10.01,22.86
000776,广发证券,20.05,19.15,19.15,1070696.0,20.08,568.0,0.9,4.7,20.27
000777,中核科技,16.44,16.0,16.15,71819.0,16.46,9.0,0.44,2.75,16.71
000778,新兴铸管,4.09,4.0,4.03,380276.0,4.11,11103.0,0.09,2.25,4.11
000779,甘咨询,7.68,7.64,7.66,80114.0,7.7,97.0,0.04,0.52,7.94
000782,恒申新材,7.42,7.44,7.52,170437.0,7.45,129.0,-0.02,-0.27,7.66
000783,长江证券,7.72,7.38,7.4,1160509.0,7.74,3432.0,0.34,4.61,7.75
000785,居然智家,2.29,2.26,2.27,816723.0,2.31,17793.0,0.03,1.33,2.33
000786,北新建材,20.62,20.37,20.5,293321.0,20.64,38.0,0.25,1.23,21.09
000788,北大医药,5.21,5.07,5.11,118388.0,5.23,2476.0,0.14,2.76,5.24
000789,万年青,4.27,4.17,4.2,32793.0,4.29,607.0,0.1,2.4,4.3
000790,华神科技,3.78,3.6,3.61,188719.0,3.8,1174.0,0.18,5.0,3.79
000791,甘肃能源,8.34,8.24,8.3,328585.0,8.37,621.0,0.1,1.21,8.48
000792,盐湖股份,31.85,30.41,30.57,1372335.0,31.88,500.0,1.44,4.74,32.25
000795,英洛华,9.31,9.14,9.21,320190.0,9.33,382.0,0.17,1.86,9.45
000796,凯撒旅业,4.4,4.32,4.33,337865.0,4.43,9565.0,0.08,1.85,4.44
000797,中国武夷,2.45,2.42,2.42,217877.0,2.47,2625.0,0.03,1.24,2.49
000798,中水渔业,7.82,7.71,7.78,57234.0,7.85,12.0,0.11,1.43,7.93
000799,酒鬼酒,37.8,37.69,37.53,91127.0,37.85,22.0,0.11,0.29,38.49
000800,一汽解放,6.14,6.02,6.0,295617.0,6.16,1209.0,0.12,1.99,6.15
000801,四川九洲,12.38,11.89,12.1,271393.0,12.41,87.0,0.49,4.12,12.72
000802,北京文化,4.44,4.35,4.35,562326.0,4.47,507.0,0.09,2.07,4.65
000803,山高环能,7.39,7.3,7.33,93172.0,7.42,70.0,0.09,1.23,7.53
000807,云铝股份,28.35,27.23,27.7,751220.0,28.38,100.0,1.12,4.11,28.8
000809,和展能源,4.22,3.89,3.89,602014.0,4.24,2576.0,0.33,8.48,4.23
000810,创维数字,10.05,10.04,10.19,121849.0,10.08,14.0,0.01,0.1,10.28
000811,冰轮环境,31.0,31.4,32.5,240009.0,31.03,54.0,-0.4,-1.27,33.27
000812,陕西金叶,3.51,3.46,3.47,98589.0,3.53,1905.0,0.05,1.45,3.54
000813,德展健康,3.07,3.05,3.06,219123.0,3.1,5473.0,0.02,0.66,3.13
000815,美利云,15.38,15.66,15.89,442547.0,15.4,101.0,-0.28,-1.79,15.98
000816,智慧农业,2.54,2.47,2.51,282951.0,2.56,5134.0,0.07,2.83,2.58
000818,航锦科技,12.28,12.41,12.5,220012.0,12.31,112.0,-0.13,-1.05,12.59
000819,岳阳兴长,13.55,13.29,13.35,39537.0,13.59,97.0,0.26,1.96,13.85
000822,山东海化,4.59,4.59,4.58,140020.0,4.62,833.0,0.0,0.0,4.68
000823,超声电子,18.45,19.1,19.3,1124585.0,18.47,37.0,-0.65,-3.4,20.33
000825,太钢不锈,3.75,3.62,3.65,378945.0,3.78,3346.0,0.13,3.59,3.82
000828,东莞控股,9.88,9.78,9.78,32132.0,9.91,91.0,0.1,1.02,9.94
000829,天音控股,8.84,8.85,8.87,170460.0,8.87,130.0,-0.01,-0.11,9.0
000830,鲁西化工,12.84,12.33,12.5,546545.0,12.86,13.0,0.51,4.14,13.29
000831,中国稀土,56.12,53.79,54.48,792952.0,56.14,35.0,2.33,4.33,59.17
000833,粤桂股份,24.13,26.68,24.98,799144.0,24.17,52.0,-2.55,-9.56,25.35
000837,秦川机床,12.16,12.26,12.36,365548.0,12.18,111.0,-0.1,-0.82,12.88
000839,国安股份,2.62,2.61,2.63,370926.0,2.64,9027.0,0.01,0.38,2.66
000848,承德露露,7.84,7.68,7.71,103731.0,7.88,141.0,0.16,2.08,7.89
000850,华茂股份,3.77,3.71,3.75,90111.0,3.81,979.0,0.06,1.62,3.82
000852,石化机械,5.66,5.53,5.55,116852.0,5.69,503.0,0.13,2.35,5.71
000856,冀东装备,8.19,8.12,8.3,41462.0,8.23,10.0,0.07,0.86,8.33
000858,五 粮 液,80.52,79.79,79.39,304178.0,80.53,28.0,0.73,0.91,80.92
000859,国风新材,10.94,11.51,11.55,798460.0,10.97,677.0,-0.57,-4.95,11.8
000860,顺鑫农业,10.44,10.27,10.32,66549.0,10.47,163.0,0.17,1.66,10.56
000862,银星能源,5.89,5.83,5.82,242785.0,5.92,644.0,0.06,1.03,5.97
000863,三湘印象,4.59,4.55,4.61,241881.0,4.61,403.0,0.04,0.88,4.77
000868,安凯客车,3.82,3.75,3.78,119270.0,3.84,1699.0,0.07,1.87,3.86
000869,张  裕Ａ,17.44,17.03,17.28,9570.0,17.46,39.0,0.41,2.41,17.54
000875,电投绿能,6.0,5.91,5.97,470019.0,6.02,3228.0,0.09,1.52,6.07
000876,新 希 望,6.51,6.61,6.62,763015.0,6.53,1098.0,-0.1,-1.51,6.64
000877,天山股份,4.11,4.02,4.06,118704.0,4.13,1314.0,0.09,2.24,4.15
000878,云南铜业,17.34,16.08,16.41,918566.0,17.37,481.0,1.26,7.84,17.69
000880,潍柴重机,24.48,24.0,24.42,130531.0,24.51,28.0,0.48,2.0,25.13
000881,中广核技,6.83,6.79,6.95,125318.0,6.85,288.0,0.04,0.59,7.03
000882,华联股份,1.43,1.4,1.41,628158.0,1.45,54764.0,0.03,2.14,1.45
000883,湖北能源,4.99,4.95,4.94,561256.0,5.02,4176.0,0.04,0.81,5.02
000885,城发环境,12.83,12.69,12.79,37941.0,12.86,29.0,0.14,1.1,12.91
000886,海南高速,4.36,4.26,4.33,178721.0,4.38,1659.0,0.1,2.35,4.39
000887,中鼎股份,20.52,20.85,21.01,533554.0,20.55,36.0,-0.33,-1.58,21.43
000888,峨眉山Ａ,9.77,9.56,9.62,80265.0,9.8,311.0,0.21,2.2,9.85
000889,中嘉博创,3.5,3.51,3.58,309291.0,3.53,1326.0,-0.01,-0.28,3.6
000890,法尔胜,9.64,9.83,9.96,281858.0,9.67,153.0,-0.19,-1.93,9.98
000892,欢瑞世纪,3.68,3.56,3.6,349118.0,3.7,3043.0,0.12,3.37,3.74
000893,亚钾国际,48.39,45.1,45.15,180369.0,48.41,1.0,3.29,7.29,48.95
000895,双汇发展,24.15,24.17,24.2,94197.0,24.17,6.0,-0.02,-0.08,24.4
000897,津滨发展,1.87,1.85,1.85,196404.0,1.9,17265.0,0.02,1.08,1.89
000898,鞍钢股份,2.02,1.96,1.97,425073.0,2.04,16273.0,0.06,3.06,2.03
000899,赣能股份,13.09,12.81,12.89,186125.0,13.11,228.0,0.28,2.19,13.14
000900,现代投资,3.66,3.61,3.62,84596.0,3.68,3841.0,0.05,1.39,3.68
000901,航天科技,18.33,17.68,17.99,271451.0,18.35,397.0,0.65,3.68,18.98
000902,新洋丰,12.41,12.13,12.39,135651.0,12.43,158.0,0.28,2.31,12.53
000905,厦门港务,8.63,8.36,8.45,90895.0,8.65,205.0,0.27,3.23,8.72
000906,浙商中拓,5.58,5.48,5.52,76786.0,5.6,218.0,0.1,1.82,5.62
000908,景峰医药,6.75,6.59,7.0,265172.0,6.77,112.0,0.16,2.43,7.19
000910,大亚圣象,5.89,5.81,5.85,25681.0,5.91,1511.0,0.08,1.38,5.94
000912,泸天化,3.71,3.71,3.67,343318.0,3.73,5831.0,0.0,0.0,3.76
000913,钱江摩托,11.33,11.12,11.13,27602.0,11.35,104.0,0.21,1.89,11.39
000915,华特达因,27.53,27.23,27.32,24080.0,27.59,24.0,0.3,1.1,27.78
000917,电广传媒,6.83,6.65,6.73,250384.0,6.85,709.0,0.18,2.71,6.9
000919,金陵药业,6.14,6.04,6.09,82188.0,6.17,1006.0,0.1,1.66,6.18
000920,沃顿科技,14.15,13.58,13.45,291960.0,14.17,43.0,0.57,4.2,14.38
000921,海信家电,29.16,29.3,31.16,422498.0,29.19,34.0,-0.14,-0.48,31.8
000922,佳电股份,12.49,12.03,12.21,221847.0,12.51,134.0,0.46,3.82,12.93
000923,河钢资源,14.48,13.92,14.3,168269.0,14.5,360.0,0.56,4.02,14.87
000925,众合科技,8.08,8.24,8.36,351909.0,8.11,189.0,-0.16,-1.94,8.5
000926,福星股份,2.17,2.18,2.2,314322.0,2.2,4158.0,-0.01,-0.46,2.22
000927,中国铁物,2.5,2.45,2.46,390973.0,2.53,7356.0,0.05,2.04,2.51
000928,中钢国际,5.68,5.44,5.55,154812.0,5.7,1567.0,0.24,4.41,5.73
000930,中粮科技,4.94,4.85,4.9,147015.0,4.96,2082.0,0.09,1.86,4.98
000931,中 关 村,4.07,3.99,3.99,51668.0,4.09,113.0,0.08,2.01,4.11
000932,华菱钢铁,3.85,3.76,3.78,1298099.0,3.87,11912.0,0.09,2.39,3.9
000933,神火股份,28.18,26.77,26.9,571694.0,28.21,159.0,1.41,5.27,28.47
000935,四川双马,26.14,26.3,26.35,102026.0,26.17,138.0,-0.16,-0.61,26.79
000936,华西股份,5.75,5.66,5.74,167101.0,5.78,395.0,0.09,1.59,5.84
000937,冀中能源,5.5,5.38,5.38,264235.0,5.52,895.0,0.12,2.23,5.57
000938,紫光股份,25.39,25.29,25.79,920040.0,25.42,108.0,0.1,0.4,25.86
000948,南天信息,12.53,12.39,12.46,38059.0,12.56,23.0,0.14,1.13,12.66
000949,新乡化纤,6.57,6.37,6.5,434119.0,6.6,4656.0,0.2,3.14,6.65
000950,重药控股,5.26,5.18,5.22,199501.0,5.28,1879.0,0.08,1.54,5.29
000951,中国重汽,21.88,21.95,22.19,96778.0,21.93,86.0,-0.07,-0.32,22.33
000952,广济药业,6.22,6.04,6.06,75170.0,6.24,1.0,0.18,2.98,6.42
000953,中哲精化,5.97,5.85,5.87,70743.0,5.99,165.0,0.12,2.05,6.05
000955,欣龙控股,4.07,3.99,4.0,95281.0,4.09,1386.0,0.08,2.01,4.09
000957,中通客车,10.51,10.23,10.21,137967.0,10.54,342.0,0.28,2.74,10.61
000958,电投产融,6.47,5.88,5.83,1405478.0,0.0,0.0,0.59,10.03,6.47
000959,首钢股份,3.27,3.19,3.22,777913.0,3.3,4089.0,0.08,2.51,3.34
000960,锡业股份,38.06,34.86,36.18,1245190.0,38.1,11.0,3.2,9.18,38.35
000962,东方钽业,57.04,57.92,57.92,358582.0,57.07,7.0,-0.88,-1.52,59.44
000963,华东医药,29.13,29.13,28.89,133103.0,29.17,61.0,0.0,0.0,29.46
000965,天保基建,3.34,3.28,3.29,115730.0,3.37,3587.0,0.06,1.83,3.37
000966,长源电力,4.72,4.71,4.68,894054.0,4.74,2573.0,0.01,0.21,4.8
000967,盈峰环境,9.81,9.84,9.9,820564.0,9.84,128.0,-0.03,-0.3,10.23
000968,蓝焰控股,7.11,7.07,6.86,272617.0,7.13,284.0,0.04,0.57,7.24
000969,安泰科技,24.46,22.24,23.21,363753.0,0.0,0.0,2.22,9.98,24.46
000970,中科三环,13.89,14.03,13.89,1056691.0,13.92,75.0,-0.14,-1.0,14.41
000973,佛塑科技,14.96,14.0,14.07,706949.0,14.99,361.0,0.96,6.86,15.25
000975,山金国际,21.21,20.52,21.0,505176.0,21.23,178.0,0.69,3.36,21.86
000977,浪潮信息,58.11,57.84,58.8,370708.0,58.14,47.0,0.27,0.47,59.23
000978,桂林旅游,5.96,5.86,5.96,112359.0,5.98,618.0,0.1,1.71,6.03
000980,众泰汽车,2.16,2.28,2.35,1706431.0,2.19,15350.0,-0.12,-5.26,2.46
000981,山子高科,3.2,3.14,3.19,1933215.0,3.23,39315.0,0.06,1.91,3.25
000983,山西焦煤,7.31,7.17,7.17,909217.0,7.33,132.0,0.14,1.95,7.46
000985,大庆华科,16.3,16.19,16.19,9039.0,16.35,7.0,0.11,0.68,16.48
000987,越秀资本,7.5,7.23,7.29,368027.0,7.52,2084.0,0.27,3.73,7.55
000988,华工科技,152.94,150.25,155.01,510577.0,152.97,57.0,2.69,1.79,155.58
000989,九芝堂,7.97,7.79,7.81,69119.0,7.99,2104.0,0.18,2.31,7.99
000990,诚志股份,8.94,8.86,8.81,305412.0,8.96,208.0,0.08,0.9,9.13
000993,闽东电力,11.82,11.5,11.67,153743.0,11.85,42.0,0.32,2.78,12.0
000995,皇台酒业,10.98,10.81,11.0,91774.0,11.01,18.0,0.17,1.57,11.19
000997,新 大 陆,17.82,17.33,17.49,161917.0,17.84,93.0,0.49,2.83,18.04
000998,隆平高科,8.23,8.09,8.1,143117.0,8.25,788.0,0.14,1.73,8.28
000999,华润三九,24.83,24.7,24.61,111046.0,24.85,437.0,0.13,0.53,24.86
001201,东瑞股份,11.18,11.04,11.15,19766.0,11.2,420.0,0.14,1.27,11.24
001202,炬申股份,14.32,14.21,14.44,9164.0,14.38,201.0,0.11,0.77,14.53
001203,大中矿业,43.04,41.09,41.0,356338.0,43.07,55.0,1.95,4.75,43.3
001205,盛航股份,13.85,13.76,13.85,30096.0,13.88,3.0,0.09,0.65,13.99
001206,依依股份,17.23,15.66,15.81,53217.0,0.0,0.0,1.57,10.03,17.23
001207,联科科技,17.38,17.16,17.39,29436.0,17.42,42.0,0.22,1.28,17.65
001208,华菱线缆,16.29,15.6,15.67,230353.0,16.32,130.0,0.69,4.42,17.08
001209,洪兴股份,18.88,18.61,18.8,16222.0,18.91,32.0,0.27,1.45,19.01
001210,金房能源,24.05,24.87,24.21,146015.0,24.08,193.0,-0.82,-3.3,26.26
001211,双枪科技,36.23,36.11,36.13,78299.0,36.26,1.0,0.12,0.33,38.76
001212,中旗新材,47.7,47.82,48.59,62187.0,47.72,3.0,-0.12,-0.25,49.3
001213,中铁特货,3.6,3.58,3.59,115493.0,3.64,2274.0,0.02,0.56,3.64
001215,千味央厨,43.06,41.75,41.75,64701.0,43.15,1.0,1.31,3.14,44.75
001216,华瓷股份,15.69,15.98,16.44,51550.0,15.78,1.0,-0.29,-1.81,16.79
001217,华尔泰,9.6,9.47,9.59,39214.0,9.63,16.0,0.13,1.37,9.74
001218,丽臣实业,25.2,24.7,24.82,16479.0,25.22,10.0,0.5,2.02,25.45
001219,青岛食品,12.87,12.88,12.95,15653.0,12.89,6.0,-0.01,-0.08,13.03
001220,世盟股份,30.9,30.4,30.64,9445.0,30.93,10.0,0.5,1.64,31.08
001221,悍高集团,44.32,42.21,42.66,15362.0,44.36,6.0,2.11,5.0,44.42
001222,源飞宠物,14.96,14.59,14.78,16181.0,15.0,37.0,0.37,2.54,15.18
001223,欧克科技,43.07,44.63,45.16,21505.0,43.18,1.0,-1.56,-3.5,46.24
001225,和泰机电,43.41,43.1,43.95,12636.0,43.63,2.0,0.31,0.72,46.43
001226,拓山重工,48.66,50.11,50.08,17099.0,48.77,33.0,-1.45,-2.89,51.45
001227,兰州银行,2.15,2.13,2.12,480822.0,2.17,24653.0,0.02,0.94,2.15
001228,永泰运,26.68,26.66,26.66,8527.0,26.76,2.0,0.02,0.08,27.18
001229,魅视科技,27.86,26.3,26.54,67266.0,27.89,7.0,1.56,5.93,28.93
001230,劲旅环境,25.27,24.68,24.7,26622.0,25.35,27.0,0.59,2.39,25.72
001231,农心科技,20.43,20.23,20.37,7060.0,20.48,7.0,0.2,0.99,20.67
001233,海安集团,51.08,46.7,47.0,30650.0,51.12,2.0,4.38,9.38,51.37
001234,泰慕士,22.54,22.38,22.48,11813.0,22.59,53.0,0.16,0.71,22.8
001236,弘业期货,7.59,7.33,7.35,110560.0,7.62,260.0,0.26,3.55,7.73
001237,惠康科技,60.88,60.89,61.53,31802.0,60.9,253.0,-0.01,-0.02,62.28
001238,浙江正特,30.55,29.75,29.95,9031.0,30.56,1.0,0.8,2.69,30.56
001239,永达股份,13.68,13.95,13.81,52591.0,13.72,3.0,-0.27,-1.94,14.14
001255,博菲电气,29.0,28.46,29.0,11151.0,29.05,46.0,0.54,1.9,29.6
001256,炜冈科技,23.85,23.23,23.28,63508.0,23.87,2.0,0.62,2.67,24.86
001257,盛龙股份,27.74,25.22,27.74,140089.0,0.0,0.0,2.52,9.99,27.74
001258,立新能源,7.87,7.82,7.92,232803.0,7.89,79.0,0.05,0.64,8.25
001259,利仁科技,68.59,68.14,68.35,19993.0,68.85,8.0,0.45,0.66,70.09
001260,坤泰股份,17.81,17.82,18.0,9277.0,17.94,10.0,-0.01,-0.06,18.2
001266,宏英智能,45.07,45.56,46.38,26295.0,45.13,11.0,-0.49,-1.08,46.75
001267,汇绿生态,49.13,49.05,50.25,237233.0,49.15,50.0,0.08,0.16,50.48
001268,联合精密,40.96,41.82,42.5,30951.0,40.99,8.0,-0.86,-2.06,43.35
001269,欧晶科技,27.01,28.32,28.81,96658.0,27.05,44.0,-1.31,-4.63,29.41
001270,铖昌科技,127.8,129.42,134.35,61901.0,127.9,30.0,-1.62,-1.25,134.49
001277,速达股份,30.26,30.34,30.35,8607.0,30.33,28.0,-0.08,-0.26,30.66
001278,一彬科技,16.86,16.78,16.94,25912.0,16.88,2.0,0.08,0.48,17.18
001279,强邦新材,26.23,25.63,26.04,6059.0,26.25,8.0,0.6,2.34,26.31
001280,中国铀业,73.48,70.03,70.8,182201.0,73.51,37.0,3.45,4.93,74.33
001282,三联锻造,16.96,16.74,17.14,12619.0,17.0,4.0,0.22,1.31,17.18
001283,豪鹏科技,47.25,46.94,47.44,40499.0,47.3,9.0,0.31,0.66,48.55
001285,瑞立科密,43.63,42.99,43.31,9758.0,43.71,9.0,0.64,1.49,44.11
001286,陕西能源,12.19,11.8,11.72,260289.0,12.21,185.0,0.39,3.31,12.24
001287,中电港,25.34,25.52,26.13,305620.0,25.36,113.0,-0.18,-0.71,26.9
001288,运机集团,24.17,24.28,24.5,22138.0,24.21,1.0,-0.11,-0.45,24.95
001289,龙源电力,17.67,17.8,17.82,73374.0,17.69,17.0,-0.13,-0.73,18.05
001296,长江材料,18.87,18.59,18.83,12858.0,18.92,84.0,0.28,1.51,19.03
001298,好上好,20.14,19.75,20.26,88080.0,20.16,57.0,0.39,1.97,21.28
001299,美能能源,11.24,10.22,10.38,91775.0,0.0,0.0,1.02,9.98,11.24
001300,三柏硕,15.3,15.71,15.69,46995.0,15.32,2.0,-0.41,-2.61,15.79
001301,尚太科技,89.26,83.18,83.5,54095.0,89.3,16.0,6.08,7.31,90.52
001306,夏厦精密,60.01,60.01,61.1,7500.0,60.05,4.0,0.0,0.0,62.29
001308,康冠科技,20.16,20.37,20.73,56323.0,20.19,2.0,-0.21,-1.03,21.73
001309,德明利,635.8,632.35,662.1,123110.0,635.89,7.0,3.45,0.55,664.0
001311,多利科技,18.28,18.4,18.58,39943.0,18.32,50.0,-0.12,-0.65,18.86
001312,福恩股份,19.4,19.05,19.2,24199.0,19.43,12.0,0.35,1.84,19.69
001313,粤海饲料,7.39,7.57,7.56,97509.0,7.42,73.0,-0.18,-2.38,7.65
001314,亿道信息,51.26,51.3,51.9,38399.0,51.3,1.0,-0.04,-0.08,53.71
001316,润贝航科,37.7,36.82,36.85,43336.0,37.73,2.0,0.88,2.39,38.96
001317,三羊马,48.05,52.29,51.02,91850.0,48.1,7.0,-4.24,-8.11,51.49
001318,阳光乳业,11.15,10.95,10.99,19331.0,11.17,50.0,0.2,1.83,11.24
001319,铭科精技,24.43,23.38,23.55,33297.0,24.45,12.0,1.05,4.49,24.75
001322,箭牌家居,6.53,6.36,6.36,102087.0,6.55,82.0,0.17,2.67,6.64
001323,慕思股份,18.73,18.4,18.42,7743.0,18.79,5.0,0.33,1.79,18.9
001324,长青科技,18.08,18.3,18.3,28019.0,18.11,7.0,-0.22,-1.2,18.48
001325,元创股份,38.98,37.63,38.05,10701.0,39.02,17.0,1.35,3.59,39.27
001326,联域股份,63.23,64.81,65.0,5946.0,63.23,7.0,-1.58,-2.44,65.57
001328,登康口腔,30.43,29.4,29.69,18727.0,30.49,1.0,1.03,3.5,30.7
001330,博纳影业,7.07,6.43,6.56,1359313.0,0.0,0.0,0.64,9.95,7.07
001332,锡装股份,45.53,46.09,46.95,23269.0,45.6,5.0,-0.56,-1.22,47.16
001333,光华股份,20.96,21.07,21.38,24225.0,21.05,87.0,-0.11,-0.52,21.4
001335,信凯科技,49.4,47.0,47.16,17301.0,49.63,5.0,2.4,5.11,49.86
001336,楚环科技,24.19,24.5,24.69,20550.0,24.22,14.0,-0.31,-1.27,25.3
001337,四川黄金,41.9,40.42,41.55,128308.0,41.93,24.0,1.48,3.66,43.2
001338,永顺泰,9.96,9.86,9.85,63849.0,9.99,80.0,0.1,1.01,10.14
001339,智微智能,97.09,96.7,97.85,42284.0,97.15,1.0,0.39,0.4,99.7
001356,富岭股份,9.36,9.55,9.51,34072.0,9.39,40.0,-0.19,-1.99,9.53
001358,兴欣新材,24.51,24.01,24.06,10495.0,24.58,4.0,0.5,2.08,24.83
001359,平安电工,107.14,97.4,99.01,50899.0,0.0,0.0,9.74,10.0,107.14
001360,南矿集团,18.74,17.04,17.22,53151.0,0.0,0.0,1.7,9.98,18.74
001365,天海电子,38.2,38.52,39.01,40288.0,38.24,1.0,-0.32,-0.83,39.2
001366,播恩集团,12.75,12.83,12.9,27599.0,12.77,9.0,-0.08,-0.62,13.1
001367,海森药业,20.19,19.47,19.55,20761.0,20.24,18.0,0.72,3.7,20.38
001368,通达创智,23.21,22.93,23.23,9211.0,23.31,2.0,0.28,1.22,23.37
001369,双欣材料,15.15,14.76,14.86,212633.0,15.17,259.0,0.39,2.64,15.25
001373,翔腾新材,33.31,33.26,33.27,11036.0,33.47,2.0,0.05,0.15,34.32
001376,百通能源,12.15,11.65,11.79,144403.0,12.17,99.0,0.5,4.29,12.41
001378,德冠新材,20.8,18.91,19.01,56263.0,0.0,0.0,1.89,9.99,20.8
001379,腾达科技,17.11,16.95,17.0,14082.0,17.15,10.0,0.16,0.94,17.35
001380,华纬科技,16.52,16.17,16.38,12688.0,16.56,37.0,0.35,2.16,16.7
001382,新亚电缆,20.4,20.42,20.59,21571.0,20.43,2.0,-0.02,-0.1,20.6
001386,马可波罗,16.25,15.44,15.7,87955.0,16.27,24.0,0.81,5.25,16.48
001387,雪祺电气,11.77,11.73,11.84,29307.0,11.79,100.0,0.04,0.34,11.96
001388,信通电子,29.32,28.59,28.85,12136.0,29.36,4.0,0.73,2.55,29.6
001389,广合科技,179.63,176.72,182.0,69194.0,179.84,1.0,2.91,1.65,188.5
001390,古麒绒材,17.62,17.11,17.2,17992.0,17.65,156.0,0.51,2.98,17.75
001391,国货航,4.73,4.64,4.69,205177.0,4.76,3701.0,0.09,1.94,4.76
001393,维通利,55.06,55.62,56.36,34839.0,55.1,13.0,-0.56,-1.01,56.59
001395,亚联机械,36.91,36.72,36.88,5721.0,36.95,2.0,0.19,0.52,37.09
001396,誉帆科技,39.26,39.06,39.47,8736.0,39.28,2.0,0.2,0.51,40.05
001400,江顺科技,108.42,109.18,109.93,32476.0,108.5,5.0,-0.76,-0.7,116.0
001696,宗申动力,22.84,20.76,21.31,922174.0,0.0,0.0,2.08,10.02,22.84
001872,招商港口,20.57,20.05,20.11,34156.0,20.59,29.0,0.52,2.59,20.58
001896,豫能控股,21.67,21.21,20.8,1773074.0,21.7,465.0,0.46,2.17,22.2
001914,招商积余,9.58,9.39,9.42,66150.0,9.61,237.0,0.19,2.02,9.64
001965,招商公路,9.67,9.76,9.76,121802.0,9.7,344.0,-0.09,-0.92,9.86
001979,招商蛇口,8.17,8.27,8.26,530072.0,8.19,1164.0,-0.1,-1.21,8.37
002001,新 和 成,30.15,29.41,29.21,486113.0,30.17,52.0,0.74,2.52,30.78
002003,伟星股份,9.05,8.93,8.93,71392.0,9.07,173.0,0.12,1.34,9.1
002004,华邦健康,4.62,4.55,4.55,224034.0,4.64,2568.0,0.07,1.54,4.64
002006,精工科技,14.88,14.8,14.98,74876.0,14.9,139.0,0.08,0.54,15.12
002007,华兰生物,13.33,13.19,13.29,110095.0,13.35,110.0,0.14,1.06,13.44
002008,大族激光,119.52,121.45,127.0,294412.0,119.55,6.0,-1.93,-1.59,127.2
002009,天奇股份,20.2,20.09,20.51,160462.0,20.22,38.0,0.11,0.55,20.75
002010,传化智联,4.87,4.8,4.84,164598.0,4.9,2324.0,0.07,1.46,4.93
002011,盾安环境,10.69,10.63,10.72,122065.0,10.72,5.0,0.06,0.56,10.9
002012,凯恩股份,7.06,7.1,7.23,128454.0,7.09,453.0,-0.04,-0.56,7.26
002014,永新股份,10.72,10.56,10.55,24615.0,10.75,384.0,0.16,1.52,10.75
002015,协鑫能科,17.3,17.73,18.0,759301.0,17.32,168.0,-0.43,-2.43,18.23
002016,世荣兆业,4.62,4.56,4.6,83950.0,4.64,324.0,0.06,1.32,4.66
002017,东信和平,16.46,15.55,15.6,208692.0,16.5,105.0,0.91,5.85,16.59
002019,亿帆医药,10.02,9.87,9.92,70295.0,10.05,845.0,0.15,1.52,10.05
002020,京新药业,12.46,12.3,12.35,85023.0,12.49,113.0,0.16,1.3,12.59
002021,中捷资源,2.41,2.4,2.45,223164.0,2.44,5157.0,0.01,0.42,2.47
002022,科华生物,5.06,5.05,5.1,44783.0,5.08,452.0,0.01,0.2,5.1
002023,海特高新,11.42,11.12,11.3,410223.0,11.44,76.0,0.3,2.7,12.0
002025,航天电器,64.54,66.06,66.86,220878.0,64.62,10.0,-1.52,-2.3,69.17
002026,山东威达,11.95,11.9,12.0,44141.0,11.99,10.0,0.05,0.42,12.17
002027,分众传媒,5.41,5.34,5.35,1901299.0,5.44,6939.0,0.07,1.31,5.47
002028,思源电气,173.36,172.0,174.33,77045.0,173.39,3.0,1.36,0.79,176.82
002029,七 匹 狼,8.21,8.21,8.2,125233.0,8.24,297.0,0.0,0.0,8.27
002030,达安基因,5.37,5.29,5.41,177404.0,5.4,3224.0,0.08,1.51,5.44
002031,巨轮智能,5.67,5.75,5.85,987035.0,5.7,1617.0,-0.08,-1.39,5.89
002032,苏 泊 尔,42.03,42.22,42.01,33483.0,42.05,3.0,-0.19,-0.45,42.2
002033,丽江股份,8.66,8.3,8.35,233062.0,8.68,2601.0,0.36,4.34,8.7
002034,旺能环境,17.63,16.7,16.79,163990.0,17.66,40.0,0.93,5.57,17.97
002035,华帝股份,5.0,4.91,4.92,71382.0,5.03,774.0,0.09,1.83,5.02
002036,联创电子,7.9,7.96,8.12,348225.0,7.92,278.0,-0.06,-0.75,8.26
002037,保利联合,6.92,6.81,6.85,50778.0,6.95,1102.0,0.11,1.62,7.01
002038,双鹭药业,5.46,5.31,5.4,200468.0,5.49,1036.0,0.15,2.82,5.53
002039,黔源电力,21.08,20.83,20.83,110949.0,21.1,72.0,0.25,1.2,21.35
002040,南 京 港,8.36,8.24,8.35,58186.0,8.39,330.0,0.12,1.46,8.44
002041,登海种业,8.7,8.18,8.18,225398.0,8.72,125.0,0.52,6.36,8.91
002042,华孚时尚,3.65,3.63,3.67,261838.0,3.68,1361.0,0.02,0.55,3.72
002043,兔 宝 宝,12.32,11.55,11.66,150712.0,12.35,108.0,0.77,6.67,12.51
002044,美年健康,4.95,4.86,4.92,714466.0,4.98,3483.0,0.09,1.85,5.03
002045,国光电器,8.5,8.37,8.53,120660.0,8.52,31.0,0.13,1.55,8.72
002046,国机精工,59.47,57.73,59.9,193818.0,59.5,4.0,1.74,3.01,62.13
002047,宝鹰股份,4.0,4.16,4.2,343926.0,4.04,128.0,-0.16,-3.85,4.21
002048,宁波华翔,27.18,27.65,28.08,176746.0,27.2,79.0,-0.47,-1.7,28.22
002049,紫光国微,71.51,71.42,73.24,216459.0,71.54,23.0,0.09,0.13,74.0
002050,三花智控,46.05,45.69,46.15,994693.0,46.08,157.0,0.36,0.79,47.3
002051,中工国际,10.65,11.7,12.62,1188542.0,10.68,230.0,-1.05,-8.97,12.62
002052,同洲电子,9.11,8.83,8.89,137475.0,9.14,85.0,0.28,3.17,9.35
002053,云南能投,10.64,10.41,10.48,82210.0,10.67,214.0,0.23,2.21,10.84
002054,德美化工,7.45,7.38,7.38,82138.0,7.47,94.0,0.07,0.95,7.53
002056,横店东磁,24.64,24.72,25.08,746598.0,24.67,91.0,-0.08,-0.32,26.18
002057,中钢天源,11.77,11.36,11.46,750783.0,11.79,136.0,0.41,3.61,12.5
002059,云南旅游,4.57,4.53,4.52,113280.0,4.6,978.0,0.04,0.88,4.63
002060,广东建工,3.26,3.21,3.24,111508.0,3.28,3232.0,0.05,1.56,3.28
002061,浙江交科,3.63,3.58,3.59,228075.0,3.66,4552.0,0.05,1.4,3.67
002062,宏润建设,7.77,7.86,7.9,93802.0,7.8,248.0,-0.09,-1.15,7.98
002063,远光软件,5.3,5.2,5.29,268129.0,5.32,2555.0,0.1,1.92,5.34
002064,华峰化学,10.34,9.86,9.94,496020.0,10.36,1092.0,0.48,4.87,10.46
002065,东华软件,7.01,6.89,6.96,346483.0,7.03,1378.0,0.12,1.74,7.1
002066,瑞泰科技,22.61,22.55,23.0,40607.0,22.7,1.0,0.06,0.27,23.18
002067,景兴纸业,4.18,4.1,4.17,321968.0,4.2,5699.0,0.08,1.95,4.24
002068,黑猫股份,10.38,9.98,9.99,346076.0,10.42,266.0,0.4,4.01,10.5
002069,獐子岛,3.26,3.22,3.25,74334.0,3.29,1718.0,0.04,1.24,3.29
002072,凯瑞德,8.51,8.79,8.73,173065.0,8.53,101.0,-0.28,-3.19,9.15
002073,软控股份,5.44,5.35,5.39,133739.0,5.46,631.0,0.09,1.68,5.5
002074,国轩高科,29.08,28.35,28.66,296391.0,29.11,310.0,0.73,2.57,29.57
002075,沙钢股份,3.56,3.46,3.48,323696.0,3.58,1836.0,0.1,2.89,3.65
002077,大港股份,15.89,16.3,16.66,315596.0,15.91,42.0,-0.41,-2.52,17.2
002078,太阳纸业,13.62,13.36,13.4,211169.0,13.64,10.0,0.26,1.95,13.82
002079,苏州固锝,11.75,11.9,12.08,333015.0,11.77,136.0,-0.15,-1.26,12.44
002080,中材科技,63.81,63.88,65.87,545369.0,63.83,54.0,-0.07,-0.11,67.46
002081,金 螳 螂,5.07,5.35,5.3,2274610.0,5.09,1659.0,-0.28,-5.23,5.32
002083,孚日股份,9.48,9.01,9.06,516807.0,9.5,746.0,0.47,5.22,9.91
002084,海鸥住工,3.38,3.28,3.33,323064.0,3.41,181.0,0.1,3.05,3.49
002085,万丰奥威,13.59,12.35,12.45,790663.0,0.0,0.0,1.24,10.04,13.59
002086,东方海洋,1.81,1.76,1.78,331607.0,1.84,9441.0,0.05,2.84,1.83
002088,鲁阳节能,8.95,8.14,8.28,51688.0,0.0,0.0,0.81,9.95,8.95
002090,金智科技,9.27,9.22,9.4,60340.0,9.29,61.0,0.05,0.54,9.42
002091,江苏国泰,7.55,7.5,7.55,124136.0,7.58,118.0,0.05,0.67,7.66
002092,中泰化学,4.41,4.35,4.34,757563.0,4.44,2355.0,0.06,1.38,4.53
002093,国脉科技,6.92,6.71,6.83,123844.0,6.94,407.0,0.21,3.13,6.99
002094,青岛金王,4.88,4.85,4.85,159147.0,4.91,2088.0,0.03,0.62,4.93
002095,生 意 宝,13.49,13.23,13.33,20072.0,13.51,260.0,0.26,1.97,13.62
002096,易普力,9.16,8.96,9.1,182080.0,9.18,317.0,0.2,2.23,9.2
002097,山河智能,8.26,8.07,8.15,168065.0,8.28,440.0,0.19,2.35,8.36
002098,浔兴股份,7.13,7.0,7.02,27078.0,7.15,507.0,0.13,1.86,7.16
002099,海翔药业,5.33,5.35,5.34,171142.0,5.36,226.0,-0.02,-0.37,5.42
002100,天康生物,6.28,6.31,6.32,162937.0,6.3,235.0,-0.03,-0.48,6.37
002101,广东鸿图,8.47,8.38,8.43,51320.0,8.5,44.0,0.09,1.07,8.62
002103,广博股份,6.36,6.37,6.39,88871.0,6.39,346.0,-0.01,-0.16,6.49
002104,恒宝股份,11.36,11.14,11.36,204722.0,11.38,339.0,0.22,1.97,11.52
002105,信隆健康,5.51,5.43,5.49,44927.0,5.54,22.0,0.08,1.47,5.58
002106,莱宝高科,12.12,12.59,12.83,349007.0,12.15,288.0,-0.47,-3.73,13.06
002107,沃华医药,5.99,5.91,5.94,97662.0,6.01,177.0,0.08,1.35,6.05
002108,沧州明珠,4.72,4.63,4.67,360216.0,4.75,1455.0,0.09,1.94,4.81
002110,三钢闽光,3.02,2.94,2.94,200937.0,3.05,12542.0,0.08,2.72,3.05
002111,威海广泰,9.63,9.3,9.41,103974.0,9.66,82.0,0.33,3.55,9.74
002112,三变科技,16.75,16.42,16.66,93493.0,16.78,44.0,0.33,2.01,17.05
002114,罗平锌电,7.52,7.15,7.29,140628.0,7.55,251.0,0.37,5.17,7.8
002115,三维通信,11.54,11.33,11.54,269068.0,11.56,189.0,0.21,1.85,11.77
002116,中国海诚,8.91,8.81,8.81,22371.0,8.94,197.0,0.1,1.14,8.97
002117,东港股份,8.94,8.9,8.97,52091.0,8.97,33.0,0.04,0.45,9.05
002119,康强电子,32.59,31.2,34.3,1222833.0,32.61,5.0,1.39,4.46,34.32
002120,韵达股份,6.65,6.52,6.55,281162.0,6.67,1546.0,0.13,1.99,6.68
002121,科陆电子,6.06,5.93,6.09,297935.0,6.08,720.0,0.13,2.19,6.2
002123,梦网科技,7.51,7.39,7.48,127253.0,7.53,381.0,0.12,1.62,7.58
002124,天邦食品,2.38,2.37,2.36,582454.0,2.4,14308.0,0.01,0.42,2.4
002125,湘潭电化,18.05,18.32,18.37,748742.0,18.07,824.0,-0.27,-1.47,19.1
002126,银轮股份,47.69,46.81,47.6,179914.0,47.71,91.0,0.88,1.88,49.63
002127,南极电商,2.74,2.71,2.74,195391.0,2.76,12987.0,0.03,1.11,2.76
002128,电投能源,28.61,28.53,28.78,216063.0,28.65,23.0,0.08,0.28,29.14
002129,TCL中环,10.2,10.13,10.38,4191695.0,10.22,1553.0,0.07,0.69,11.14
002130,沃尔核材,19.24,18.66,19.0,412443.0,19.25,329.0,0.58,3.11,19.8
002131,利欧股份,5.3,5.26,5.34,2183670.0,5.32,3910.0,0.04,0.76,5.42
002132,恒星科技,5.2,5.34,5.41,558478.0,5.22,1083.0,-0.14,-2.62,5.46
002133,广宇集团,2.76,2.73,2.75,151120.0,2.78,3584.0,0.03,1.1,2.79
002134,天津普林,28.16,28.43,28.84,156468.0,28.18,13.0,-0.27,-0.95,28.98
002135,东南网架,6.56,6.49,6.61,167010.0,6.58,102.0,0.07,1.08,6.71
002136,安 纳 达,12.36,12.12,12.18,63820.0,12.39,37.0,0.24,1.98,12.47
002137,实益达,9.26,9.91,10.17,843689.0,9.29,136.0,-0.65,-6.56,10.39
002138,顺络电子,56.66,55.63,57.3,538140.0,56.71,13.0,1.03,1.85,59.09
002139,拓邦股份,9.46,9.51,9.7,202164.0,9.49,101.0,-0.05,-0.53,9.75
002140,东华科技,9.96,9.74,9.8,54311.0,9.99,102.0,0.22,2.26,10.05
002141,贤丰控股,3.29,3.4,3.42,407169.0,3.32,1494.0,-0.11,-3.24,3.45
002142,宁波银行,32.62,32.85,32.8,302568.0,32.64,124.0,-0.23,-0.7,32.94
002144,宏达高科,11.1,11.07,11.22,26585.0,11.12,25.0,0.03,0.27,11.24
002145,钛能化学,4.24,4.17,4.24,520272.0,4.27,2423.0,0.07,1.68,4.32
002146,荣盛发展,1.26,1.23,1.24,845950.0,1.28,60539.0,0.03,2.44,1.26
002148,北纬科技,6.26,6.17,6.25,109522.0,6.28,48.0,0.09,1.46,6.37
002149,西部材料,62.03,61.89,62.5,502776.0,62.06,47.0,0.14,0.23,64.29
002150,正泰电源,24.98,25.06,25.32,96953.0,25.01,10.0,-0.08,-0.32,25.7
002151,北斗星通,33.84,33.0,33.3,133154.0,33.86,7.0,0.84,2.55,34.45
002152,广电运通,9.81,9.56,9.66,215515.0,9.83,766.0,0.25,2.62,9.86
002153,石基信息,7.85,7.74,7.86,186444.0,7.87,489.0,0.11,1.42,7.98
002154,报 喜 鸟,3.94,3.81,3.84,213753.0,3.96,1100.0,0.13,3.41,3.95
002155,湖南黄金,24.36,23.33,24.0,617418.0,24.38,98.0,1.03,4.41,25.1
002156,通富微电,57.98,60.09,62.69,1159371.0,58.0,1091.0,-2.11,-3.51,62.96
002157,正邦科技,3.07,3.05,3.05,1136331.0,3.1,48902.0,0.02,0.66,3.1
002158,汉钟精机,27.53,27.03,27.51,82021.0,27.55,5.0,0.5,1.85,28.35
002159,三特索道,13.77,13.49,13.55,23392.0,13.79,2.0,0.28,2.08,13.84
002161,远 望 谷,5.56,5.49,5.55,125219.0,5.58,243.0,0.07,1.28,5.67
002162,悦心健康,3.67,3.68,3.72,95160.0,3.7,2099.0,-0.01,-0.27,3.74
002163,海南发展,9.29,9.11,9.2,182983.0,9.31,456.0,0.18,1.98,9.38
002164,宁波东力,13.24,13.7,13.73,263746.0,13.27,12.0,-0.46,-3.36,14.0
002165,红 宝 丽,7.91,8.03,7.44,1542206.0,7.94,278.0,-0.12,-1.49,8.26
002166,莱茵生物,7.45,7.39,7.44,50271.0,7.48,1717.0,0.06,0.81,7.51
002167,东方锆业,14.21,13.85,14.02,844590.0,14.23,400.0,0.36,2.6,14.49
002169,智光电气,14.86,14.97,15.21,310408.0,14.88,615.0,-0.11,-0.73,15.59
002170,芭田股份,11.38,11.08,11.16,201105.0,11.4,659.0,0.3,2.71,11.63
002171,楚江新材,13.39,12.88,13.1,1361074.0,13.41,585.0,0.51,3.96,13.71
002172,澳洋健康,3.16,3.1,3.13,118015.0,3.18,3194.0,0.06,1.94,3.19
002173,创新医疗,17.29,16.97,17.2,152785.0,17.31,72.0,0.32,1.89,17.52
002174,游族网络,10.09,9.93,10.42,400313.0,10.11,109.0,0.16,1.61,10.42
002176,江特电机,11.27,11.12,11.15,1319639.0,11.3,1026.0,0.15,1.35,11.6
002177,御银股份,6.11,5.98,6.07,263240.0,6.14,745.0,0.13,2.17,6.18
002178,延华智能,5.35,5.27,5.3,79742.0,5.37,528.0,0.08,1.52,5.44
002179,中航光电,36.46,36.5,37.21,401826.0,36.48,64.0,-0.04,-0.11,37.85
002180,奔图科技,13.85,14.42,14.45,209120.0,13.88,4.0,-0.57,-3.95,14.63
002181,粤 传 媒,13.16,14.48,13.03,1208223.0,13.19,45.0,-1.32,-9.12,14.12
002182,宝武镁业,13.22,12.75,12.95,261427.0,13.25,117.0,0.47,3.69,13.62
002183,怡 亚 通,5.33,5.44,5.56,877016.0,5.35,625.0,-0.11,-2.02,5.6
002184,海得控制,10.52,10.68,10.8,62877.0,10.56,11.0,-0.16,-1.5,10.85
002185,华天科技,16.15,16.75,17.35,2592094.0,16.17,240.0,-0.6,-3.58,17.53
002186,全 聚 德,9.08,8.93,8.96,37195.0,9.11,17.0,0.15,1.68,9.17
002187,广百股份,5.25,5.15,5.17,109140.0,5.28,743.0,0.1,1.94,5.32
002188,中天服务,5.66,5.53,5.58,90342.0,5.68,33.0,0.13,2.35,5.73
002189,中光学,20.29,20.3,20.28,54585.0,20.33,2.0,-0.01,-0.05,20.88
002190,成飞集成,27.07,24.61,24.88,102449.0,0.0,0.0,2.46,10.0,27.07
002191,劲嘉股份,3.81,3.88,3.9,238583.0,3.84,1064.0,-0.07,-1.8,3.91
002192,融捷股份,89.98,83.55,83.66,408793.0,90.01,1.0,6.43,7.7,91.67
002194,武汉凡谷,11.15,11.3,11.31,425550.0,11.17,53.0,-0.15,-1.33,11.88
002195,岩山科技,6.9,6.78,6.95,1334553.0,6.92,6147.0,0.12,1.77,7.01
002196,方正电机,12.46,12.33,12.53,226785.0,12.49,251.0,0.13,1.05,12.83
002197,证通电子,6.12,6.04,6.2,138660.0,6.14,323.0,0.08,1.32,6.25
002200,交投生态,6.81,6.19,6.2,48665.0,0.0,0.0,0.62,10.02,6.81
002201,九鼎新材,10.73,11.25,11.37,427920.0,10.76,118.0,-0.52,-4.62,11.45
002202,金风科技,21.91,21.13,21.56,1319995.0,21.94,566.0,0.78,3.69,22.3
002203,海亮股份,23.44,21.31,23.42,929345.0,0.0,0.0,2.13,10.0,23.44
002204,大连重工,5.62,5.48,5.53,186087.0,5.65,986.0,0.14,2.55,5.7
002205,国统股份,11.66,11.72,11.98,20553.0,11.7,19.0,-0.06,-0.51,12.04
002206,海 利 得,5.28,5.16,5.19,122747.0,5.3,1353.0,0.12,2.33,5.35
002208,合肥城建,15.55,15.6,15.96,489673.0,15.58,83.0,-0.05,-0.32,16.33
002209,达 意 隆,11.41,11.25,11.4,34999.0,11.43,39.0,0.16,1.42,11.55
002210,飞马国际,2.45,2.44,2.46,602749.0,2.47,17273.0,0.01,0.41,2.5
002212,天融信,6.35,6.03,6.13,535466.0,6.38,409.0,0.32,5.31,6.63
002213,大为股份,38.3,38.77,39.1,305365.0,38.33,66.0,-0.47,-1.21,39.63
002215,诺 普 信,9.58,8.71,8.75,303994.0,0.0,0.0,0.87,9.99,9.58
002216,三全食品,12.63,12.44,12.38,63834.0,12.66,55.0,0.19,1.53,12.75
002217,合力泰,2.32,2.3,2.36,1927190.0,2.34,25877.0,0.02,0.87,2.41
002218,拓日新能,4.29,4.24,4.25,406488.0,4.31,2019.0,0.05,1.18,4.34
002219,新里程,1.99,1.98,1.99,551345.0,2.02,12617.0,0.01,0.51,2.01
002221,东华能源,6.11,5.93,5.94,211876.0,6.13,388.0,0.18,3.04,6.18
002222,福晶科技,89.66,90.72,93.98,225358.0,89.7,3.0,-1.06,-1.17,93.99
002223,鱼跃医疗,25.85,25.32,25.44,80874.0,25.87,948.0,0.53,2.09,25.91
002224,三 力 士,3.58,3.52,3.53,103874.0,3.61,1969.0,0.06,1.7,3.62
002225,濮耐股份,4.15,4.05,4.06,997255.0,4.18,1193.0,0.1,2.47,4.3
002226,江南化工,4.89,4.78,4.79,319267.0,4.91,420.0,0.11,2.3,4.89
002228,合兴包装,3.18,3.15,3.19,173185.0,3.21,4465.0,0.03,0.95,3.21
002229,鸿博股份,13.47,13.59,13.73,279588.0,13.5,1461.0,-0.12,-0.88,13.86
002230,科大讯飞,40.54,40.79,41.2,586849.0,40.56,239.0,-0.25,-0.61,41.38
002232,启明信息,14.87,14.73,14.79,28823.0,14.91,4.0,0.14,0.95,15.18
002233,塔牌集团,7.62,7.49,7.55,86571.0,7.64,295.0,0.13,1.74,7.65
002234,民和股份,7.17,7.05,7.14,69482.0,7.19,1164.0,0.12,1.7,7.25
002235,安妮股份,9.53,9.37,9.45,266286.0,9.56,396.0,0.16,1.71,9.58
002236,大华股份,15.91,15.84,16.01,281701.0,15.93,407.0,0.07,0.44,16.07
002237,恒邦股份,12.91,12.29,12.59,256718.0,12.94,107.0,0.62,5.04,13.25
002238,天威视讯,6.0,5.95,5.98,48226.0,6.02,117.0,0.05,0.84,6.09
002239,奥特佳,2.47,2.43,2.45,431222.0,2.49,30940.0,0.04,1.65,2.49
002240,盛新锂能,52.67,50.98,50.0,860538.0,52.7,210.0,1.69,3.32,54.05
002241,歌尔股份,23.21,22.72,23.03,937697.0,23.26,53.0,0.49,2.16,23.75
002242,九阳股份,8.78,8.44,8.5,114735.0,8.8,158.0,0.34,4.03,8.92
002243,力合科创,6.97,7.01,7.15,172226.0,7.0,574.0,-0.04,-0.57,7.16
002244,滨江集团,9.39,9.33,9.39,224227.0,9.42,61.0,0.06,0.64,9.62
002245,蔚蓝锂芯,19.41,19.85,20.11,1264543.0,19.43,60.0,-0.44,-2.22,20.58
002246,北化股份,21.05,20.5,20.52,160084.0,21.08,69.0,0.55,2.68,21.6
002247,聚力文化,2.38,2.35,2.36,203686.0,2.41,1917.0,0.03,1.28,2.46
002248,华东数控,9.5,9.42,9.52,73525.0,9.53,269.0,0.08,0.85,9.69
002249,大洋电机,7.98,7.85,7.93,314000.0,8.0,1700.0,0.13,1.66,8.06
002250,联化科技,14.12,14.03,14.22,140151.0,14.14,56.0,0.09,0.64,14.45
002251,步步高,4.01,3.9,3.82,2134666.0,4.03,1381.0,0.11,2.82,4.15
002252,上海莱士,4.84,4.89,4.89,1424383.0,4.87,3258.0,-0.05,-1.02,4.9
002254,泰和新材,18.15,18.92,18.54,1228717.0,18.17,5.0,-0.77,-4.07,18.68
002255,海陆重工,9.23,8.93,9.08,184327.0,9.25,1024.0,0.3,3.36,9.24
002256,兆新股份,4.17,4.2,4.2,651904.0,4.19,2678.0,-0.03,-0.71,4.28
002258,利尔化学,13.12,12.74,12.51,217870.0,13.15,177.0,0.38,2.98,13.39
002259,升达林业,4.53,4.55,4.53,270003.0,4.56,1007.0,-0.02,-0.44,4.72
002261,拓维信息,29.69,28.92,29.2,643636.0,29.71,153.0,0.77,2.66,29.95
002262,恩华药业,19.42,18.97,19.18,78803.0,19.43,113.0,0.45,2.37,19.49
002263,大东南,3.8,3.84,3.99,1413030.0,3.83,1677.0,-0.04,-1.04,4.08
002264,新 华 都,6.3,6.22,6.29,94989.0,6.32,206.0,0.08,1.29,6.37
002265,建设工业,19.84,19.88,20.0,84686.0,19.86,10.0,-0.04,-0.2,20.42
002266,浙富控股,4.77,4.67,4.69,754481.0,4.8,4939.0,0.1,2.14,4.86
002267,陕天然气,7.15,7.11,7.1,59977.0,7.18,822.0,0.04,0.56,7.19
002268,电科网安,13.09,12.8,12.96,73670.0,13.12,174.0,0.29,2.27,13.24
002269,美邦服饰,1.52,1.46,1.47,823399.0,1.54,22097.0,0.06,4.11,1.56
002270,华明装备,20.13,18.3,18.68,177232.0,0.0,0.0,1.83,10.0,20.13
002271,东方雨虹,12.33,12.13,12.24,264804.0,12.35,391.0,0.2,1.65,12.48
002272,川润股份,21.28,20.81,20.99,526607.0,21.31,7.0,0.47,2.26,22.07
002273,水晶光电,32.55,33.18,33.97,471623.0,32.57,14.0,-0.63,-1.9,34.36
002274,华昌化工,5.25,5.21,5.2,145649.0,5.27,295.0,0.04,0.77,5.33
002275,桂林三金,12.87,12.7,12.8,19601.0,12.9,140.0,0.17,1.34,12.9
002276,万马股份,10.73,10.6,10.74,154691.0,10.76,194.0,0.13,1.23,10.92
002277,友阿股份,6.51,6.45,6.56,241668.0,6.53,1584.0,0.06,0.93,6.72
002278,神开股份,8.6,8.4,8.46,95648.0,8.62,306.0,0.2,2.38,8.67
002279,久其软件,6.86,6.78,6.88,233101.0,6.89,1127.0,0.08,1.18,6.95
002281,光迅科技,206.35,205.4,210.15,371185.0,206.37,1.0,0.95,0.46,211.1
002282,博深股份,6.13,6.06,6.11,38484.0,6.16,79.0,0.07,1.16,6.21
002283,天润工业,9.41,9.13,9.29,320882.0,9.43,206.0,0.28,3.07,9.75
002284,亚太股份,10.54,10.3,10.5,99464.0,10.56,32.0,0.24,2.33,10.64
002285,世联行,2.4,2.36,2.36,389706.0,2.42,3147.0,0.04,1.69,2.43
002286,保龄宝,9.28,9.07,9.07,76465.0,9.31,925.0,0.21,2.32,9.32
002287,奇正藏药,20.5,20.11,20.2,11612.0,20.52,91.0,0.39,1.94,20.55
002290,禾盛新材,77.18,78.3,81.0,59392.0,77.25,25.0,-1.12,-1.43,82.98
002291,遥望科技,5.29,5.18,5.23,250517.0,5.31,1356.0,0.11,2.12,5.34
002292,奥飞娱乐,6.78,6.74,6.84,300067.0,6.8,619.0,0.04,0.59,6.87
002293,罗莱生活,10.15,10.12,9.99,61718.0,10.19,48.0,0.03,0.3,10.32
002294,信立泰,31.79,31.14,31.31,174737.0,31.87,2.0,0.65,2.09,32.35
002295,精艺股份,9.8,9.5,9.52,46434.0,9.83,15.0,0.3,3.16,10.12
002296,辉煌科技,9.55,9.4,9.52,64147.0,9.57,25.0,0.15,1.6,9.72
002297,博云新材,22.28,21.39,22.0,1348740.0,22.3,476.0,0.89,4.16,23.01
002298,中电鑫龙,8.04,7.89,8.0,216018.0,8.07,435.0,0.15,1.9,8.17
002299,圣农发展,16.38,16.08,16.09,101453.0,16.41,61.0,0.3,1.87,16.56
002300,太阳电缆,7.47,7.49,7.54,219650.0,7.49,212.0,-0.02,-0.27,7.63
002301,齐心集团,7.36,7.4,7.4,97443.0,7.39,35.0,-0.04,-0.54,7.52
002302,西部建设,4.85,4.8,4.82,50145.0,4.88,1201.0,0.05,1.04,4.89
002303,美盈森,3.14,3.08,3.09,103303.0,3.17,2046.0,0.06,1.95,3.19
002304,洋河股份,43.42,43.36,43.2,73624.0,43.44,15.0,0.06,0.14,44.34
002307,北新路桥,3.63,3.56,3.61,97648.0,3.65,1977.0,0.07,1.97,3.68
002309,中利集团,3.16,3.16,3.2,1018267.0,3.19,11578.0,0.0,0.0,3.24
002310,东方新能,2.44,2.44,2.47,831837.0,2.46,20789.0,0.0,0.0,2.49
002311,海大集团,45.76,44.9,44.8,115993.0,45.79,26.0,0.86,1.92,46.15
002312,川发龙蟒,8.84,8.79,8.69,608777.0,8.86,698.0,0.05,0.57,9.0
002313,日海智能,8.14,8.21,8.26,59036.0,8.18,78.0,-0.07,-0.85,8.41
002314,南山控股,2.33,2.3,2.31,485126.0,2.35,6333.0,0.03,1.3,2.34
002315,焦点科技,24.57,24.1,24.36,50196.0,24.59,90.0,0.47,1.95,24.79
002316,亚联发展,4.59,4.55,4.61,115015.0,4.62,204.0,0.04,0.88,4.66
002317,众生药业,23.12,22.76,22.6,384340.0,23.15,130.0,0.36,1.58,23.33
002318,久立特材,23.06,22.03,22.22,141782.0,23.09,37.0,1.03,4.68,23.21
002319,乐通股份,11.54,11.01,11.16,118303.0,11.57,1.0,0.53,4.81,11.84
002320,海峡股份,6.92,6.77,6.83,154660.0,6.94,426.0,0.15,2.22,7.02
002321,华英农业,1.83,1.82,1.82,223262.0,1.86,12119.0,0.01,0.55,1.86
002322,理工能科,10.6,10.47,10.63,20006.0,10.64,41.0,0.13,1.24,10.72
002324,普利特,12.09,11.65,11.79,203191.0,12.11,153.0,0.44,3.78,12.37
002326,永太科技,21.8,22.2,22.2,244589.0,21.83,83.0,-0.4,-1.8,22.26
002327,富安娜,7.12,6.95,6.99,54461.0,7.15,567.0,0.17,2.45,7.13
002328,新朋股份,7.78,7.73,7.88,243032.0,7.81,259.0,0.05,0.65,7.99
002329,皇氏集团,3.18,3.1,3.18,340023.0,3.2,1234.0,0.08,2.58,3.24
002330,得利斯,3.89,3.85,3.87,87773.0,3.91,1137.0,0.04,1.04,3.92
002331,皖通科技,8.19,8.36,8.48,91269.0,8.21,8.0,-0.17,-2.03,8.51
002332,仙琚制药,8.64,8.5,8.53,127991.0,8.66,2582.0,0.14,1.65,8.66
002333,罗普斯金,4.91,4.82,4.9,37615.0,4.93,607.0,0.09,1.87,4.93
002334,英威腾,8.1,8.26,8.41,438084.0,8.12,897.0,-0.16,-1.94,8.71
002335,科华数据,36.11,35.37,36.14,237108.0,36.15,6.0,0.74,2.09,37.05
002337,赛象科技,4.98,4.94,4.98,52103.0,5.01,109.0,0.04,0.81,5.05
002338,奥普光电,52.85,51.88,52.86,68351.0,52.88,7.0,0.97,1.87,55.12
002339,积成电子,7.64,7.55,7.65,118679.0,7.66,181.0,0.09,1.19,7.75
002340,格林美,7.36,7.13,7.2,1633025.0,7.39,4756.0,0.23,3.23,7.49
002342,巨力索具,10.21,9.98,10.18,785452.0,10.24,1042.0,0.23,2.3,10.39
002343,慈文传媒,4.92,4.82,4.92,126688.0,4.95,697.0,0.1,2.07,5.0
002344,海宁皮城,3.79,3.74,3.76,81520.0,3.82,2624.0,0.05,1.34,3.84
002345,潮宏基,9.76,8.87,8.87,329178.0,0.0,0.0,0.89,10.03,9.76
002346,柘中股份,15.97,15.94,16.3,26916.0,16.0,201.0,0.03,0.19,16.45
002347,泰尔股份,6.47,6.41,6.5,107822.0,6.5,647.0,0.06,0.94,6.6
002348,高乐股份,11.33,11.9,12.1,276518.0,11.35,166.0,-0.57,-4.79,12.58
002349,精华制药,6.44,6.33,6.36,56499.0,6.46,1445.0,0.11,1.74,6.46
002350,北京科锐,14.45,14.43,14.31,170407.0,14.47,30.0,0.02,0.14,14.85
002351,漫步者,10.25,9.83,9.99,137810.0,10.28,250.0,0.42,4.27,10.49
002352,顺丰控股,34.41,34.33,34.38,198073.0,34.44,4.0,0.08,0.23,34.7
002353,杰瑞股份,150.84,145.01,152.26,235382.0,150.88,3.0,5.83,4.02,158.0
002354,天娱数科,7.55,7.98,7.42,5360187.0,7.57,855.0,-0.43,-5.39,8.12
002355,兴民智通,4.79,4.73,4.8,205752.0,4.82,255.0,0.06,1.27,5.13
002356,赫美集团,3.18,3.11,3.12,344916.0,3.2,5804.0,0.07,2.25,3.22
002357,富临运业,9.29,9.33,9.39,62456.0,9.32,10.0,-0.04,-0.43,9.44
002358,森源电气,5.87,5.77,5.89,136146.0,5.89,1230.0,0.1,1.73,5.94
002361,神剑股份,16.2,17.47,16.82,1777511.0,16.23,115.0,-1.27,-7.27,17.55
002362,汉王科技,18.5,18.81,18.89,137379.0,18.53,46.0,-0.31,-1.65,19.3
002363,隆基机械,6.71,6.6,6.66,47531.0,6.73,103.0,0.11,1.67,6.77
002364,中恒电气,46.93,48.97,50.58,371312.0,46.96,34.0,-2.04,-4.17,50.67
002365,永安药业,10.97,10.89,10.9,48887.0,10.99,23.0,0.08,0.73,11.05
002366,融发核电,6.03,5.96,5.99,296985.0,6.05,940.0,0.07,1.17,6.12
002367,康力电梯,5.29,5.25,5.3,44712.0,5.32,2941.0,0.04,0.76,5.35
002368,太极股份,15.95,15.99,16.01,99147.0,15.98,33.0,-0.04,-0.25,16.2
002369,卓翼科技,5.9,5.86,5.96,134820.0,5.92,264.0,0.04,0.68,6.06
002370,亚太药业,5.24,5.19,5.29,144993.0,5.26,653.0,0.05,0.96,5.29
002371,北方华创,669.74,637.5,666.19,135162.0,669.88,8.0,32.24,5.06,680.99
002372,伟星新材,9.27,9.16,9.13,96034.0,9.3,185.0,0.11,1.2,9.4
002373,千方科技,7.37,7.22,7.3,195994.0,7.4,749.0,0.15,2.08,7.45
002374,中锐股份,3.18,3.2,3.22,171731.0,3.2,2751.0,-0.02,-0.63,3.26
002375,亚厦股份,3.82,3.82,3.86,130036.0,3.84,2046.0,0.0,0.0,3.87
002376,新北洋,6.11,6.04,6.1,68971.0,6.13,619.0,0.07,1.16,6.16
002377,国创高新,2.81,2.84,2.83,347931.0,2.83,526.0,-0.03,-1.06,2.93
002378,章源钨业,35.17,33.63,35.0,1790286.0,35.19,259.0,1.54,4.58,36.66
002379,宏桥控股,17.75,16.99,17.38,363166.0,17.77,15.0,0.76,4.47,18.53
002380,科远智慧,37.03,36.11,36.48,63345.0,37.1,4.0,0.92,2.55,38.6
002381,双箭股份,5.58,5.53,5.55,33440.0,5.62,400.0,0.05,0.9,5.65
002382,蓝帆医疗,5.74,5.72,5.73,139352.0,5.76,9.0,0.02,0.35,5.8
002383,合众思壮,7.34,7.2,7.3,107128.0,7.36,235.0,0.14,1.94,7.47
002384,东山精密,217.0,210.99,220.5,713620.0,217.04,22.0,6.01,2.85,226.8
002385,大北农,3.02,3.13,3.13,1698544.0,3.05,13020.0,-0.11,-3.51,3.13
002386,天原股份,5.79,5.69,5.73,257745.0,5.81,525.0,0.1,1.76,5.9
002387,维信诺,7.97,8.21,8.25,387487.0,7.99,606.0,-0.24,-2.92,8.55
002388,新亚制程,5.03,5.07,5.22,287604.0,5.05,127.0,-0.04,-0.79,5.32
002389,航天彩虹,18.9,18.17,18.29,263699.0,18.92,22.0,0.73,4.02,19.5
002390,信邦制药,2.93,2.89,2.9,187302.0,2.95,4882.0,0.04,1.38,2.95
002391,长青股份,5.41,5.36,5.38,64318.0,5.43,53.0,0.05,0.93,5.5
002392,北京利尔,7.6,7.41,7.48,207480.0,7.63,136.0,0.19,2.56,7.79
002393,力生制药,14.22,14.0,14.06,15885.0,14.24,141.0,0.22,1.57,14.29
002394,联发股份,9.35,9.3,9.37,57695.0,9.37,427.0,0.05,0.54,9.4
002395,双象股份,13.53,13.48,13.58,63181.0,13.55,2.0,0.05,0.37,13.69
002396,星网锐捷,17.58,17.87,18.23,246188.0,17.6,115.0,-0.29,-1.62,18.38
002397,梦洁股份,4.24,4.23,4.27,105878.0,4.26,337.0,0.01,0.24,4.32
002398,垒知集团,4.16,4.12,4.17,98851.0,4.18,780.0,0.04,0.97,4.21
002399,海普瑞,9.45,9.32,9.39,35804.0,9.48,144.0,0.13,1.39,9.55
002400,省广集团,6.99,6.86,7.0,607275.0,7.02,2588.0,0.13,1.9,7.08
002401,中远海科,12.68,12.42,12.49,37188.0,12.71,28.0,0.26,2.09,12.85
002402,和而泰,23.91,23.86,24.2,224027.0,23.94,24.0,0.05,0.21,24.42
002403,爱仕达,9.99,10.12,10.22,51725.0,10.03,60.0,-0.13,-1.28,10.37
002404,嘉欣丝绸,6.29,6.38,6.38,162477.0,6.32,222.0,-0.09,-1.41,6.39
002405,四维图新,7.43,7.4,7.56,429183.0,7.46,919.0,0.03,0.41,7.58
002406,远东传动,7.21,7.21,7.39,266438.0,7.23,647.0,0.0,0.0,7.47
002407,多氟多,38.82,38.19,38.0,2368341.0,38.85,70.0,0.63,1.65,40.1
002408,齐翔腾达,4.86,4.87,4.88,331223.0,4.89,375.0,-0.01,-0.21,4.98
002409,雅克科技,133.77,134.81,140.01,571797.0,133.84,1.0,-1.04,-0.77,144.5
002410,广联达,8.93,8.85,8.93,257806.0,8.95,533.0,0.08,0.9,9.04
002412,汉森制药,6.25,6.13,6.16,91287.0,6.27,112.0,0.12,1.96,6.3
002413,雷科防务,10.39,10.07,10.13,773895.0,10.41,351.0,0.32,3.18,10.64
002414,高德红外,13.17,12.65,12.75,779259.0,13.19,1854.0,0.52,4.11,13.47
002415,海康威视,30.37,29.98,30.25,557913.0,30.39,322.0,0.39,1.3,30.67
002416,爱施德,11.09,10.27,10.42,427863.0,11.12,704.0,0.82,7.98,11.23
002418,康盛股份,4.17,4.16,4.26,481330.0,4.19,2100.0,0.01,0.24,4.29
002419,天虹股份,4.63,4.54,4.56,72909.0,4.66,942.0,0.09,1.98,4.65
002420,毅昌科技,5.64,5.54,5.58,88408.0,5.66,21.0,0.1,1.81,5.7
002421,达实智能,4.4,4.89,4.4,6524488.0,4.42,4063.0,-0.49,-10.02,4.64
002422,科伦药业,37.34,38.08,37.89,261060.0,37.36,185.0,-0.74,-1.94,38.08
002423,中粮资本,8.87,8.61,8.62,166225.0,8.89,429.0,0.26,3.02,8.95
002425,凯撒文化,2.86,2.83,2.86,132568.0,2.88,3082.0,0.03,1.06,2.89
002426,胜利精密,3.51,3.41,3.48,2072209.0,3.54,4371.0,0.1,2.93,3.73
002427,尤夫股份,4.43,4.39,4.38,120493.0,4.46,1125.0,0.04,0.91,4.49
002428,云南锗业,91.93,88.24,89.5,1148601.0,91.96,14.0,3.69,4.18,93.39
002429,兆驰股份,10.41,10.66,10.95,880898.0,10.43,155.0,-0.25,-2.35,11.2
002430,杭氧股份,26.03,27.72,26.91,357848.0,26.05,66.0,-1.69,-6.1,27.22
002432,九安医疗,60.74,61.74,62.97,134071.0,60.8,16.0,-1.0,-1.62,63.48
002434,万里扬,7.01,6.87,6.91,272607.0,7.03,160.0,0.14,2.04,7.27
002436,兴森科技,38.18,36.75,37.89,1662555.0,38.21,14.0,1.43,3.89,39.2
002437,誉衡药业,2.67,2.66,2.66,424805.0,2.7,14002.0,0.01,0.38,2.72
002438,江苏神通,15.07,14.9,15.19,105812.0,15.1,4.0,0.17,1.14,15.49
002439,启明星辰,12.82,12.89,13.11,225406.0,12.85,190.0,-0.07,-0.54,13.14
002440,闰土股份,9.11,8.63,8.64,409490.0,9.14,89.0,0.48,5.56,9.31
002441,众业达,8.36,8.2,8.29,67599.0,8.39,214.0,0.16,1.95,8.41
002442,龙星科技,5.21,5.16,5.27,146327.0,5.24,521.0,0.05,0.97,5.29
002443,金洲管道,11.13,11.25,11.4,175655.0,11.16,82.0,-0.12,-1.07,11.6
002444,巨星科技,30.75,30.4,30.97,71692.0,30.79,22.0,0.35,1.15,31.76
002445,中南文化,3.18,3.23,3.27,673267.0,3.2,6852.0,-0.05,-1.55,3.28
002446,盛路通信,10.5,10.78,10.92,557043.0,10.52,883.0,-0.28,-2.6,11.03
002448,中原内配,12.51,11.94,12.23,219956.0,12.53,110.0,0.57,4.77,12.88
002449,国星光电,7.29,7.34,7.5,317474.0,7.32,135.0,-0.05,-0.68,7.95
002451,摩恩电气,7.73,7.63,7.7,73798.0,7.76,130.0,0.1,1.31,7.85
002452,长高电气,10.72,10.74,10.85,121742.0,10.74,82.0,-0.02,-0.19,10.92
002453,华软科技,5.25,5.33,5.39,128849.0,5.27,35.0,-0.08,-1.5,5.48
002454,松芝股份,5.29,5.25,5.35,85711.0,5.31,179.0,0.04,0.76,5.38
002455,百川股份,8.13,8.06,8.16,485075.0,8.15,715.0,0.07,0.87,8.29
002456,欧菲光,8.72,8.67,8.81,711791.0,8.74,1477.0,0.05,0.58,9.05
002457,青龙管业,12.95,11.77,12.14,500600.0,0.0,0.0,1.18,10.03,12.95
002458,益生股份,8.2,8.0,7.98,198621.0,8.22,156.0,0.2,2.5,8.3
002459,晶澳科技,8.86,8.9,8.93,851419.0,8.88,184.0,-0.04,-0.45,9.08
002460,赣锋锂业,71.27,69.94,69.43,712893.0,71.3,74.0,1.33,1.9,72.5
002461,珠江啤酒,9.29,8.93,8.91,203858.0,9.32,146.0,0.36,4.03,9.44
002462,嘉事堂,13.54,13.29,13.34,101398.0,13.56,41.0,0.25,1.88,13.67
002463,沪电股份,126.97,126.91,131.66,646011.0,127.01,30.0,0.06,0.05,134.6
002465,海格通信,13.64,13.6,13.88,835192.0,13.66,196.0,0.04,0.29,14.19
002466,天齐锂业,62.62,61.0,61.0,850943.0,62.64,46.0,1.62,2.66,63.42
002467,二六三,5.15,5.07,5.18,384578.0,5.18,1749.0,0.08,1.58,5.28
002468,申通快递,14.13,13.91,13.9,142704.0,14.15,36.0,0.22,1.58,14.28
002469,三维化学,7.23,6.93,6.87,409301.0,7.25,807.0,0.3,4.33,7.42
002470,金正大,2.2,2.2,2.19,1613509.0,2.23,21416.0,0.0,0.0,2.25
002471,中超控股,7.22,7.02,7.1,732268.0,7.24,1279.0,0.2,2.85,7.4
002472,双环传动,40.28,41.08,41.8,390929.0,40.32,121.0,-0.8,-1.95,43.28
002474,榕基软件,7.09,6.95,6.98,151761.0,7.11,859.0,0.14,2.01,7.17
002475,立讯精密,64.28,64.58,66.2,1132812.0,64.32,121.0,-0.3,-0.46,67.19
002476,宝莫股份,5.32,5.04,5.11,176487.0,5.34,124.0,0.28,5.56,5.39
002478,常宝股份,7.04,6.91,6.96,204635.0,7.06,54.0,0.13,1.88,7.26
002479,富春环保,4.76,4.72,4.79,118330.0,4.79,392.0,0.04,0.85,4.85
002480,新筑股份,5.57,5.56,5.56,76753.0,5.59,199.0,0.01,0.18,5.66
002481,双塔食品,4.07,3.99,4.0,107369.0,4.1,2641.0,0.08,2.01,4.13
002482,广田集团,1.43,1.41,1.42,666971.0,1.45,24685.0,0.02,1.42,1.44
002483,润邦股份,5.42,5.33,5.37,84855.0,5.44,330.0,0.09,1.69,5.46
002484,江海股份,81.5,82.8,87.5,474873.0,81.52,9.0,-1.3,-1.57,87.79
002486,嘉麟杰,2.36,2.32,2.33,185090.0,2.38,3561.0,0.04,1.72,2.39
002487,大金重工,59.58,58.48,58.55,173911.0,59.59,22.0,1.1,1.88,60.89
002488,金固股份,9.66,9.63,9.69,196667.0,9.69,56.0,0.03,0.31,9.95
002489,浙江永强,3.3,3.34,3.35,318587.0,3.33,1588.0,-0.04,-1.2,3.38
002490,山东墨龙,8.86,8.56,8.03,1080093.0,8.88,808.0,0.3,3.5,9.23
002491,通鼎互联,23.33,24.06,24.7,1467993.0,23.36,139.0,-0.73,-3.03,25.13
002492,恒基达鑫,5.8,5.77,5.84,64867.0,5.82,596.0,0.03,0.52,5.89
002493,荣盛石化,11.38,10.75,10.52,756949.0,11.41,1004.0,0.63,5.86,11.48
002494,华斯股份,5.03,5.0,5.03,91832.0,5.06,27.0,0.03,0.6,5.12
002495,佳隆股份,2.34,2.3,2.32,160663.0,2.36,10995.0,0.04,1.74,2.36
002497,雅化集团,23.07,22.55,22.6,508479.0,23.09,139.0,0.52,2.31,23.63
002498,汉缆股份,7.23,7.21,7.41,537299.0,7.25,1275.0,0.02,0.28,7.43
002500,山西证券,5.16,4.94,4.95,399489.0,5.18,3993.0,0.22,4.45,5.16
002506,协鑫集成,3.18,3.17,3.19,2060478.0,3.2,10986.0,0.01,0.32,3.28
002507,涪陵榨菜,11.75,11.69,11.65,72774.0,11.78,610.0,0.06,0.51,11.79
002508,老板电器,16.3,16.41,16.4,89448.0,16.32,37.0,-0.11,-0.67,16.49
002510,天汽模,6.26,6.19,6.26,170160.0,6.28,268.0,0.07,1.13,6.42
002511,中顺洁柔,6.93,6.76,6.8,104798.0,6.96,623.0,0.17,2.51,6.99
002513,蓝丰生化,5.56,5.5,5.6,166736.0,5.59,95.0,0.06,1.09,5.69
002515,金字火腿,7.59,7.53,7.73,613770.0,7.61,482.0,0.06,0.8,7.83
002516,旷达科技,5.88,5.92,6.01,290092.0,5.91,90.0,-0.04,-0.68,6.11
002517,恺英网络,14.72,14.18,14.36,631524.0,14.75,956.0,0.54,3.81,14.9
002518,科士达,45.57,45.56,46.06,105824.0,45.6,5.0,0.01,0.02,47.2
002519,银河电子,6.33,6.23,6.3,322480.0,6.35,880.0,0.1,1.61,6.49
002520,日发精机,6.41,6.45,6.59,421543.0,6.43,752.0,-0.04,-0.62,6.72
002521,齐峰新材,7.1,6.91,6.92,56109.0,7.13,617.0,0.19,2.75,7.16
002522,浙江众成,6.83,6.96,7.06,498348.0,6.86,211.0,-0.13,-1.87,7.27
002523,天桥起重,3.29,3.27,3.3,169766.0,3.32,2618.0,0.02,0.61,3.34
002524,光正眼科,3.64,3.59,3.62,96050.0,3.66,933.0,0.05,1.39,3.68
002526,山东矿机,2.93,2.88,2.9,153034.0,2.95,16869.0,0.05,1.74,2.95
002527,新时达,13.48,13.93,14.2,270593.0,13.51,143.0,-0.45,-3.23,14.24
002530,金财互联,7.69,7.63,7.7,147082.0,7.72,635.0,0.06,0.79,7.8
002531,天顺风能,9.5,9.7,9.99,397089.0,9.52,436.0,-0.2,-2.06,9.99
002532,天山铝业,13.78,13.41,13.65,1394325.0,13.81,1117.0,0.37,2.76,14.13
002533,金杯电工,11.16,10.84,11.01,102455.0,11.19,209.0,0.32,2.95,11.26
002534,西子洁能,20.13,19.25,19.36,170418.0,20.15,24.0,0.88,4.57,20.25
002535,林州重机,2.5,2.45,2.48,167528.0,2.52,3512.0,0.05,2.04,2.52
002536,飞龙股份,41.5,40.46,41.14,268603.0,41.53,95.0,1.04,2.57,42.78
002537,海联金汇,5.96,5.77,5.81,219398.0,5.98,870.0,0.19,3.29,6.08
002539,云图控股,12.11,11.89,11.89,188026.0,12.14,195.0,0.22,1.85,12.48
002540,亚太科技,5.16,5.06,5.13,113022.0,5.18,1608.0,0.1,1.98,5.23
002541,鸿路钢构,17.04,16.86,17.18,92529.0,17.08,32.0,0.18,1.07,17.63
002543,万和电气,6.88,6.79,6.86,35866.0,6.91,8.0,0.09,1.33,6.97
002544,普天科技,19.86,19.48,19.75,134398.0,19.89,51.0,0.38,1.95,20.2
002545,东方铁塔,20.13,19.41,19.47,387117.0,20.15,107.0,0.72,3.71,20.77
002546,新联电子,6.65,6.53,6.67,127584.0,6.68,750.0,0.12,1.84,6.73
002548,金新农,3.99,3.98,4.0,244510.0,4.02,2432.0,0.01,0.25,4.06
002549,凯美特气,17.07,18.15,18.0,652253.0,17.09,18.0,-1.08,-5.95,18.35
002550,千红制药,5.92,5.84,5.83,92304.0,5.94,988.0,0.08,1.37,5.95
002551,尚荣医疗,2.98,2.92,2.95,110913.0,3.0,3385.0,0.06,2.05,3.0
002552,宝鼎科技,58.71,53.37,55.8,125479.0,0.0,0.0,5.34,10.01,58.71
002553,南方精工,18.54,18.18,18.34,86175.0,18.56,88.0,0.36,1.98,19.08
002554,惠博普,3.16,3.12,3.1,265924.0,3.18,14910.0,0.04,1.28,3.19
002555,三七互娱,17.83,17.61,17.81,392303.0,17.85,167.0,0.22,1.25,18.12
002556,辉隆股份,5.18,5.11,5.1,130782.0,5.21,1154.0,0.07,1.37,5.24
002557,洽洽食品,21.08,21.45,21.43,93313.0,21.11,60.0,-0.37,-1.72,21.64
002558,巨人网络,24.2,23.65,23.96,584724.0,24.22,85.0,0.55,2.33,24.73
002559,亚威股份,9.43,9.98,10.18,492452.0,9.45,48.0,-0.55,-5.51,10.38
002560,通达股份,8.22,8.07,8.21,294501.0,8.24,279.0,0.15,1.86,8.38
002561,徐家汇,6.96,6.89,6.89,32323.0,6.99,193.0,0.07,1.02,7.03
002562,兄弟科技,4.81,4.73,4.78,184122.0,4.84,553.0,0.08,1.69,4.88
002563,森马服饰,5.47,5.55,5.54,242009.0,5.49,281.0,-0.08,-1.44,5.56
002564,天沃科技,4.84,4.78,4.86,100876.0,4.86,102.0,0.06,1.26,4.92
002565,顺灏股份,13.96,13.67,13.91,598000.0,13.98,203.0,0.29,2.12,14.38
002566,益盛药业,6.81,6.7,6.75,42506.0,6.83,62.0,0.11,1.64,6.91
002567,唐人神,3.43,3.37,3.37,169646.0,3.45,6899.0,0.06,1.78,3.44
002568,百润股份,19.96,19.79,19.5,187947.0,19.99,45.0,0.17,0.86,20.1
002570,贝因美,4.82,4.76,4.78,374965.0,4.85,1913.0,0.06,1.26,4.93
002571,德力股份,11.67,11.89,12.01,71250.0,11.7,517.0,-0.22,-1.85,12.01
002572,索菲亚,8.54,8.47,8.5,66304.0,8.57,49.0,0.07,0.83,8.65
002573,清新环境,3.25,3.2,3.22,66649.0,3.28,2455.0,0.05,1.56,3.28
002574,明牌珠宝,4.72,4.63,4.65,56513.0,4.75,430.0,0.09,1.94,4.77
002575,群兴玩具,5.95,5.92,6.09,332204.0,5.97,162.0,0.03,0.51,6.09
002576,通达动力,15.89,15.8,16.07,30287.0,15.91,6.0,0.09,0.57,16.22
002577,雷柏科技,18.2,18.25,18.38,29403.0,18.23,12.0,-0.05,-0.27,18.65
002578,闽发铝业,3.65,3.55,3.56,358462.0,3.67,4423.0,0.1,2.82,3.75
002579,中京电子,15.2,15.29,15.65,1079630.0,15.22,128.0,-0.09,-0.59,16.53
002580,圣阳股份,20.73,20.48,20.7,389385.0,20.75,168.0,0.25,1.22,21.24
002582,好想你,9.42,9.32,9.32,106251.0,9.44,249.0,0.1,1.07,9.48
002583,海能达,9.64,9.28,9.28,662995.0,9.66,914.0,0.36,3.88,10.18
002584,西陇科学,7.9,8.22,8.21,422147.0,7.93,199.0,-0.32,-3.89,8.24
002585,双星新材,11.61,12.42,12.42,1813121.0,11.63,261.0,-0.81,-6.52,12.79
002587,奥拓电子,6.64,6.84,7.01,298429.0,6.66,58.0,-0.2,-2.92,7.09
002588,史丹利,8.73,8.56,8.6,149684.0,8.75,138.0,0.17,1.99,8.9
002589,瑞康医药,2.71,2.64,2.67,222780.0,2.73,8944.0,0.07,2.65,2.73
002590,万安科技,10.97,10.83,11.15,71161.0,11.0,244.0,0.14,1.29,11.16
002591,恒大高新,7.2,7.13,7.26,80457.0,7.22,22.0,0.07,0.98,7.35
002593,日上集团,4.42,4.33,4.37,119765.0,4.45,856.0,0.09,2.08,4.47
002594,比亚迪,91.49,89.8,89.9,308688.0,91.52,91.0,1.69,1.88,91.5
002595,豪迈科技,49.7,50.02,50.8,62961.0,49.72,4.0,-0.32,-0.64,51.13
002596,海南瑞泽,3.68,3.6,3.63,186118.0,3.7,7751.0,0.08,2.22,3.71
002597,金禾实业,22.24,20.22,20.61,201139.0,0.0,0.0,2.02,9.99,22.24
002599,盛通股份,5.87,5.81,5.87,77203.0,5.9,306.0,0.06,1.03,5.93
002600,领益智造,14.23,13.63,13.91,1972924.0,14.26,1819.0,0.6,4.4,14.43
002601,龙佰集团,14.87,14.41,14.53,443552.0,14.9,616.0,0.46,3.19,14.97
002602,世纪华通,14.87,14.78,14.98,3702523.0,14.91,1208.0,0.09,0.61,15.35
002603,以岭药业,15.66,15.23,15.25,114501.0,15.68,235.0,0.43,2.82,15.73
002605,姚记科技,18.5,18.13,18.25,50975.0,18.53,87.0,0.37,2.04,18.56
002606,大连电瓷,13.1,13.24,13.5,192525.0,13.13,33.0,-0.14,-1.06,13.58
002607,中公教育,2.09,2.07,2.08,1559600.0,2.12,45403.0,0.02,0.97,2.12
002608,江苏国信,8.76,8.74,8.78,555678.0,8.79,264.0,0.02,0.23,8.94
002609,捷顺科技,7.39,7.31,7.39,43932.0,7.42,243.0,0.08,1.09,7.48
002611,东方精工,18.72,17.02,17.25,719390.0,0.0,0.0,1.7,9.99,18.72
002612,朗姿股份,12.11,11.86,11.93,36629.0,12.15,51.0,0.25,2.11,12.22
002613,北玻股份,4.35,4.81,4.73,1455880.0,4.38,1061.0,-0.46,-9.56,4.98
002614,奥佳华,4.88,4.83,4.85,63257.0,4.91,564.0,0.05,1.04,4.92
002615,哈尔斯,7.94,8.02,8.03,101023.0,7.97,37.0,-0.08,-1.0,8.28
002616,长青集团,4.93,4.84,4.89,157938.0,4.96,142.0,0.09,1.86,5.01
002617,露笑科技,8.52,8.13,8.29,3073109.0,8.55,1836.0,0.39,4.8,8.94
002622,皓宸医疗,2.35,2.33,2.37,163056.0,2.37,4045.0,0.02,0.86,2.4
002623,亚玛顿,17.35,17.39,17.39,31535.0,17.38,2.0,-0.04,-0.23,17.78
002624,完美世界,13.09,13.21,13.47,776922.0,13.12,431.0,-0.12,-0.91,13.65
002625,光启技术,38.94,36.45,37.39,427030.0,38.96,219.0,2.49,6.83,39.41
002626,金达威,14.2,14.02,14.1,26009.0,14.23,303.0,0.18,1.28,14.26
002627,三峡旅游,6.49,6.2,6.23,164148.0,6.51,64.0,0.29,4.68,6.57
002628,成都路桥,4.91,4.9,4.95,230986.0,4.93,228.0,0.01,0.2,5.28
002629,仁智股份,4.97,4.89,4.97,152670.0,4.99,1209.0,0.08,1.64,5.02
002631,德尔未来,7.72,7.75,7.82,233506.0,7.75,122.0,-0.03,-0.39,7.93
002632,道明光学,9.69,9.69,9.8,107017.0,9.71,35.0,0.0,0.0,9.99
002633,申科股份,16.72,16.58,16.74,15916.0,16.74,7.0,0.14,0.84,17.27
002635,安洁科技,15.85,16.27,16.66,288647.0,15.87,150.0,-0.42,-2.58,17.15
002636,金安国纪,88.73,84.8,89.99,721855.0,88.76,6.0,3.93,4.63,93.28
002637,赞宇科技,12.68,11.53,11.53,275027.0,0.0,0.0,1.15,9.97,12.68
002638,勤上股份,4.07,4.16,4.22,200077.0,4.09,1364.0,-0.09,-2.16,4.23
002639,雪人集团,14.22,14.31,14.48,296429.0,14.24,242.0,-0.09,-0.63,14.5
002640,跨境通,3.5,3.38,3.47,646535.0,3.52,3673.0,0.12,3.55,3.56
002641,公元股份,4.29,4.2,4.24,155876.0,4.31,1079.0,0.09,2.14,4.34
002642,荣联科技,6.92,6.88,7.01,98553.0,6.95,489.0,0.04,0.58,7.04
002643,万润股份,14.89,15.46,15.6,389391.0,14.91,94.0,-0.57,-3.69,16.03
002644,佛慈制药,7.53,7.37,7.44,39002.0,7.56,140.0,0.16,2.17,7.57
002645,华宏科技,29.42,30.59,30.6,662084.0,29.45,140.0,-1.17,-3.82,31.62
002646,天佑德酒,6.9,6.81,6.85,62950.0,6.93,204.0,0.09,1.32,6.94
002647,仁东控股,11.75,11.71,11.72,164815.0,11.78,253.0,0.04,0.34,12.04
002648,卫星化学,24.13,23.06,23.3,698793.0,24.16,194.0,1.07,4.64,24.47
002649,博彦科技,8.87,8.7,8.8,98434.0,8.89,340.0,0.17,1.95,8.95
002651,利君股份,8.14,7.83,7.86,107205.0,8.16,1156.0,0.31,3.96,8.21
002652,扬子新材,4.78,4.63,4.76,197462.0,4.8,815.0,0.15,3.24,4.9
002653,海思科,50.48,49.21,49.99,43177.0,50.52,11.0,1.27,2.58,50.8
002654,万润科技,16.4,16.16,17.38,1308591.0,16.42,383.0,0.24,1.49,17.76
002655,共达电声,33.68,33.9,34.6,183598.0,33.7,22.0,-0.22,-0.65,35.48
002657,中科金财,21.34,20.35,20.4,364237.0,21.37,89.0,0.99,4.86,21.78
002658,雪迪龙,8.28,8.33,8.34,149610.0,8.3,10.0,-0.05,-0.6,8.5
002659,凯文教育,4.15,4.09,4.13,85647.0,4.18,843.0,0.06,1.47,4.21
002660,茂硕电源,7.22,7.18,7.27,60077.0,7.24,60.0,0.04,0.56,7.38
002661,克明食品,7.9,7.7,7.7,35204.0,7.93,977.0,0.2,2.6,7.97
002662,峰璟股份,3.31,3.18,3.21,161317.0,3.33,2324.0,0.13,4.09,3.37
002663,普邦股份,1.68,1.66,1.68,428156.0,1.71,11198.0,0.02,1.2,1.72
002664,信质集团,17.72,17.4,17.72,48407.0,17.74,27.0,0.32,1.84,18.23
002666,德联集团,4.35,4.28,4.3,98630.0,4.38,1273.0,0.07,1.64,4.41
002668,TCL智家,9.6,9.47,9.39,183913.0,9.63,62.0,0.13,1.37,9.68
002669,康达新材,15.5,17.22,16.6,624863.0,15.52,96.0,-1.72,-9.99,16.88
002670,国盛证券,11.51,11.16,11.19,300537.0,11.53,399.0,0.35,3.14,11.57
002671,龙泉股份,4.12,4.08,4.12,86847.0,4.15,975.0,0.04,0.98,4.19
002672,东江环保,3.59,3.53,3.55,115305.0,3.61,232.0,0.06,1.7,3.66
002673,西部证券,6.46,6.22,6.25,414412.0,6.49,4778.0,0.24,3.86,6.49
002674,兴业科技,15.91,15.81,15.83,92814.0,15.93,3.0,0.1,0.63,16.4
002675,东诚药业,12.43,12.31,12.32,54539.0,12.46,19.0,0.12,0.97,12.54
002676,顺威股份,5.63,5.55,5.66,126323.0,5.65,1013.0,0.08,1.44,5.69
002677,浙江美大,6.71,6.67,6.68,49661.0,6.74,41.0,0.04,0.6,6.72
002678,珠江钢琴,5.49,5.36,5.36,179292.0,5.51,308.0,0.13,2.43,5.75
002679,福建金森,8.88,8.74,8.78,21941.0,8.9,178.0,0.14,1.6,8.96
002681,奋达科技,4.8,4.84,4.93,492189.0,4.83,514.0,-0.04,-0.83,5.1
002682,龙洲股份,4.8,4.73,4.78,125318.0,4.83,427.0,0.07,1.48,4.88
002683,广东宏大,30.24,29.63,29.98,84873.0,30.26,3.0,0.61,2.06,30.79
002685,华东重机,6.62,6.54,6.63,236282.0,6.64,70.0,0.08,1.22,6.8
002686,亿利达,5.89,5.86,5.88,61271.0,5.91,241.0,0.03,0.51,5.98
002687,乔治白,4.21,4.18,4.2,69634.0,4.24,184.0,0.03,0.72,4.26
002688,金河生物,4.98,4.88,4.95,87606.0,5.0,131.0,0.1,2.05,5.05
002690,美亚光电,14.42,14.19,14.37,50014.0,14.44,79.0,0.23,1.62,14.51
002692,远程股份,4.16,4.11,4.15,134098.0,4.18,1053.0,0.05,1.22,4.24
002693,双成药业,9.11,9.0,9.17,93168.0,9.13,127.0,0.11,1.22,9.3
002695,煌上煌,11.68,11.65,11.73,50090.0,11.7,126.0,0.03,0.26,11.89
002696,百洋股份,5.47,5.41,5.47,74045.0,5.49,225.0,0.06,1.11,5.52
002697,红旗连锁,4.56,4.46,4.48,142682.0,4.59,2132.0,0.1,2.24,4.58
002698,博实股份,11.25,11.51,11.72,184080.0,11.28,142.0,-0.26,-2.26,11.77
002700,万憬能源,8.55,8.42,8.46,141249.0,8.58,44.0,0.13,1.54,8.92
002701,奥瑞金,4.58,4.49,4.53,263780.0,4.6,3489.0,0.09,2.0,4.59
002702,海欣食品,5.09,5.0,5.02,122439.0,5.11,172.0,0.09,1.8,5.15
002703,浙江世宝,15.43,15.32,15.57,195139.0,15.46,20.0,0.11,0.72,15.74
002705,新宝股份,11.91,11.95,12.05,75649.0,11.93,130.0,-0.04,-0.33,12.05
002706,良信股份,11.37,11.49,11.64,295496.0,11.4,12.0,-0.12,-1.04,11.87
002707,众信旅游,5.46,5.29,5.37,196214.0,5.49,404.0,0.17,3.21,5.59
002708,光洋股份,13.14,13.79,13.99,303356.0,13.16,102.0,-0.65,-4.71,14.4
002709,天赐材料,49.64,48.46,48.6,1078586.0,49.66,80.0,1.18,2.43,50.61
002712,思美传媒,4.75,4.69,4.74,107369.0,4.78,300.0,0.06,1.28,4.8
002714,牧原股份,34.92,34.16,34.22,509901.0,34.94,868.0,0.76,2.22,35.15
002715,登云股份,14.51,14.41,14.55,25390.0,14.6,12.0,0.1,0.69,14.83
002716,湖南白银,9.05,8.68,8.9,1617661.0,9.07,491.0,0.37,4.26,9.42
002718,友邦吊顶,100.77,97.58,97.88,22933.0,101.0,1.0,3.19,3.27,105.0
002721,金一文化,2.43,2.36,2.41,350537.0,2.45,13499.0,0.07,2.97,2.46
002722,物产金轮,12.77,12.62,12.92,23885.0,12.79,27.0,0.15,1.19,12.96
002723,小崧股份,8.2,8.24,8.24,66768.0,8.22,163.0,-0.04,-0.49,8.31
002724,海洋王,5.15,5.16,5.16,78576.0,5.17,804.0,-0.01,-0.19,5.27
002725,跃岭股份,12.98,12.85,13.01,80053.0,13.01,17.0,0.13,1.01,13.48
002727,一心堂,11.17,10.83,10.89,58820.0,11.19,62.0,0.34,3.14,11.24
002728,特一药业,8.3,8.18,8.26,69173.0,8.32,132.0,0.12,1.47,8.37
002729,好利科技,17.03,16.71,17.23,64892.0,17.07,768.0,0.32,1.92,17.77
002730,电光科技,28.31,28.49,29.06,113608.0,28.33,22.0,-0.18,-0.63,31.0
002732,燕塘乳业,13.98,13.8,13.89,13459.0,14.0,18.0,0.18,1.3,14.1
002733,雄韬股份,34.53,31.39,31.7,177318.0,0.0,0.0,3.14,10.0,34.53
002734,利民股份,15.2,15.25,15.33,107749.0,15.22,145.0,-0.05,-0.33,15.45
002735,王子新材,18.8,19.4,18.91,640128.0,18.82,86.0,-0.6,-3.09,19.33
002736,国信证券,10.26,10.03,10.03,420088.0,10.28,6089.0,0.23,2.29,10.32
002737,葵花药业,12.39,12.16,12.2,56064.0,12.42,89.0,0.23,1.89,12.45
002738,中矿资源,61.45,58.75,59.0,443004.0,61.49,57.0,2.7,4.6,63.14
002739,儒意电影,8.3,8.19,8.23,350986.0,8.32,354.0,0.11,1.34,8.38
002741,光华科技,29.4,27.63,28.15,667924.0,29.45,2.0,1.77,6.41,30.39
002742,冀衡医药,4.17,3.79,3.99,45150.0,0.0,0.0,0.38,10.03,4.17
002743,富煌钢构,4.46,4.4,4.49,49711.0,4.49,79.0,0.06,1.36,4.53
002745,木林森,9.33,9.23,9.51,573910.0,9.35,389.0,0.1,1.08,9.8
002746,仙坛股份,5.48,5.42,5.42,232383.0,5.5,389.0,0.06,1.11,5.54
002747,埃斯顿,32.21,33.35,33.74,1026402.0,32.25,30.0,-1.14,-3.42,35.68
002748,世龙实业,11.11,10.61,10.62,71529.0,11.13,1.0,0.5,4.71,11.28
002749,国光股份,8.87,8.59,8.62,20184.0,8.9,458.0,0.28,3.26,8.93
002752,昇兴股份,6.19,5.96,6.05,141705.0,6.21,185.0,0.23,3.86,6.31
002753,永东股份,6.45,6.31,6.36,55558.0,6.47,274.0,0.14,2.22,6.51
002755,奥赛康,13.14,12.71,12.8,108491.0,13.17,135.0,0.43,3.38,13.24
002756,永兴材料,65.82,62.83,63.5,244569.0,65.85,19.0,2.99,4.76,67.02
002757,南兴股份,19.95,20.82,20.62,398610.0,19.97,8.0,-0.87,-4.18,21.06
002758,浙农股份,8.15,7.9,7.99,85063.0,8.17,340.0,0.25,3.16,8.18
002759,天际股份,26.73,26.88,26.88,452162.0,26.75,311.0,-0.15,-0.56,27.6
002760,凤形股份,17.85,17.8,17.91,37808.0,18.01,23.0,0.05,0.28,18.39
002761,浙江建投,7.28,7.13,7.16,78853.0,7.3,532.0,0.15,2.1,7.35
002763,汇洁股份,7.61,7.57,7.6,41007.0,7.63,162.0,0.04,0.53,7.65
002765,蓝黛科技,7.82,7.64,7.8,97654.0,7.84,105.0,0.18,2.36,7.97
002766,索菱股份,3.99,4.01,4.09,144961.0,4.02,2071.0,-0.02,-0.5,4.11
002767,先锋电子,18.36,18.0,18.19,32412.0,18.39,30.0,0.36,2.0,18.66
002768,国恩股份,68.41,66.99,67.0,66637.0,68.47,11.0,1.42,2.12,70.15
002769,普路通,7.57,7.7,7.77,126118.0,7.59,17.0,-0.13,-1.69,7.92
002771,真视通,14.62,15.17,15.45,107050.0,14.64,15.0,-0.55,-3.63,15.52
002772,众兴菌业,12.87,12.74,12.82,63594.0,12.89,5.0,0.13,1.02,12.97
002773,康弘药业,20.34,19.91,19.9,72952.0,20.37,33.0,0.43,2.16,20.56
002774,快意电梯,10.88,10.78,11.0,40012.0,10.92,59.0,0.1,0.93,11.17
002775,文科股份,3.81,3.78,3.84,88521.0,3.83,1160.0,0.03,0.79,3.86
002777,久远银海,13.4,13.23,13.36,44938.0,13.43,12.0,0.17,1.28,13.58
002778,中晟高科,17.26,16.87,17.17,13870.0,17.3,110.0,0.39,2.31,17.5
002779,中坚科技,82.4,83.71,84.01,38748.0,82.53,2.0,-1.31,-1.56,84.5
002780,三夫户外,13.72,13.13,13.24,50726.0,13.76,3.0,0.59,4.49,14.05
002782,可立克,22.2,22.52,23.15,126621.0,22.22,16.0,-0.32,-1.42,24.26
002783,凯龙股份,7.47,7.24,7.37,107857.0,7.49,223.0,0.23,3.18,7.75
002785,万里石,39.86,39.2,39.5,101432.0,39.89,6.0,0.66,1.68,41.77
002786,银宝山新,8.11,8.32,8.45,159118.0,8.13,189.0,-0.21,-2.52,8.61
002787,华源控股,25.42,26.1,26.79,168449.0,25.45,73.0,-0.68,-2.61,27.5
002788,鹭燕医药,11.19,11.06,11.1,96000.0,11.22,38.0,0.13,1.18,11.32
002790,瑞尔特,6.06,6.02,6.02,36932.0,6.08,246.0,0.04,0.66,6.1
002791,坚朗五金,14.61,14.39,14.51,34389.0,14.63,22.0,0.22,1.53,14.74
002792,通宇通讯,37.54,37.95,38.33,212069.0,37.56,10.0,-0.41,-1.08,38.97
002793,罗欣药业,4.18,4.08,4.09,171867.0,4.21,1251.0,0.1,2.45,4.25
002795,永和智控,7.31,7.55,7.58,217941.0,7.33,86.0,-0.24,-3.18,7.82
002796,世嘉科技,39.12,40.03,40.86,81628.0,39.18,2.0,-0.91,-2.27,41.18
002797,第一创业,6.37,6.15,6.2,879056.0,6.39,5867.0,0.22,3.58,6.38
002798,帝欧水华,6.36,6.2,6.31,418827.0,6.38,20.0,0.16,2.58,6.82
002799,环球印务,6.95,6.91,6.92,47789.0,6.98,384.0,0.04,0.58,7.05
002800,天顺股份,14.86,14.57,14.85,27740.0,14.88,3.0,0.29,1.99,15.1
002801,微光股份,30.47,28.88,29.2,30971.0,30.52,10.0,1.59,5.51,31.21
002802,洪汇新材,12.05,11.83,12.19,33707.0,12.08,47.0,0.22,1.86,12.2
002803,吉宏股份,21.57,21.07,21.48,80783.0,21.59,7.0,0.5,2.37,22.17
002805,丰元股份,21.32,20.38,20.53,245040.0,21.34,26.0,0.94,4.61,22.2
002806,华锋股份,17.23,17.86,18.18,187009.0,17.25,77.0,-0.63,-3.53,18.19
002807,江阴银行,4.07,4.07,4.05,498058.0,4.1,26216.0,0.0,0.0,4.1
002809,红墙股份,8.45,9.01,8.55,240532.0,8.47,34.0,-0.56,-6.22,8.74
002810,山东赫达,23.14,22.13,22.27,96630.0,23.17,88.0,1.01,4.56,23.45
002811,郑中设计,12.24,12.12,12.2,58653.0,12.28,7.0,0.12,0.99,12.44
002812,恩捷股份,67.54,61.4,62.0,441996.0,0.0,0.0,6.14,10.0,67.54
002813,路畅科技,20.88,20.8,21.0,9033.0,20.9,18.0,0.08,0.38,21.43
002815,崇达技术,17.14,17.73,18.0,908524.0,17.16,127.0,-0.59,-3.33,18.83
002817,黄山胶囊,6.45,6.45,6.44,47244.0,6.48,120.0,0.0,0.0,6.54
002818,富森美,11.15,10.84,10.92,40087.0,11.18,222.0,0.31,2.86,11.18
002819,东方中科,21.18,20.93,21.25,16073.0,21.21,10.0,0.25,1.19,21.53
002820,桂发祥,9.43,9.3,9.36,37300.0,9.47,12.0,0.13,1.4,9.58
002821,凯莱英,116.76,113.61,113.5,49425.0,116.93,1.0,3.15,2.77,117.5
002823,凯中精密,16.69,17.28,17.39,171785.0,16.73,15.0,-0.59,-3.41,17.62
002824,和胜股份,29.16,28.86,30.0,335692.0,29.2,1076.0,0.3,1.04,31.11
002825,纳尔股份,9.41,9.26,9.5,21263.0,9.44,15.0,0.15,1.62,9.54
002826,易明医药,15.3,15.01,15.2,29820.0,15.32,20.0,0.29,1.93,15.43
002827,高争民爆,25.83,25.39,25.4,25830.0,25.86,71.0,0.44,1.73,26.1
002828,贝肯能源,9.06,8.98,8.83,108155.0,9.09,38.0,0.08,0.89,9.22
002829,星网宇达,19.74,18.91,19.3,104139.0,19.75,45.0,0.83,4.39,20.32
002830,名雕股份,16.76,15.24,15.45,59062.0,0.0,0.0,1.52,9.97,16.76
002831,裕同科技,29.91,30.42,30.46,204469.0,29.94,1.0,-0.51,-1.68,30.5
002832,比音勒芬,21.11,20.39,20.37,160276.0,21.13,20.0,0.72,3.53,21.46
002833,弘亚数控,17.45,17.43,17.72,50414.0,17.48,21.0,0.02,0.11,17.72
002835,同为股份,12.67,12.54,12.73,21433.0,12.69,10.0,0.13,1.04,12.84
002836,新宏泽,10.72,10.35,10.49,21362.0,10.73,31.0,0.37,3.57,10.79
002837,英维克,68.45,67.14,68.5,461681.0,68.48,194.0,1.31,1.95,70.0
002838,道恩股份,32.74,32.67,32.89,54904.0,32.77,6.0,0.07,0.21,34.03
002839,张家港行,4.29,4.26,4.25,203911.0,4.31,3838.0,0.03,0.7,4.3
002840,华统股份,7.99,8.05,8.03,165976.0,8.02,228.0,-0.06,-0.75,8.13
002841,视源股份,33.53,33.2,33.53,48529.0,33.57,40.0,0.33,0.99,33.86
002842,翔鹭钨业,40.88,39.34,41.59,1059746.0,40.91,18.0,1.54,3.91,43.27
002843,泰嘉股份,21.35,21.27,21.51,162600.0,21.37,11.0,0.08,0.38,21.95
002845,同兴达,14.32,15.28,15.69,238297.0,14.34,15.0,-0.96,-6.28,15.88
002846,英联股份,11.89,11.36,11.45,68200.0,11.91,64.0,0.53,4.67,12.05
002847,盐津铺子,54.44,53.55,53.13,22628.0,54.47,23.0,0.89,1.66,54.8
002848,高斯贝尔,12.7,12.9,13.1,72883.0,12.73,30.0,-0.2,-1.55,13.33
002849,威星智能,16.42,15.78,15.87,60894.0,16.44,27.0,0.64,4.06,16.59
002850,科达利,188.02,190.39,190.45,52573.0,188.16,2.0,-2.37,-1.24,192.8
002851,麦格米特,136.86,139.41,144.0,247077.0,136.92,2.0,-2.55,-1.83,144.61
002852,道道全,7.72,7.6,7.64,33091.0,7.75,141.0,0.12,1.58,7.8
002853,皮阿诺,22.82,23.1,23.15,11319.0,22.87,11.0,-0.28,-1.21,23.44
002855,捷荣技术,10.47,10.49,10.7,33319.0,10.48,1.0,-0.02,-0.19,10.86
002857,三晖电气,17.5,16.64,17.0,55795.0,17.55,43.0,0.86,5.17,18.11
002858,力盛体育,11.9,11.96,12.03,52547.0,11.95,9.0,-0.06,-0.5,12.03
002859,洁美科技,75.38,78.01,80.4,255322.0,75.4,9.0,-2.63,-3.37,80.99
002860,星帅尔,12.91,13.33,13.57,105755.0,12.93,10.0,-0.42,-3.15,13.88
002861,瀛通通讯,17.89,18.1,18.3,46407.0,17.92,26.0,-0.21,-1.16,18.59
002862,实丰文化,14.94,14.83,14.99,27120.0,14.97,9.0,0.11,0.74,15.15
002863,今飞凯达,4.77,4.73,4.77,84303.0,4.8,206.0,0.04,0.85,4.85
002864,盘龙药业,27.08,27.05,27.04,10776.0,27.14,50.0,0.03,0.11,27.35
002865,钧达股份,64.55,63.88,65.27,97465.0,64.58,15.0,0.67,1.05,67.11
002866,传艺科技,17.49,17.24,17.51,62188.0,17.51,28.0,0.25,1.45,17.79
002867,周大生,12.15,11.98,12.02,64374.0,12.18,43.0,0.17,1.42,12.23
002868,绿康生化,26.3,25.14,25.17,23545.0,26.37,5.0,1.16,4.61,27.3
002869,金溢科技,18.15,18.03,18.12,25093.0,18.18,53.0,0.12,0.67,18.48
002870,香山股份,40.16,39.95,40.18,49302.0,40.19,4.0,0.21,0.53,42.6
002871,伟隆股份,20.31,21.0,21.42,71505.0,20.35,2071.0,-0.69,-3.29,21.55
002873,新天药业,8.11,8.06,8.1,46019.0,8.13,73.0,0.05,0.62,8.19
002875,安奈儿,16.55,16.66,16.89,40110.0,16.79,25.0,-0.11,-0.66,17.39
002876,三利谱,29.74,30.52,30.7,75333.0,29.76,10.0,-0.78,-2.56,31.77
002877,智能自控,7.84,8.0,8.05,106501.0,7.87,20.0,-0.16,-2.0,8.14
002878,元隆雅图,13.61,14.43,14.4,136278.0,13.64,82.0,-0.82,-5.68,14.5
002879,长缆科技,14.49,14.33,14.46,35229.0,14.51,22.0,0.16,1.12,14.69
002880,卫光生物,22.17,21.93,22.09,8673.0,22.2,15.0,0.24,1.09,22.35
002881,美格智能,40.69,41.03,41.73,98283.0,40.72,38.0,-0.34,-0.83,42.6
002882,金龙羽,21.86,19.87,20.1,84978.0,0.0,0.0,1.99,10.02,21.86
002884,凌霄泵业,16.22,15.93,15.98,12245.0,16.24,67.0,0.29,1.82,16.26
002885,京泉华,37.7,38.52,39.72,89639.0,37.72,1.0,-0.82,-2.13,39.8
002886,沃特股份,27.35,27.8,28.36,111753.0,27.38,22.0,-0.45,-1.62,28.73
002887,绿茵生态,12.06,11.7,11.8,55674.0,12.08,282.0,0.36,3.08,12.69
002888,惠威科技,19.29,18.41,18.7,46410.0,19.33,32.0,0.88,4.78,19.72
002889,东方嘉盛,11.48,11.3,11.4,16102.0,11.5,33.0,0.18,1.59,11.55
002890,弘宇股份,15.18,14.71,15.0,18729.0,15.23,30.0,0.47,3.2,15.37
002891,中宠股份,28.91,27.25,27.3,101377.0,28.95,55.0,1.66,6.09,29.42
002892,科力尔,10.5,9.95,10.1,248102.0,10.52,135.0,0.55,5.53,10.95
002893,京能热力,10.12,9.89,10.0,96720.0,10.14,15.0,0.23,2.33,10.25
002895,川恒股份,31.57,31.2,30.8,137403.0,31.59,13.0,0.37,1.19,32.5
002896,中大力德,78.17,81.56,82.5,177156.0,78.26,21.0,-3.39,-4.16,83.33
002897,意华股份,79.93,80.14,81.8,128599.0,79.98,121.0,-0.21,-0.26,85.56
002899,英派斯,24.52,24.05,24.32,53095.0,24.62,11.0,0.47,1.95,25.23
002900,哈三联,9.9,9.78,9.88,25459.0,9.92,124.0,0.12,1.23,9.97
002901,大博医疗,42.14,41.3,41.39,14071.0,42.16,7.0,0.84,2.03,42.31
002902,铭普光磁,32.78,31.65,32.53,259326.0,32.81,32.0,1.13,3.57,34.2
002903,宇环数控,45.29,44.46,45.6,76018.0,45.32,3.0,0.83,1.87,47.38
002905,金逸影视,7.47,7.34,7.42,39651.0,7.49,2.0,0.13,1.77,7.56
002906,华阳集团,25.38,25.03,25.27,66196.0,25.42,23.0,0.35,1.4,25.73
002907,华森制药,11.85,11.69,11.69,16942.0,11.87,9.0,0.16,1.37,11.92
002908,德生科技,7.1,7.06,7.12,37052.0,7.12,193.0,0.04,0.57,7.23
002909,集泰股份,5.53,5.56,5.58,51519.0,5.55,143.0,-0.03,-0.54,5.66
002910,庄园牧场,10.12,9.75,9.83,77950.0,10.14,5.0,0.37,3.79,10.24
002911,佛燃能源,10.39,10.38,10.38,37349.0,10.41,12.0,0.01,0.1,10.48
002912,中新赛克,19.3,19.06,19.3,24944.0,19.32,49.0,0.24,1.26,19.72
002913,奥士康,55.87,55.01,57.5,83342.0,55.91,1.0,0.86,1.56,57.75
002915,中欣氟材,21.3,22.02,21.2,209038.0,21.33,22.0,-0.72,-3.27,21.94
002916,深南电路,381.83,376.16,390.91,93591.0,381.93,1.0,5.67,1.51,401.59
002917,金奥博,11.88,11.8,11.89,122675.0,11.9,516.0,0.08,0.68,12.08
002918,蒙娜丽莎,11.72,11.64,11.83,104431.0,11.74,49.0,0.08,0.69,12.0
002919,名臣健康,19.76,19.76,20.16,42152.0,19.82,2.0,0.0,0.0,20.26
002920,德赛西威,87.15,85.48,86.72,82481.0,87.18,15.0,1.67,1.95,89.1
002921,联诚精密,23.13,23.22,23.64,38553.0,23.16,2.0,-0.09,-0.39,23.95
002922,伊戈尔,33.61,34.1,34.79,172222.0,33.63,50.0,-0.49,-1.44,35.43
002923,润都股份,10.03,9.89,9.93,53881.0,10.05,112.0,0.14,1.42,10.13
002925,盈趣科技,20.88,21.08,21.21,109624.0,20.9,38.0,-0.2,-0.95,22.0
002926,华西证券,8.07,7.76,7.85,225835.0,8.1,2878.0,0.31,3.99,8.09
002927,泰永长征,20.17,18.34,19.5,50672.0,0.0,0.0,1.83,9.98,20.17
002928,华夏航空,6.98,6.56,6.99,524152.0,7.0,1142.0,0.42,6.4,7.11
002929,润建股份,58.68,58.27,59.12,150952.0,58.7,12.0,0.41,0.7,61.19
002930,宏川智慧,9.86,9.22,9.33,160884.0,9.88,193.0,0.64,6.94,10.09
002931,锋龙股份,64.46,64.88,65.8,140291.0,64.48,1.0,-0.42,-0.65,66.96
002933,新兴装备,28.38,27.84,28.26,18507.0,28.4,107.0,0.54,1.94,29.36
002935,天奥电子,22.2,20.18,20.5,107986.0,0.0,0.0,2.02,10.01,22.2
002936,郑州银行,1.77,1.75,1.76,737043.0,1.8,56937.0,0.02,1.14,1.78
002937,兴瑞科技,37.21,36.96,37.0,158373.0,37.25,214.0,0.25,0.68,39.91
002938,鹏鼎控股,102.47,105.5,108.11,353404.0,102.49,1.0,-3.03,-2.87,109.77
002939,长城证券,8.21,7.84,7.88,407665.0,8.23,578.0,0.37,4.72,8.32
002940,昂利康,27.67,27.5,28.0,113045.0,27.7,46.0,0.17,0.62,28.75
002941,新疆交建,10.96,10.7,10.83,83754.0,10.99,246.0,0.26,2.43,11.05
002942,新农股份,16.21,16.17,16.3,15664.0,16.26,10.0,0.04,0.25,16.36
002943,宇晶股份,50.13,50.2,51.6,68303.0,50.17,5.0,-0.07,-0.14,52.57
002945,华林证券,13.85,13.34,13.4,111970.0,13.87,255.0,0.51,3.82,13.97
002946,新乳业,16.57,16.09,16.11,36443.0,16.6,25.0,0.48,2.98,16.68
002947,恒铭达,84.8,84.1,85.99,63211.0,84.85,52.0,0.7,0.83,88.4
002948,青岛银行,5.98,5.89,5.84,333722.0,6.01,3138.0,0.09,1.53,5.99
002949,华阳国际,11.3,11.25,11.35,19216.0,11.37,5.0,0.05,0.44,11.52
002950,奥美医疗,9.09,9.01,9.08,69059.0,9.12,102.0,0.08,0.89,9.18
002951,金时科技,15.82,16.2,16.2,153355.0,15.85,19.0,-0.38,-2.35,16.47
002952,亚世光电,23.23,22.96,23.36,36933.0,23.29,1.0,0.27,1.18,23.73
002953,日丰股份,9.64,9.38,9.55,37500.0,9.67,157.0,0.26,2.77,9.75
002955,鸿合科技,32.2,30.73,30.43,138416.0,32.23,5.0,1.47,4.78,33.28
002956,西麦食品,21.89,21.28,21.47,35640.0,21.92,42.0,0.61,2.87,22.1
002957,科瑞技术,50.56,51.87,53.01,158288.0,50.59,3.0,-1.31,-2.53,54.2
002958,青农商行,2.95,2.94,2.94,734249.0,2.98,20371.0,0.01,0.34,2.97
002959,小熊电器,34.2,33.76,34.08,11791.0,34.23,10.0,0.44,1.3,34.28
002960,青鸟智控,8.93,8.84,8.92,290628.0,8.96,234.0,0.09,1.02,9.03
002961,瑞达期货,19.48,18.45,18.7,95261.0,19.51,16.0,1.03,5.58,20.08
002962,五方光电,17.3,19.22,18.28,180727.0,17.32,46.0,-1.92,-9.99,18.69
002963,豪尔赛,19.29,18.79,18.85,55263.0,19.31,7.0,0.5,2.66,19.6
002965,祥鑫科技,39.48,38.54,40.47,303511.0,39.5,76.0,0.94,2.44,41.99
002966,苏州银行,8.21,8.15,8.1,443935.0,8.23,1068.0,0.06,0.74,8.26
002967,广电计量,17.43,17.22,17.39,66768.0,17.45,93.0,0.21,1.22,17.66
002968,新大正,9.48,9.42,9.47,21648.0,9.51,26.0,0.06,0.64,9.61
002969,嘉美包装,16.39,14.9,15.15,586649.0,0.0,0.0,1.49,10.0,16.39
002970,锐明技术,62.73,63.92,65.5,40857.0,62.79,1.0,-1.19,-1.86,66.38
002971,和远气体,58.03,52.75,55.0,557522.0,0.0,0.0,5.28,10.01,58.03
002972,科安达,13.28,13.07,13.1,116618.0,13.31,12.0,0.21,1.61,13.58
002973,侨银股份,12.65,12.63,12.73,25081.0,12.68,70.0,0.02,0.16,13.02
002975,博杰股份,121.71,122.62,128.9,104455.0,121.74,18.0,-0.91,-0.74,129.9
002976,瑞玛精密,32.88,29.89,30.9,39272.0,0.0,0.0,2.99,10.0,32.88
002978,安宁股份,26.75,26.07,26.45,51006.0,26.79,10.0,0.68,2.61,27.35
002979,雷赛智能,50.15,51.11,51.68,111113.0,50.18,35.0,-0.96,-1.88,52.94
002980,华盛昌,107.67,116.81,119.16,123049.0,107.7,6.0,-9.14,-7.82,121.93
002981,朝阳科技,26.61,28.2,28.2,159604.0,26.65,5.0,-1.59,-5.64,29.4
002982,湘佳股份,13.2,13.26,13.26,106828.0,13.23,60.0,-0.06,-0.45,13.49
002983,芯瑞达,24.06,24.87,24.88,49373.0,24.09,9.0,-0.81,-3.26,25.35
002984,森麒麟,15.11,14.02,14.13,215286.0,15.14,62.0,1.09,7.77,15.39
002985,北摩高科,29.99,27.26,27.67,63176.0,0.0,0.0,2.73,10.01,29.99
002986,宇新股份,11.54,11.29,11.38,58814.0,11.57,13.0,0.25,2.21,11.7
002987,京北方,11.42,11.41,11.62,155896.0,11.45,100.0,0.01,0.09,11.66
002988,豪美新材,25.1,24.49,24.76,41629.0,25.13,6.0,0.61,2.49,25.52
002989,中天精装,26.86,27.06,27.7,53560.0,26.92,184.0,-0.2,-0.74,28.15
002990,盛视科技,44.85,43.27,43.41,51319.0,44.88,22.0,1.58,3.65,45.84
002991,甘源食品,43.39,42.45,42.3,6650.0,43.42,140.0,0.94,2.21,43.52
002992,宝明科技,42.1,40.61,41.09,18067.0,42.15,32.0,1.49,3.67,43.44
002993,奥海科技,64.62,64.82,65.16,70117.0,64.65,1.0,-0.2,-0.31,68.18
002995,天地在线,21.75,21.92,22.37,92137.0,21.78,47.0,-0.17,-0.78,22.4
002996,顺博合金,6.38,6.21,6.3,101715.0,6.41,188.0,0.17,2.74,6.48
002997,瑞鹄模具,29.38,26.71,27.0,67105.0,0.0,0.0,2.67,10.0,29.38
002998,优彩资源,7.36,7.29,7.42,56259.0,7.38,22.0,0.07,0.96,7.45
002999,天禾股份,6.01,5.95,5.98,64708.0,6.03,100.0,0.06,1.01,6.06
